43	22	150	190	190	47	128
103	103	168	200	187	103	130
66	132	189	123	16	139	132
48	75	99	72	56	99	120
78	35	94	70	35	129	162
60	26	120	120	178	26	60
100	136	59	54	179	44	136
132	158	33	61	195	158	158
173	179	173	173	147	179	179
132	149	132	24	68	110	132
121	42	42	114	71	125	55
30	110	26	30	91	30	183
172	82	103	99	167	49	99
162	84	84	34	84	34	34
15	82	47	82	164	120	124
169	84	51	120	169	32	182
51	51	112	112	34	51	112
130	130	113	69	130	145	36
98	98	57	117	117	117	155
158	84	84	131	158	84	158
162	162	178	168	54	54	178
163	18	26	163	26	26	163
69	51	40	51	40	51	40
80	125	46	48	175	37	133
74	99	53	164	147	134	141
41	193	86	34	86	35	86
58	10	58	76	10	58	10
84	124	97	80	53	40	53
126	126	59	191	126	61	146
102	124	40	147	163	185	172
29	24	88	126	126	29	29
60	91	45	91	81	81	81
53	106	82	96	49	49	49
44	53	157	24	181	24	24
130	192	192	192	98	152	43
161	154	49	52	49	38	49
66	161	66	100	49	100	49
156	156	140	115	140	156	140
151	151	115	151	125	115	115
42	104	104	166	104	166	166
79	119	103	135	135	135	115
154	117	117	34	130	177	189
68	9	9	135	167	68	68
26	92	34	187	29	150	60
36	36	133	137	69	136	143
137	137	81	81	81	123	137
111	32	62	75	113	58	43
172	99	103	39	126	48	189
182	101	101	15	92	75	104
106	20	99	20	20	52	51
138	131	133	135	168	176	160
103	180	64	150	180	58	168
105	124	73	73	32	31	73
85	137	85	115	137	22	115
131	154	150	122	63	52	131
150	17	104	149	17	59	86
10	152	49	164	28	120	81
30	84	155	142	99	14	124
166	53	66	170	166	39	129
34	24	70	165	92	24	87
68	32	68	72	181	127	68
33	155	178	37	155	37	33
73	59	73	73	74	74	74
95	85	186	190	64	95	107
139	139	139	167	140	94	19
8	76	30	30	30	36	36
19	70	19	93	33	93	70
108	124	108	152	100	78	161
125	106	51	125	125	192	43
195	106	117	13	113	13	13
28	64	60	196	28	28	133
171	171	171	134	90	90	90
199	127	78	183	127	141	127
79	158	189	73	125	15	51
25	46	109	78	116	150	182
101	190	83	120	126	89	120
156	17	146	156	146	146	156
97	97	52	135	135	92	92
145	51	70	53	77	69	142
56	98	56	108	56	108	108
19	91	79	170	91	94	91
154	108	148	159	154	154	148
36	140	36	27	143	129	79
41	27	89	27	89	106	41
74	49	132	174	64	91	132
81	81	30	81	56	152	126
179	121	193	96	191	121	121
103	128	158	46	128	103	46
30	40	117	69	112	114	72
144	157	21	42	145	87	21
126	88	26	126	170	40	132
13	97	171	18	18	119	97
40	138	176	180	142	138	142
111	101	69	67	111	69	67
144	153	144	125	145	125	145
184	19	158	166	195	184	184
108	139	139	139	36	130	130
22	57	142	142	57	7	142
91	91	151	170	138	138	170
95	57	95	92	78	78	92
132	146	165	190	158	165	165
34	91	120	120	34	120	34
146	146	44	46	158	51	158
73	115	145	145	73	145	73
148	92	148	184	184	148	184
179	152	38	97	165	172	70
121	189	77	31	189	183	122
180	44	91	11	142	166	142
122	112	131	131	112	112	131
181	144	165	178	34	144	144
127	31	127	31	31	123	127
63	36	151	63	74	36	74
100	57	100	57	100	67	57
171	30	30	126	171	171	30
145	128	128	77	105	77	128
143	147	63	147	87	157	28
166	58	59	190	91	91	142
37	135	22	180	190	37	166
145	145	119	145	185	63	26
159	169	50	169	23	155	26
130	118	98	118	190	118	18
111	53	53	181	53	127	129
126	132	150	122	126	126	160
100	138	138	30	100	30	99
180	167	79	84	173	89	159
113	113	94	53	53	112	112
121	23	46	77	44	59	70
115	188	115	115	123	186	115
83	120	133	168	120	120	133
112	71	71	112	61	156	156
154	25	162	154	154	25	25
77	131	136	136	136	51	197
170	170	66	66	170	95	66
148	102	136	136	175	136	142
35	134	173	21	175	173	173
44	171	177	177	178	177	10
57	117	30	114	185	117	158
103	134	184	172	111	148	172
57	47	86	189	10	79	125
90	185	90	150	19	170	90
84	22	37	159	141	57	59
137	137	137	130	110	136	200
118	153	194	175	177	153	153
49	105	140	112	55	105	148
41	28	122	75	75	41	28
142	95	176	20	66	10	176
81	128	94	117	94	128	117
43	133	133	104	43	68	104
118	97	97	155	108	155	118
53	134	161	47	161	115	74
184	63	187	57	19	135	75
32	127	69	32	32	75	75
87	80	80	80	78	144	186
151	172	28	136	169	166	93
83	83	140	140	83	140	157
88	71	121	68	151	71	12
170	184	184	126	126	184	126
121	84	92	124	100	34	84
74	113	90	27	13	113	139
128	128	128	54	76	136	11
122	66	78	32	185	118	94
160	149	139	15	15	12	150
154	51	174	51	174	154	72
17	21	157	186	157	157	170
32	55	55	32	20	55	32
103	52	103	96	96	96	42
69	16	64	13	142	118	174
141	80	181	60	144	42	118
171	75	54	54	75	171	126
157	157	43	133	133	157	133
76	66	18	161	188	67	101
53	53	104	46	69	123	53
165	34	101	185	29	34	103
109	55	55	109	55	88	121
91	14	62	173	91	91	162
145	145	59	145	159	159	159
170	76	43	131	131	71	46
67	16	13	16	13	111	16
116	13	16	190	27	13	177
56	122	64	64	122	64	89
17	167	167	24	116	181	167
144	144	127	176	42	144	194
71	112	78	97	34	97	45
69	118	33	35	64	49	109
154	154	126	126	154	126	180
84	180	49	84	175	35	17
109	120	120	81	155	86	13
69	51	68	68	30	51	69
84	160	98	160	84	72	28
104	16	41	33	128	17	188
67	143	27	152	67	67	54
123	77	123	112	43	43	77
81	81	95	42	120	95	42
32	75	32	75	75	78	32
135	178	162	82	80	147	176
82	149	56	56	190	56	109
97	130	33	103	97	22	14
66	155	112	37	187	50	26
140	126	126	126	114	66	155
19	175	165	19	19	179	134
130	56	96	130	98	98	56
32	55	138	86	138	55	55
135	48	147	24	109	109	89
86	94	15	86	94	168	168
196	165	189	165	165	30	171
103	43	84	139	174	174	136
154	140	154	98	154	50	140
108	38	143	38	159	149	38
130	185	133	43	12	43	28
79	136	79	79	118	118	118
34	34	144	34	190	190	190
169	48	169	169	124	73	98
60	96	60	13	111	53	31
108	108	31	31	111	31	108
50	118	184	103	50	167	36
185	24	141	141	141	185	185
118	31	118	79	12	37	188
70	148	112	66	31	31	44
35	35	35	165	43	165	165
103	128	9	128	70	9	9
102	102	114	22	84	22	114
15	15	90	70	63	151	60
102	27	105	105	105	155	32
140	33	33	146	146	33	67
54	54	54	153	72	72	72
72	138	179	72	138	55	55
67	184	67	137	31	27	174
149	182	110	149	182	149	182
126	51	24	151	186	151	115
154	178	154	154	82	177	81
188	37	37	37	149	188	188
164	34	31	34	164	164	34
119	16	186	111	163	17	46
180	24	25	154	43	61	180
48	108	30	169	82	55	140
77	129	21	94	94	129	21
15	82	82	66	66	66	82
168	139	114	97	187	168	78
107	112	157	44	20	23	65
95	42	95	88	178	88	39
172	19	124	155	172	172	168
16	29	16	10	16	59	116
61	61	131	135	131	61	131
113	116	113	123	123	123	113
47	10	130	38	47	47	130
125	96	155	125	153	96	155
163	13	33	13	13	163	163
73	169	22	129	169	111	135
36	36	66	66	184	36	66
130	148	10	110	157	156	157
35	19	75	159	11	138	34
86	180	185	100	181	13	152
108	34	88	108	34	108	34
22	96	75	127	118	71	125
183	79	108	113	118	79	71
77	86	40	86	96	135	83
88	122	41	29	23	173	98
72	80	179	72	150	72	43
44	29	166	166	58	58	29
91	178	70	113	178	178	86
53	40	77	35	77	77	40
73	66	113	113	63	113	75
104	46	140	104	107	140	107
50	62	133	179	111	50	171
99	156	32	57	57	34	65
15	107	129	140	91	129	184
72	72	108	65	72	65	65
35	75	172	172	75	58	35
73	177	27	102	172	151	17
169	20	119	191	156	156	156
127	99	59	99	99	142	34
129	27	28	28	43	28	138
10	102	108	177	177	177	117
19	19	30	154	30	154	138
80	82	26	86	26	99	26
39	162	111	130	162	35	162
102	102	176	176	126	102	176
128	30	67	91	108	119	80
178	85	74	16	123	110	16
119	89	40	170	139	41	78
30	188	113	188	146	188	163
166	65	166	166	184	163	181
156	190	178	68	125	156	111
45	91	154	131	154	131	91
156	178	69	23	52	69	69
119	156	185	77	99	69	168
109	39	109	171	55	84	48
87	48	112	69	184	49	49
117	89	189	132	181	117	81
106	20	86	20	136	136	86
160	97	184	35	196	97	97
109	163	23	163	23	121	121
25	73	24	83	98	117	53
32	161	165	79	32	79	165
79	146	98	98	78	79	78
41	78	171	78	184	78	185
172	107	172	107	119	107	172
124	56	117	184	95	88	82
173	173	173	59	59	59	63
13	87	31	76	13	13	117
169	120	120	148	33	169	120
77	159	14	77	96	77	116
142	142	45	45	137	142	45
171	103	103	103	171	171	23
72	72	154	59	154	72	154
124	99	136	57	102	99	102
78	159	89	25	65	47	65
26	73	17	17	134	177	17
41	135	13	189	180	74	135
182	116	152	116	117	182	19
157	11	132	185	190	106	63
79	26	25	78	78	78	25
38	166	167	85	72	174	189
90	90	115	115	90	115	174
165	164	159	150	165	165	103
81	26	81	127	127	127	81
30	36	169	98	157	113	23
166	64	69	69	69	58	73
33	91	171	91	60	119	91
71	76	80	137	157	83	71
78	134	190	61	152	54	62
34	101	20	101	101	20	22
179	166	67	166	62	67	62
159	35	57	35	57	57	35
122	122	89	122	64	64	64
147	147	20	20	132	20	147
99	111	98	98	98	111	111
120	105	137	102	102	26	55
86	93	75	95	95	93	75
36	65	36	185	38	16	140
133	46	46	100	46	102	178
70	42	189	21	107	109	135
56	133	74	74	118	18	15
136	86	77	136	51	158	136
34	179	179	179	61	34	34
65	77	153	77	153	65	119
182	125	10	81	182	182	96
47	47	103	103	103	92	47
21	21	21	43	43	43	152
163	186	163	85	85	163	85
79	123	123	79	98	123	79
179	50	20	50	165	38	76
96	11	72	71	89	72	157
184	184	184	21	86	62	152
143	102	57	57	143	57	143
170	159	51	159	11	126	159
14	142	107	32	150	25	26
153	158	37	158	168	168	153
112	112	164	112	77	164	164
10	176	10	165	10	176	176
139	139	14	139	96	14	14
73	176	17	96	35	35	110
153	181	90	13	181	181	90
183	98	103	98	98	44	126
53	50	159	117	117	159	53
68	45	101	98	112	184	184
123	86	122	122	22	94	121
110	139	39	41	46	39	14
83	101	101	186	83	83	101
41	101	41	41	35	35	35
41	131	131	41	147	41	131
67	139	139	160	139	160	160
187	158	85	143	119	85	160
101	61	61	162	82	61	174
97	97	30	97	46	150	163
75	75	168	75	168	168	162
60	26	162	23	162	68	162
66	40	40	66	120	40	66
125	125	45	45	125	129	55
87	131	87	134	18	53	107
79	154	154	141	141	79	163
86	45	147	147	86	86	147
63	97	44	60	100	88	100
59	140	169	39	16	59	51
159	159	174	156	98	159	187
77	77	77	77	77	168	77
144	113	76	80	127	94	127
128	168	152	144	144	105	144
65	106	166	166	106	179	65
91	139	82	91	82	91	25
165	43	84	53	84	165	43
181	181	43	123	43	181	43
98	98	53	105	111	73	24
158	156	15	182	77	77	117
68	108	108	68	82	82	70
79	12	18	12	18	18	12
78	78	24	24	24	65	78
176	179	71	176	142	179	71
65	65	130	65	29	95	188
168	97	193	185	74	185	185
26	97	97	65	26	97	26
90	141	126	126	100	182	114
117	17	117	105	134	48	105
188	42	42	105	63	176	110
12	144	20	122	22	103	38
30	30	119	119	119	30	80
32	80	49	118	11	169	118
94	87	16	133	112	54	175
172	116	116	132	172	172	116
66	66	125	66	100	170	170
189	89	47	47	189	189	47
143	143	143	15	15	15	15
93	135	135	93	93	135	109
85	127	127	85	158	118	85
119	82	82	69	125	92	123
185	84	20	95	48	37	14
161	190	161	160	190	190	161
86	19	19	19	49	49	49
170	164	16	54	108	170	170
49	63	56	56	147	26	56
102	102	15	109	45	15	45
56	77	169	122	164	132	122
172	162	86	41	63	46	162
174	74	74	74	174	97	174
58	63	147	113	113	61	187
139	170	139	139	151	105	11
75	185	177	11	117	75	71
111	111	24	24	111	101	126
30	78	184	30	179	48	133
166	106	149	16	99	127	116
93	186	109	93	125	39	158
41	16	133	41	133	174	16
125	116	140	116	179	161	66
143	88	23	23	11	88	23
57	57	57	100	100	115	137
46	183	178	197	178	11	178
102	26	73	49	150	114	150
114	61	114	59	116	113	114
94	182	182	182	34	187	140
87	87	78	140	148	101	10
44	73	53	73	73	186	147
36	110	36	110	110	152	36
38	112	47	17	17	183	30
146	60	60	146	146	146	60
18	165	32	110	114	165	165
107	72	77	72	77	32	107
88	88	162	56	88	162	162
113	123	72	72	147	123	147
48	48	136	52	52	52	48
126	126	28	28	28	126	25
39	133	119	123	85	64	99
67	145	88	88	88	145	145
141	151	123	151	169	190	25
62	160	62	160	46	160	62
97	150	150	97	121	150	97
102	102	63	63	63	102	151
160	70	128	33	33	97	35
66	123	66	123	66	26	123
20	78	31	59	180	59	21
49	142	119	163	163	119	142
20	75	75	20	20	137	118
155	70	145	171	22	133	109
98	73	109	110	130	119	179
80	130	80	24	130	56	80
138	138	170	53	53	43	170
49	171	185	171	115	151	108
75	84	97	14	118	151	158
41	136	136	31	41	107	107
81	42	42	67	59	59	42
105	105	13	29	105	193	59
101	70	70	101	70	101	114
23	144	88	30	15	104	39
190	113	125	60	190	190	79
64	28	134	186	112	120	152
14	93	188	72	43	188	145
87	126	29	87	89	29	126
74	74	72	89	21	36	15
58	148	111	144	113	15	59
166	118	50	138	121	50	50
17	152	105	74	105	17	105
181	124	181	181	193	196	44
102	127	145	145	102	145	102
146	49	108	101	129	51	129
159	93	123	159	93	93	159
173	173	173	127	127	15	127
77	166	52	52	68	77	52
165	25	165	161	25	119	25
69	69	69	135	175	185	12
18	15	18	73	142	142	73
113	66	27	91	179	172	50
112	52	46	157	35	80	112
91	128	180	187	100	172	159
103	126	103	181	126	103	126
128	98	98	124	15	98	128
119	48	86	175	180	46	75
169	175	39	35	36	109	158
134	64	194	64	119	64	38
181	57	34	124	31	159	64
45	124	64	113	80	54	177
159	159	35	77	59	109	163
104	40	178	171	104	25	168
70	19	70	150	150	150	70
158	139	33	33	139	115	158
139	139	77	103	104	104	103
77	141	77	141	141	77	118
61	102	163	97	61	97	163
157	59	33	96	157	157	19
138	89	41	89	40	118	52
100	55	24	24	68	38	50
50	17	151	146	166	92	119
35	141	75	75	35	34	141
178	27	172	172	27	178	177
158	122	135	178	57	90	187
161	161	30	56	161	30	30
162	149	83	179	175	129	83
55	116	177	94	116	80	130
31	58	81	100	117	163	11
36	71	35	147	147	147	115
32	83	85	168	114	39	106
26	137	62	185	185	185	186
67	155	136	162	136	155	155
158	45	72	72	190	72	110
72	107	166	72	107	107	85
18	90	42	90	54	144	137
178	175	175	151	178	62	151
36	74	123	79	165	165	165
142	142	48	38	142	127	29
23	99	169	91	96	36	91
38	56	28	38	56	113	38
80	126	80	80	126	39	126
38	44	163	72	162	152	100
18	121	132	179	121	132	179
104	105	105	105	104	104	91
18	18	174	24	18	55	43
149	126	43	126	126	149	149
51	152	17	80	182	182	17
18	18	141	67	147	141	18
135	119	102	55	190	119	155
129	129	146	77	85	70	129
107	141	85	38	158	154	75
107	103	17	146	42	42	56
101	46	46	29	86	145	110
33	63	33	63	99	145	63
94	56	72	72	56	72	56
97	144	144	54	54	54	144
104	60	104	104	60	60	66
140	150	111	117	84	49	39
187	187	25	187	25	25	20
89	89	89	177	53	89	90
24	171	150	150	178	164	155
164	164	155	164	155	155	163
138	66	55	55	164	55	66
105	184	184	184	80	64	186
140	91	91	105	94	186	84
33	15	11	182	182	113	182
131	131	192	126	131	166	44
67	81	81	81	67	67	81
60	164	151	19	164	60	19
61	61	181	92	181	61	181
125	160	160	178	178	178	160
53	107	103	107	73	103	107
98	28	20	66	162	157	167
60	60	177	12	60	177	177
127	13	12	127	125	112	127
72	39	72	45	39	72	39
116	62	45	35	11	73	167
143	161	100	175	94	100	128
14	91	124	133	80	91	52
200	82	70	13	96	13	13
48	94	94	54	73	43	94
112	172	99	80	148	180	180
29	162	34	108	41	25	48
96	81	65	15	15	15	81
43	64	129	119	123	183	183
25	139	90	90	71	25	139
159	86	174	99	174	86	99
37	37	20	194	37	64	144
79	57	193	142	142	142	155
60	190	180	142	120	60	80
74	66	185	74	74	185	185
129	129	129	117	174	117	117
32	175	32	52	50	94	82
160	183	183	160	29	160	183
94	94	38	35	94	35	35
130	66	66	154	130	130	66
129	61	129	119	53	45	140
157	112	157	167	112	112	157
102	69	38	143	27	18	132
176	45	45	86	133	86	133
112	134	40	146	134	65	51
116	154	173	142	90	116	116
191	138	154	122	122	80	122
182	182	182	30	94	182	175
97	71	97	21	171	152	97
10	142	110	142	18	42	103
70	62	161	161	154	154	70
126	95	123	126	123	170	95
95	161	187	83	78	145	187
23	119	144	132	64	40	144
174	174	54	174	177	17	85
56	107	148	92	67	39	148
180	154	26	29	33	26	78
40	164	85	120	45	97	41
69	69	164	198	69	69	120
147	129	134	100	147	147	88
131	131	116	116	51	131	116
189	157	157	157	109	189	189
19	161	128	128	161	128	161
148	35	148	148	89	35	35
86	39	134	86	55	86	55
68	133	133	133	41	68	68
57	52	110	52	137	52	157
146	91	98	12	91	106	47
12	158	63	120	139	120	22
184	19	26	19	23	87	19
61	136	136	61	189	136	61
147	149	147	81	37	149	37
89	194	52	194	126	181	194
128	128	178	178	75	75	151
22	174	155	72	31	70	155
70	149	70	149	149	33	70
162	104	61	162	64	156	11
125	139	139	164	124	164	124
130	134	134	77	130	134	130
168	153	16	80	101	99	63
134	65	115	36	65	36	115
190	26	190	190	42	188	183
134	134	134	170	146	147	61
167	112	167	107	14	167	182
149	179	63	149	77	75	149
168	114	76	28	100	28	94
124	185	121	40	141	156	78
23	43	94	16	159	105	46
21	45	127	177	155	160	175
101	101	98	102	101	102	102
74	74	74	63	163	159	151
184	179	184	114	184	179	179
106	181	106	97	69	33	124
133	127	186	174	176	81	86
183	79	16	49	143	129	122
101	139	48	119	80	187	60
167	40	149	155	155	174	155
164	70	12	45	83	134	164
85	165	52	52	165	164	164
45	114	45	114	46	45	47
16	117	56	16	117	117	16
24	84	24	84	24	84	137
169	91	94	55	80	86	145
103	82	82	103	82	103	149
117	36	71	93	25	181	39
67	67	188	66	67	188	188
132	76	139	159	139	72	139
91	44	17	176	176	91	17
180	177	78	45	180	163	180
111	60	166	107	107	155	187
159	17	159	84	172	27	90
107	21	114	54	130	138	107
48	155	75	48	48	42	42
167	138	72	138	167	83	167
181	45	161	157	71	105	167
187	13	121	187	21	68	187
149	94	22	25	110	22	121
59	45	130	68	114	99	75
141	190	118	154	55	123	84
41	38	100	27	27	83	47
169	88	19	69	41	79	88
148	9	9	9	20	147	147
141	89	54	54	141	141	54
67	133	67	35	133	133	67
164	97	164	162	52	184	163
63	107	107	58	58	168	107
39	78	92	92	39	92	39
116	116	116	184	39	39	39
81	141	81	180	131	81	198
123	89	40	89	89	81	62
135	140	68	89	182	140	140
95	56	56	64	43	96	106
67	67	67	132	82	132	132
63	60	131	50	31	31	36
40	34	44	49	14	20	40
159	141	53	66	175	66	187
120	136	120	120	137	159	174
140	33	182	12	33	15	33
129	66	129	66	135	129	66
33	172	172	174	33	109	109
126	126	21	49	49	49	126
11	22	144	39	62	102	119
40	23	121	23	93	89	147
93	165	93	51	165	51	69
14	90	70	99	52	74	159
67	23	67	93	43	93	93
50	50	20	50	142	20	20
95	123	95	123	126	126	95
155	162	155	78	162	36	78
110	43	101	171	169	184	85
106	106	148	106	71	33	113
31	84	84	31	19	31	84
143	55	181	181	103	181	69
110	110	83	112	44	24	27
149	129	109	135	75	109	186
140	140	140	165	161	13	53
184	13	82	82	13	82	13
118	161	161	27	154	161	115
17	87	166	166	87	17	24
166	166	76	169	43	172	81
117	87	175	155	87	127	87
35	130	130	29	29	130	29
103	32	103	32	103	87	32
131	131	172	172	172	131	173
62	136	136	13	195	54	136
53	13	23	21	65	21	133
46	143	143	46	106	46	143
161	122	88	64	122	122	112
55	10	55	62	145	62	55
101	73	162	106	37	51	140
75	108	116	108	184	72	145
76	112	28	146	170	98	112
103	178	164	124	190	104	190
139	108	108	183	193	41	108
20	71	86	20	71	71	20
40	138	125	85	24	187	53
179	182	179	182	179	52	182
112	87	112	87	87	61	112
129	15	15	15	129	165	129
53	53	104	12	12	12	53
94	76	61	37	63	37	12
103	53	103	53	144	103	53
163	80	135	137	127	135	82
42	147	57	147	44	25	176
93	11	93	161	161	93	161
71	133	88	181	168	71	163
16	16	75	180	119	179	45
146	137	137	137	146	113	119
44	83	64	163	58	20	118
85	102	20	121	102	20	121
65	132	32	33	33	132	33
13	147	141	103	40	63	50
159	118	70	70	164	70	136
119	119	63	119	48	19	10
38	38	52	38	52	163	52
169	153	103	109	98	169	169
104	23	156	23	104	104	23
12	35	152	152	186	119	152
91	88	91	121	88	91	88
102	91	71	91	91	68	65
21	48	135	128	79	126	128
131	57	110	120	59	57	128
21	21	159	38	36	21	36
35	83	40	83	88	93	185
127	72	127	127	127	117	31
42	118	103	69	35	69	75
44	138	149	138	138	139	162
19	113	108	83	61	19	100
27	98	98	25	24	163	117
88	99	81	156	81	81	95
154	28	28	105	154	176	176
61	177	139	69	124	148	142
152	103	19	19	164	164	19
96	174	161	67	117	179	173
72	139	139	14	72	72	139
59	156	20	50	156	164	167
130	50	165	75	75	50	75
99	188	99	156	156	99	156
137	85	183	172	103	29	170
59	59	132	132	14	132	105
76	76	14	14	155	76	14
10	99	154	23	55	51	51
129	129	187	114	193	129	195
145	43	188	63	141	141	113
48	29	174	146	174	57	174
156	153	59	153	58	49	86
56	146	78	187	28	146	32
122	86	66	66	86	66	107
104	122	122	128	100	100	128
90	167	155	155	182	155	122
118	118	173	120	120	118	120
59	151	59	59	82	82	82
88	16	100	45	112	12	75
69	76	126	87	25	24	168
49	87	49	149	38	149	87
35	183	35	35	183	183	126
76	20	43	43	43	76	76
98	163	94	98	94	169	169
52	52	79	52	79	90	79
78	41	54	182	41	10	156
82	147	147	143	67	147	73
11	170	150	150	150	15	101
142	15	15	142	15	142	75
148	105	105	105	69	69	69
44	21	13	159	13	153	66
98	98	183	139	98	100	171
15	166	15	166	15	83	166
66	68	80	112	72	160	168
71	10	94	97	97	118	97
46	83	46	83	51	83	46
104	104	93	187	94	56	88
140	140	185	58	134	16	153
19	47	19	19	109	29	29
151	55	55	18	32	145	158
150	178	160	188	70	97	37
20	20	91	91	20	53	91
14	14	14	152	120	83	152
176	27	27	176	176	27	20
182	44	182	98	182	44	44
82	82	104	173	104	29	29
94	183	164	183	88	183	51
37	164	104	88	37	136	39
96	96	161	120	123	172	168
93	141	113	178	113	178	93
65	176	176	155	22	22	155
143	143	62	143	48	85	174
79	79	14	14	14	144	64
51	145	73	48	21	165	51
132	58	58	132	57	58	132
86	86	86	123	123	123	66
95	130	50	103	184	68	184
147	42	147	147	42	42	47
151	36	145	68	44	36	43
124	33	47	122	159	46	110
104	30	63	85	54	169	36
81	157	109	55	46	13	172
57	57	57	132	180	175	117
172	74	74	74	172	139	172
188	188	62	62	34	62	188
188	53	183	163	157	98	140
197	197	197	107	117	71	121
197	197	147	162	15	197	36
143	199	143	66	58	174	143
80	81	48	78	42	42	88
62	26	51	99	107	149	62
37	87	87	68	68	87	146
175	170	64	69	29	112	112
88	42	88	88	42	79	42
26	34	129	129	129	125	112
49	47	49	174	49	174	174
58	78	38	148	69	148	90
131	72	124	69	89	135	135
144	49	179	188	179	179	161
20	27	27	58	146	146	146
189	135	62	178	189	119	68
177	49	107	107	107	163	78
19	148	148	44	148	44	44
156	144	38	156	156	38	38
63	168	72	164	168	63	164
96	94	96	63	94	39	39
135	135	17	154	85	108	86
138	42	119	138	138	87	49
75	75	105	75	105	105	39
110	158	158	158	12	116	81
115	55	82	168	57	36	55
135	125	125	142	135	142	135
145	161	149	161	161	145	151
75	55	96	126	94	107	31
79	31	31	161	178	31	103
64	40	40	64	64	71	40
50	131	50	50	131	131	106
33	33	84	33	5	163	84
29	29	125	29	125	80	125
82	82	79	79	79	82	81
15	171	104	174	92	75	177
44	22	84	125	141	156	129
146	73	146	142	134	142	73
52	134	121	49	79	24	167
87	190	145	190	48	188	12
174	98	170	170	188	142	10
164	81	115	175	160	175	182
158	52	52	153	58	158	52
27	90	76	27	166	130	27
176	159	10	165	148	159	159
123	66	158	123	168	158	158
24	97	169	106	45	144	165
54	54	105	154	54	74	89
129	58	68	67	67	162	67
87	87	160	120	170	87	120
149	14	110	156	39	39	39
173	109	174	142	174	174	15
34	178	92	92	92	34	34
137	143	46	125	143	137	125
61	95	91	138	91	53	106
51	116	159	181	76	139	159
156	109	156	109	83	109	156
12	15	15	12	15	12	100
106	63	26	134	10	140	168
189	35	94	35	173	29	38
111	102	151	27	111	122	59
54	149	108	54	54	108	108
183	168	132	38	182	132	132
67	178	180	178	143	19	129
20	28	166	20	115	19	165
189	24	20	189	24	189	24
77	22	35	67	35	35	163
177	18	14	113	60	90	97
40	40	68	142	68	142	54
174	61	12	84	105	86	123
144	35	107	144	130	122	38
17	171	176	17	176	17	176
19	19	163	160	144	19	31
195	195	14	131	148	195	58
163	165	163	165	165	163	178
78	32	89	78	54	183	182
124	121	93	151	122	153	153
72	108	46	45	105	113	95
41	115	127	156	115	115	136
81	26	131	10	89	90	112
95	105	147	147	186	24	52
193	130	105	193	105	117	193
170	38	56	56	135	19	119
171	177	171	177	117	177	171
83	56	47	21	62	47	41
76	65	76	120	65	76	65
176	142	37	37	142	142	37
101	91	44	60	44	101	60
83	52	83	52	75	83	52
128	188	114	135	128	58	102
186	130	168	184	90	186	30
51	51	161	106	51	106	106
174	25	22	135	25	51	25
112	46	91	152	46	91	91
111	35	195	117	117	40	117
167	82	156	176	75	113	110
113	113	124	111	142	170	76
106	190	106	190	190	106	141
12	24	62	103	64	103	110
132	132	101	173	101	185	190
98	95	80	177	114	84	24
54	109	128	128	96	109	96
89	89	88	78	78	89	75
124	66	124	12	136	66	66
159	159	199	27	41	159	79
40	12	165	12	165	81	165
22	36	153	22	61	36	153
181	107	165	54	54	167	146
22	180	22	54	84	169	99
175	175	180	47	47	81	180
36	52	57	161	174	52	104
139	105	162	120	170	139	139
116	167	78	116	116	162	54
128	14	128	128	153	30	153
118	58	144	58	108	108	118
111	153	106	153	143	143	106
18	31	120	120	74	120	13
104	55	104	104	55	45	55
77	33	120	33	146	84	174
111	111	114	114	114	111	17
33	67	193	92	58	58	58
112	23	114	114	82	190	151
120	25	25	99	180	168	65
100	64	138	64	100	100	64
67	92	95	151	21	77	150
42	81	162	14	81	162	81
165	59	165	80	74	165	164
119	145	93	41	35	41	151
182	131	131	47	182	182	131
75	178	184	178	52	178	63
132	173	132	132	171	12	20
17	120	46	46	17	46	17
37	20	87	155	10	176	10
158	11	158	31	167	158	56
32	122	134	134	184	99	134
109	109	147	88	40	163	117
151	65	65	166	180	65	89
10	81	81	58	81	100	69
45	78	78	130	46	130	46
155	35	160	155	35	160	117
38	164	120	118	37	139	37
96	122	96	96	83	83	83
43	105	105	43	131	105	43
147	186	147	27	27	147	27
184	132	181	49	112	54	54
152	13	83	17	79	83	131
130	155	182	159	95	95	160
12	84	17	12	42	84	12
120	46	155	186	66	155	51
191	191	144	132	53	191	63
36	108	108	62	119	133	108
178	153	140	153	28	95	153
174	132	156	97	97	43	97
78	59	18	59	78	78	59
137	137	129	11	11	137	11
46	128	118	115	117	80	115
79	101	79	101	101	79	15
135	167	187	111	65	96	179
116	41	51	107	184	45	158
126	65	138	88	52	23	52
15	16	17	42	99	119	57
68	79	79	68	64	41	64
114	128	128	189	128	164	153
27	151	26	138	138	138	92
107	31	107	137	64	50	107
164	40	79	39	164	176	129
148	89	148	89	148	89	131
52	118	118	49	49	49	118
113	124	27	145	27	159	108
62	25	92	31	65	183	144
184	173	173	184	173	82	184
165	29	70	166	94	140	150
55	55	46	46	81	118	81
111	192	128	66	66	121	66
82	23	95	185	59	190	110
96	137	78	76	24	129	76
142	197	197	197	153	49	177
147	130	130	147	147	181	130
65	72	72	138	155	155	65
151	32	151	32	33	89	151
52	107	107	107	13	199	167
122	21	76	89	135	155	167
115	130	123	123	47	176	14
129	101	139	56	96	152	96
133	133	87	87	87	133	33
13	103	144	144	144	110	110
21	112	112	112	21	46	135
189	63	165	179	165	40	179
182	15	15	104	15	182	182
188	116	82	78	163	82	19
17	22	124	124	47	76	28
72	87	140	72	45	87	87
88	119	136	136	136	119	119
24	78	78	21	141	24	24
169	182	54	60	60	93	182
182	182	164	164	131	164	182
51	51	51	112	112	112	127
105	105	105	132	128	41	45
167	89	89	89	95	161	161
36	142	36	187	187	187	36
93	69	50	174	20	47	187
18	153	122	77	200	153	153
36	118	118	87	118	184	187
50	20	51	178	20	148	47
71	87	92	87	87	71	71
98	67	165	164	68	47	36
160	79	94	174	39	168	164
181	26	104	181	104	181	104
63	182	48	63	38	72	64
95	39	44	66	95	81	95
66	45	31	79	158	17	79
103	103	103	159	177	44	44
111	161	65	49	172	59	59
33	86	137	121	33	137	86
103	110	111	110	103	110	103
138	20	39	142	108	20	182
71	71	71	44	44	44	51
153	173	143	153	173	173	153
51	173	88	90	166	135	16
94	64	53	26	64	104	64
183	45	45	192	114	45	67
104	34	34	34	192	64	186
93	150	150	22	93	150	93
163	111	63	95	26	11	22
11	100	70	122	160	173	173
176	43	176	176	43	138	43
184	50	42	184	182	177	146
164	164	123	98	149	184	153
151	172	151	151	156	60	168
97	67	97	155	143	111	97
160	124	177	177	166	89	60
53	84	152	101	116	24	24
14	86	92	14	107	87	178
56	149	171	86	156	156	148
180	50	81	50	148	54	89
54	171	78	121	121	171	78
73	147	122	147	27	147	78
65	62	48	38	189	138	57
167	167	183	183	183	167	27
109	136	136	111	109	109	136
117	52	52	117	91	117	52
58	46	78	46	78	27	27
62	62	62	89	46	89	89
85	63	137	85	63	63	85
10	10	126	126	16	10	126
188	190	76	169	123	29	29
111	15	124	158	23	86	161
111	68	142	182	146	146	146
61	105	170	37	156	182	27
153	142	142	142	160	152	157
165	63	89	165	165	63	63
132	21	94	21	175	21	81
47	159	47	159	159	47	10
145	117	127	62	167	53	154
174	132	46	38	38	26	163
73	142	73	136	136	136	73
141	66	74	130	141	28	61
71	63	63	63	86	71	71
67	86	92	30	128	109	30
146	169	146	113	137	169	169
134	109	133	109	84	126	109
61	52	67	35	41	36	36
182	39	28	39	182	39	182
176	124	147	84	84	176	147
23	23	50	31	93	18	23
74	41	41	40	39	74	40
31	183	36	38	36	31	12
116	106	73	170	106	116	170
157	157	140	102	140	43	43
81	32	29	32	32	77	48
60	129	190	60	60	197	114
39	81	109	109	109	81	81
143	193	193	193	19	153	45
177	130	44	160	44	39	86
103	20	51	170	134	51	129
151	41	41	107	41	119	123
118	39	118	46	118	180	108
188	188	52	188	52	23	52
85	118	85	62	84	104	154
111	111	19	23	23	111	23
180	180	180	41	168	168	168
119	166	166	31	32	16	187
44	62	76	100	33	44	44
127	149	149	149	149	127	127
102	11	11	11	102	102	11
15	41	96	65	78	52	102
76	76	128	162	128	76	128
79	113	79	79	113	83	113
85	85	102	27	102	27	139
70	70	164	164	70	164	141
104	16	16	16	155	155	167
54	26	34	26	54	54	26
131	70	111	111	70	49	131
65	118	90	121	118	102	149
173	11	12	11	37	56	119
173	154	154	15	45	15	173
110	90	146	159	110	84	77
23	81	187	81	23	23	81
15	115	41	86	41	113	82
198	107	86	195	60	107	107
119	169	82	12	104	82	82
100	123	166	197	197	197	55
180	176	66	83	180	83	176
98	7	154	141	141	141	7
166	106	199	199	199	15	15
88	88	60	47	120	111	56
171	51	153	167	183	183	180
61	38	38	61	61	143	38
192	110	18	99	110	141	110
90	130	145	68	131	128	37
22	144	144	14	22	144	22
53	41	41	53	41	53	41
164	150	55	171	107	164	174
66	176	114	114	22	66	22
85	159	85	159	159	43	85
88	124	106	124	106	106	168
82	187	42	25	42	146	151
69	69	69	33	179	79	120
132	51	132	125	134	51	125
139	114	91	25	10	74	156
146	72	106	106	146	44	106
77	32	162	28	32	32	77
104	112	104	46	96	70	96
40	137	153	112	112	153	153
103	29	88	190	81	81	123
102	154	34	105	170	154	154
12	145	135	145	135	135	55
181	114	93	181	181	93	93
76	174	168	76	35	168	35
142	41	41	49	142	41	142
174	163	15	81	37	81	43
169	123	121	189	189	189	62
168	109	64	168	97	98	172
52	52	81	79	52	110	183
22	21	41	22	21	21	65
68	134	89	130	97	119	11
80	62	92	60	141	60	182
104	140	57	104	57	84	146
40	35	33	76	67	97	33
117	181	85	146	86	153	82
109	24	22	84	137	109	28
122	114	135	78	135	34	146
187	97	48	97	172	130	97
149	48	48	69	48	149	149
78	78	88	88	132	79	79
196	196	51	15	196	143	81
89	54	106	107	107	81	85
153	54	163	180	124	159	59
64	24	44	187	73	148	73
181	68	62	137	11	25	85
90	135	51	51	51	117	90
185	146	171	185	185	135	24
151	117	119	118	89	17	119
114	19	69	77	114	87	76
95	18	46	18	180	46	95
158	129	170	91	31	54	54
60	60	44	44	146	44	60
51	188	167	32	32	137	175
134	134	119	94	98	13	85
28	125	114	167	36	36	36
27	85	114	30	27	30	27
119	35	134	138	119	134	138
71	57	57	27	27	27	57
68	107	124	134	22	134	78
86	82	152	39	86	163	145
168	160	146	126	36	126	126
95	86	63	91	38	185	159
192	195	192	53	27	168	192
32	179	71	35	71	50	71
45	31	97	45	104	164	152
100	71	131	71	71	131	131
109	109	126	185	126	109	126
142	109	109	109	142	53	142
123	47	11	119	27	123	123
63	71	63	71	71	116	63
51	82	46	171	73	29	51
103	103	47	148	148	47	35
18	18	18	23	53	23	23
70	34	167	99	188	70	92
113	138	33	51	11	168	129
57	74	56	174	56	101	122
31	20	98	21	98	47	148
188	180	181	133	69	133	161
40	109	109	109	142	142	142
139	35	139	24	35	134	24
64	99	64	72	121	72	64
189	49	20	17	184	165	47
117	85	85	50	85	160	123
177	41	39	28	145	157	157
88	71	66	88	88	68	66
53	30	167	27	108	96	81
149	49	119	135	50	44	18
182	165	47	26	11	19	157
10	124	182	50	115	13	13
45	191	111	111	111	94	199
137	137	137	141	82	141	141
91	49	46	49	107	49	156
187	181	153	148	148	148	40
180	106	180	106	14	180	106
104	104	190	190	104	190	133
26	83	145	149	75	91	149
176	150	92	47	47	68	138
93	122	122	159	122	159	93
133	138	164	138	157	133	104
99	135	154	154	99	65	65
191	175	54	30	96	54	54
63	126	126	166	31	105	67
89	89	69	61	156	51	33
74	12	162	118	17	83	97
64	64	73	108	64	108	108
78	52	170	139	52	170	78
11	169	78	103	169	182	169
114	148	34	114	114	34	34
75	75	140	109	75	101	34
147	12	12	147	147	12	147
37	147	18	179	18	100	18
123	122	138	103	180	180	43
155	90	155	90	90	84	108
146	33	33	33	63	146	146
175	122	18	121	144	146	121
24	72	72	24	89	72	24
42	176	53	169	176	123	21
117	22	22	13	136	22	197
57	180	92	36	36	43	142
60	152	162	50	188	188	188
174	30	187	102	102	19	137
129	129	42	129	166	83	178
121	172	172	121	121	175	172
76	165	171	29	62	87	29
70	160	181	70	70	27	39
110	168	31	39	110	196	110
133	83	90	18	90	133	133
107	157	101	101	107	107	101
115	125	125	125	123	115	115
30	105	81	140	140	81	81
187	26	68	169	120	153	68
133	70	167	70	196	70	140
118	48	48	118	48	118	86
178	166	168	168	180	166	180
51	121	51	51	142	186	176
146	13	13	84	90	94	13
170	106	106	54	106	54	54
189	112	112	189	76	189	112
36	69	179	62	70	44	62
32	145	123	107	26	101	26
113	152	93	11	113	28	107
93	135	13	108	60	65	170
30	113	138	132	97	71	123
76	163	63	42	150	31	76
191	106	82	82	33	82	78
149	191	191	193	191	37	91
13	114	200	121	114	149	114
87	153	115	87	163	190	105
18	152	37	152	78	37	37
77	131	131	101	131	101	101
68	31	68	133	29	31	31
37	110	131	100	69	190	40
71	167	142	37	37	13	37
156	17	17	98	113	156	113
75	26	125	136	49	136	26
66	134	134	32	82	134	100
116	160	116	153	12	116	20
31	27	72	104	14	68	31
131	131	17	17	17	131	55
77	77	49	49	128	49	12
129	91	24	24	129	129	24
88	162	38	65	88	27	163
62	99	154	180	62	67	83
177	49	54	166	128	55	177
189	109	71	109	23	109	36
25	170	25	170	35	170	25
74	169	47	191	94	47	47
35	199	60	199	148	199	21
35	59	76	61	18	64	76
77	77	36	129	77	26	12
93	117	60	154	86	182	60
44	44	169	159	45	169	45
18	90	18	128	18	16	145
66	125	133	157	123	13	133
151	151	58	20	117	117	58
148	29	148	142	105	116	149
99	27	24	121	149	24	29
171	96	169	169	94	154	187
36	152	125	36	36	152	103
148	27	27	90	148	62	62
187	164	163	163	198	163	71
121	121	121	159	164	72	154
118	138	23	91	110	143	118
65	132	120	105	105	105	29
68	69	165	41	79	15	82
142	121	121	142	121	14	142
18	162	72	72	138	18	138
158	158	91	91	158	91	172
18	162	125	18	178	162	178
138	138	55	138	146	55	55
19	187	24	61	97	61	61
113	146	113	53	113	146	146
46	24	90	83	176	24	24
121	65	103	121	65	175	103
72	72	107	107	72	107	30
41	29	106	134	134	138	134
184	62	148	184	129	132	171
38	133	38	98	68	122	78
118	38	24	122	140	24	185
52	48	52	52	48	104	48
95	93	93	114	93	95	95
33	33	10	10	10	33	132
22	137	138	111	138	171	138
127	32	95	134	113	87	75
128	79	160	123	88	123	138
95	96	111	96	96	95	95
191	101	191	42	113	191	186
51	124	51	159	94	170	51
105	92	144	92	92	127	65
81	81	94	81	148	173	118
99	40	99	99	40	134	40
140	36	158	40	104	76	104
119	68	68	96	44	16	110
69	29	61	64	146	29	176
100	41	100	20	27	12	151
20	139	20	139	42	139	20
184	169	152	175	158	12	175
39	30	184	168	33	184	41
51	173	54	82	51	173	144
49	176	53	146	18	97	18
46	46	46	179	11	11	11
112	46	108	154	112	154	46
161	161	16	97	161	133	129
48	150	88	119	143	94	143
122	82	125	133	82	148	82
81	172	175	30	105	30	99
74	10	54	25	93	47	46
163	59	130	60	130	59	163
34	181	181	59	181	34	34
198	195	198	150	90	142	198
40	197	89	40	40	30	49
145	145	123	145	130	130	130
190	190	145	53	14	125	25
138	74	123	72	123	67	63
107	107	97	97	97	92	107
134	96	134	96	166	134	96
46	193	109	46	190	122	46
25	100	70	25	110	25	65
156	156	34	73	121	124	14
63	154	95	154	139	139	95
61	175	175	125	61	59	125
58	58	51	58	21	51	51
108	59	59	95	167	59	139
173	173	30	30	125	30	173
127	155	172	186	155	158	52
28	107	107	28	107	28	124
33	68	68	31	24	130	68
153	20	125	21	189	73	104
132	120	174	19	13	85	13
30	58	13	89	13	13	16
113	45	113	113	82	135	148
124	79	178	100	24	180	117
123	123	97	123	126	97	97
116	161	101	127	165	112	116
119	43	130	43	59	43	97
183	183	68	18	104	53	183
171	140	64	109	66	116	171
159	168	150	53	35	172	159
59	59	59	167	35	167	167
43	63	63	78	166	78	166
127	75	74	157	157	19	157
128	150	71	150	71	46	71
34	96	34	163	55	195	34
134	19	35	19	134	19	134
12	12	39	32	12	39	28
63	47	63	63	58	47	47
129	129	136	136	92	26	129
15	15	15	141	69	177	22
66	57	57	109	109	109	145
60	19	109	27	159	60	43
164	180	72	136	55	178	96
61	30	119	90	178	90	22
31	171	99	85	31	11	86
157	90	14	189	168	46	183
188	58	17	17	184	136	17
24	110	79	91	170	21	110
99	99	113	143	130	113	130
43	135	36	19	144	31	49
61	61	72	62	72	72	61
134	37	96	188	142	90	71
155	124	47	124	155	124	155
108	58	110	85	179	105	105
92	137	113	79	92	136	92
166	61	29	22	135	72	135
197	103	76	14	75	14	14
183	157	189	65	121	120	43
103	114	32	114	114	38	43
53	153	27	10	53	40	65
111	111	88	111	30	88	88
49	84	82	49	82	49	82
19	19	43	23	19	43	43
85	106	172	85	106	106	85
98	98	145	188	39	102	52
95	20	176	112	95	20	112
21	21	19	19	19	133	21
19	187	54	166	14	40	148
183	183	111	111	115	111	183
61	59	59	145	145	41	41
98	23	168	149	168	22	168
122	57	135	135	135	14	106
48	63	136	127	136	51	37
82	94	163	116	94	56	94
81	76	81	112	81	197	167
125	109	109	75	125	109	125
23	98	23	57	140	111	35
142	154	142	52	72	142	52
38	38	146	85	101	147	147
140	180	52	37	12	135	172
50	87	54	126	87	87	76
12	40	104	174	155	26	154
24	140	70	140	70	140	70
99	57	150	99	57	99	10
32	125	125	32	50	62	125
73	71	88	109	15	71	126
32	43	104	43	85	94	99
50	65	33	50	157	65	157
59	20	67	59	195	107	59
45	77	30	81	172	181	181
61	34	34	34	61	87	61
172	135	16	115	69	124	29
73	73	41	41	73	33	41
15	22	68	37	30	148	98
67	67	168	16	156	170	88
88	88	48	81	81	81	88
68	157	157	157	33	111	135
95	47	30	95	95	86	184
25	25	78	60	25	96	156
85	143	44	143	143	85	85
134	78	96	64	122	19	78
72	163	132	71	76	86	72
124	143	143	95	124	143	124
83	110	182	18	50	53	92
128	24	66	24	128	155	66
44	130	130	112	112	27	44
113	118	169	187	181	42	151
27	64	137	118	116	120	73
136	41	158	158	41	41	35
12	95	188	188	12	188	12
55	111	111	31	111	170	177
151	83	151	120	34	120	83
56	66	56	56	162	50	121
22	76	167	128	139	111	150
173	115	115	115	173	173	151
130	77	41	86	41	130	77
35	74	33	74	74	33	33
38	138	14	44	44	44	14
81	87	161	67	44	155	48
111	45	42	149	117	35	190
67	171	171	171	93	71	78
25	159	172	15	58	175	38
137	125	128	164	176	24	16
109	120	121	14	79	79	89
47	175	156	49	132	49	152
71	34	71	34	37	37	104
92	133	15	129	129	144	58
144	144	160	160	144	54	160
141	141	178	158	92	96	141
190	41	161	161	26	11	62
51	166	166	173	49	168	61
153	153	153	17	80	196	132
93	134	114	134	134	93	93
49	27	155	90	90	49	155
142	96	78	61	12	96	138
138	180	109	141	162	63	61
131	151	97	167	167	131	151
99	99	22	113	99	10	113
117	117	159	80	10	159	117
103	85	103	85	117	154	117
147	97	158	122	122	122	97
115	81	181	172	169	94	97
66	125	125	125	80	131	43
162	162	141	177	108	162	111
20	73	67	73	20	62	67
132	33	132	143	143	132	143
65	91	65	91	65	98	91
74	180	180	168	39	180	155
91	68	91	68	68	121	100
77	43	29	17	33	91	91
8	14	43	43	14	7	43
144	53	87	87	53	85	85
157	114	153	74	74	114	157
157	37	79	29	118	148	183
119	81	143	119	72	44	43
15	130	51	73	16	86	36
29	79	79	36	53	79	86
184	89	150	89	47	151	89
46	46	177	183	170	168	178
75	75	105	103	105	75	105
153	176	176	153	153	176	181
66	113	169	169	83	109	67
95	95	34	131	59	34	95
19	48	45	45	45	19	19
15	83	83	83	15	34	15
24	105	34	130	34	105	151
129	180	131	129	52	142	155
127	127	124	82	127	104	106
25	132	134	170	134	154	134
173	95	173	95	107	95	173
18	78	18	78	18	61	78
96	179	129	147	179	129	96
141	107	109	113	144	113	165
78	102	78	81	102	102	78
56	168	168	168	39	39	39
122	48	48	86	48	122	122
106	22	106	106	45	22	22
105	124	105	124	105	91	124
86	155	21	140	155	140	140
172	59	14	162	172	64	172
74	39	171	51	118	118	118
69	108	158	116	180	116	18
36	144	100	158	100	100	98
119	119	125	119	51	125	125
118	118	170	120	120	118	120
190	112	112	112	109	181	18
106	114	106	92	39	118	106
123	154	73	148	180	48	180
73	73	176	176	113	73	176
142	49	142	49	142	19	49
179	110	150	92	110	179	150
134	10	76	134	134	103	93
74	39	116	39	26	74	39
138	58	138	39	136	58	39
42	152	21	80	170	166	168
68	146	146	146	96	96	33
126	126	175	80	86	129	126
132	167	152	82	62	72	174
164	167	30	30	16	77	173
193	156	140	61	13	193	193
53	53	135	135	26	53	135
47	71	19	193	152	152	152
72	74	10	10	10	96	13
85	187	68	71	91	96	187
56	23	27	135	113	69	27
110	116	141	16	116	200	116
164	52	85	133	95	51	172
54	23	109	23	80	73	178
48	129	127	46	72	170	129
79	48	48	79	48	79	84
166	110	110	166	31	110	166
142	173	104	142	158	173	158
24	93	106	24	97	70	37
141	175	84	134	22	113	74
39	23	81	160	57	143	46
63	28	28	108	63	28	63
178	178	185	59	41	178	151
77	77	77	83	83	116	83
167	107	83	107	83	83	163
16	142	25	105	96	142	30
82	25	73	82	25	137	25
38	162	145	145	72	54	145
75	79	70	75	159	70	159
94	119	119	65	187	134	166
82	12	173	188	106	48	175
192	192	194	86	26	78	192
135	108	108	135	135	108	26
46	63	63	85	130	130	85
11	113	113	113	113	113	113
188	176	188	142	43	13	75
48	54	54	185	54	183	105
107	19	19	134	34	171	158
89	33	155	46	46	46	128
153	146	87	109	133	57	153
97	97	97	92	153	19	92
125	42	42	187	42	187	187
108	108	108	19	27	27	72
141	141	74	20	74	120	20
11	139	11	139	11	163	139
77	120	83	77	120	120	141
167	37	84	84	23	37	167
37	75	37	164	37	164	164
86	14	16	150	164	16	68
10	10	19	155	52	33	10
60	14	60	29	29	17	60
42	179	179	74	74	179	74
65	123	123	140	140	158	65
103	25	115	115	65	103	65
87	87	55	106	60	193	87
180	140	140	180	180	140	175
169	17	163	153	163	134	163
23	150	150	150	104	104	104
176	108	47	108	176	176	108
168	79	160	168	34	34	34
90	64	120	71	27	50	96
34	77	141	34	180	141	180
33	115	131	85	46	163	33
44	44	93	42	42	130	130
72	72	131	131	153	115	72
15	64	166	121	62	15	175
159	38	38	140	140	38	76
86	57	198	110	92	57	57
76	141	194	146	194	118	194
23	184	184	23	23	94	184
106	121	162	106	162	67	121
147	69	95	126	40	57	147
23	27	35	32	35	35	121
186	181	181	69	181	75	194
115	90	14	151	77	51	23
105	105	150	157	100	105	157
68	29	173	68	68	101	113
189	92	164	92	110	125	157
82	182	82	125	82	86	64
116	116	116	82	79	162	82
13	156	156	156	13	78	13
80	67	110	93	93	103	93
70	70	53	155	129	68	138
190	178	23	99	123	25	36
174	111	25	174	174	111	111
176	71	116	116	158	35	130
51	114	107	51	51	57	67
64	184	83	83	132	31	83
148	180	148	148	180	180	46
46	43	89	43	43	46	46
124	124	124	152	152	105	152
122	33	122	33	122	33	41
20	20	166	20	51	82	70
38	38	88	38	30	60	16
76	76	91	91	61	91	76
15	131	28	96	131	28	170
28	70	190	16	30	87	16
118	137	57	137	57	137	57
91	177	175	24	58	83	58
157	157	164	60	178	59	177
89	50	89	69	69	50	131
41	41	156	151	106	106	151
77	148	85	125	125	125	132
62	167	89	111	94	167	156
81	163	81	81	92	163	25
98	157	26	26	105	114	180
99	154	77	77	77	99	109
104	22	104	132	132	157	22
49	25	25	25	49	36	95
41	110	58	40	173	149	58
73	73	187	106	106	106	73
71	119	189	162	141	58	119
105	190	17	91	87	86	166
57	133	77	165	165	88	130
89	30	89	69	69	89	69
125	96	12	129	32	96	189
185	113	96	104	137	88	55
55	78	175	78	142	46	124
32	166	166	71	166	32	32
56	45	106	106	56	56	106
45	161	91	161	169	186	59
10	84	74	53	84	48	145
154	74	38	69	103	28	103
67	165	165	58	90	66	167
93	99	99	37	96	182	99
109	182	109	109	182	182	132
155	73	50	50	73	11	50
12	171	174	88	18	188	143
55	55	140	132	140	117	117
96	115	96	150	119	96	119
137	137	137	88	47	73	47
178	90	178	104	44	82	128
17	35	23	23	52	23	114
41	49	179	134	13	122	36
68	181	140	133	33	184	30
188	74	17	160	80	132	160
125	41	188	41	41	102	18
12	166	166	134	12	12	166
106	134	134	110	33	61	134
80	117	53	168	132	100	53
32	167	167	32	32	167	119
10	55	10	10	55	55	94
108	170	71	71	95	34	71
180	25	111	111	180	51	25
129	20	61	69	97	70	74
121	90	39	176	138	37	54
104	56	56	166	53	56	157
52	52	146	30	138	30	52
121	19	100	103	19	36	152
99	70	70	71	190	70	179
13	81	118	53	13	27	13
115	55	115	50	55	96	55
74	55	55	122	55	179	61
104	175	134	150	175	148	64
137	185	137	183	107	119	155
72	119	128	164	158	158	158
45	158	138	138	158	138	158
135	52	155	135	37	155	135
157	136	22	22	40	93	66
29	138	126	112	100	138	126
162	162	162	162	162	162	162
116	86	45	116	104	45	86
46	37	22	144	128	144	63
93	93	93	180	147	180	180
130	80	82	158	11	178	117
148	148	116	148	143	116	116
135	115	135	115	99	126	115
163	64	185	138	138	138	55
67	67	57	54	109	67	186
34	34	148	148	34	137	148
120	19	55	158	155	23	145
138	138	103	84	103	103	138
150	150	20	34	20	160	160
47	148	47	47	170	148	148
110	110	82	110	15	82	82
125	85	125	85	85	85	125
38	183	32	183	102	17	182
188	96	66	185	188	198	188
18	18	107	18	53	53	53
116	90	29	169	28	45	95
134	91	134	159	110	124	158
40	56	166	96	166	166	37
146	145	53	170	118	145	145
31	130	82	144	55	82	143
170	49	44	25	24	11	44
70	67	67	70	113	6	70
59	52	35	85	21	61	35
28	25	28	25	24	28	25
153	183	103	153	194	153	54
7	7	14	45	7	45	118
103	184	103	103	184	184	58
131	56	30	43	43	82	142
99	41	99	41	41	74	99
115	152	152	100	63	166	152
106	84	165	33	126	106	106
83	103	71	64	119	36	83
48	48	116	134	48	129	138
160	160	136	194	160	36	139
170	97	36	170	97	36	173
47	114	72	114	72	47	126
122	84	35	84	122	122	84
18	18	18	60	18	18	18
173	168	152	72	81	151	106
61	179	61	179	61	137	179
146	42	156	134	100	100	100
155	20	186	97	66	185	15
104	124	51	62	107	123	12
40	175	37	133	105	40	40
45	111	132	132	132	95	74
124	124	132	30	30	124	30
172	48	86	151	172	86	48
34	164	170	105	50	188	34
131	151	164	165	157	131	131
130	130	71	79	48	130	106
112	38	38	112	112	38	63
109	50	15	13	11	15	138
83	102	62	55	155	83	83
14	131	131	55	163	10	131
166	97	81	98	98	81	81
142	186	106	45	187	45	42
70	34	26	10	70	193	70
156	114	157	130	104	114	144
150	55	170	156	161	179	26
83	83	145	56	145	123	83
68	130	194	116	68	68	147
140	179	102	102	49	102	73
68	21	184	168	162	127	93
106	106	106	143	143	91	15
105	136	115	54	132	21	54
149	16	70	149	184	86	71
105	181	49	21	183	173	49
34	110	34	110	110	34	82
107	103	142	142	54	155	68
165	85	102	165	98	27	134
69	19	167	106	69	91	117
33	33	53	10	53	53	33
172	21	56	21	21	16	119
125	72	76	184	161	102	27
133	81	115	144	133	149	37
161	79	161	90	181	161	89
151	59	151	148	149	151	111
77	17	200	139	17	19	17
106	42	42	153	153	151	106
197	197	131	177	119	197	23
116	39	148	160	144	87	171
165	165	165	136	136	136	28
77	77	107	107	107	17	77
184	161	51	57	57	71	64
87	39	87	128	87	128	128
170	56	189	189	56	189	56
112	117	125	75	97	175	102
150	83	199	123	199	48	199
149	149	152	149	200	14	95
22	100	138	39	138	144	110
10	17	131	170	23	92	188
160	157	115	56	100	147	94
159	7	159	7	7	96	135
144	144	133	140	154	144	179
93	55	116	93	30	30	116
20	97	97	24	97	20	20
81	118	52	52	183	169	155
44	47	142	142	44	134	134
186	186	77	132	132	186	132
124	112	15	112	112	106	15
22	183	99	47	99	122	11
192	160	171	171	78	75	171
58	58	106	26	62	58	62
104	104	12	53	12	141	104
10	79	91	60	157	29	10
50	109	32	57	175	151	151
104	63	66	63	104	44	44
134	134	148	116	168	134	116
45	88	125	173	105	125	125
15	80	80	80	165	28	69
97	118	75	164	154	169	154
182	112	182	155	197	117	182
109	27	27	67	109	20	20
123	54	99	129	150	67	123
55	143	55	42	43	177	70
95	61	135	170	36	160	167
156	112	156	42	19	112	169
154	114	114	150	154	41	41
42	116	71	172	27	37	140
133	66	84	127	141	75	75
46	76	76	73	46	73	109
127	26	127	127	26	54	26
27	152	152	144	112	129	27
54	147	186	154	26	155	154
52	142	52	52	73	142	142
15	190	24	12	58	73	48
23	26	107	23	40	23	158
109	175	175	104	78	127	175
10	27	171	10	171	10	171
163	90	163	22	103	152	114
64	80	80	58	139	80	139
188	130	17	17	17	130	130
69	95	95	69	147	69	95
154	46	91	154	91	91	154
12	127	103	74	152	121	108
66	144	25	66	144	144	66
162	70	63	156	162	156	156
75	29	70	93	75	70	29
18	16	154	92	26	124	23
136	166	130	130	166	42	42
63	63	175	39	63	123	73
69	145	145	98	32	69	145
29	172	128	80	41	137	172
104	99	64	109	97	88	97
145	171	97	91	49	142	188
38	90	168	93	38	84	179
98	190	98	190	98	190	186
130	71	130	130	71	105	71
11	79	11	35	76	11	59
109	109	80	45	123	123	80
32	32	32	177	104	177	177
32	92	39	86	135	135	55
128	10	90	14	116	126	34
134	133	79	134	134	79	79
68	32	135	146	135	32	32
79	79	31	79	79	113	79
141	141	29	29	39	141	29
149	169	69	11	165	53	37
30	129	30	30	19	19	19
74	74	145	159	60	38	60
38	159	38	122	122	122	38
27	145	109	27	109	27	109
93	147	114	53	114	69	79
87	23	87	87	23	23	52
50	125	50	125	141	141	50
103	47	58	171	11	171	101
49	49	186	49	98	187	150
186	179	179	29	108	179	182
156	135	167	167	41	189	167
179	54	27	15	169	130	27
16	45	144	16	149	45	45
58	178	178	135	58	135	70
16	16	139	95	29	139	139
61	48	11	61	24	61	11
110	173	57	166	61	72	72
18	23	18	23	18	84	23
17	180	32	75	71	51	17
125	133	159	75	170	170	133
95	163	95	69	163	95	163
70	109	60	134	153	70	118
120	58	73	150	114	114	123
99	99	99	186	72	186	186
57	78	187	39	157	57	57
79	58	113	79	26	29	10
21	18	18	21	18	52	21
111	46	46	46	138	131	145
188	38	188	38	188	104	38
180	88	112	49	99	88	122
156	185	104	25	25	145	91
101	113	10	47	49	80	105
62	141	141	141	62	62	26
175	108	118	118	175	108	57
150	15	46	84	150	154	154
139	58	82	80	183	187	14
187	91	187	90	187	91	91
164	69	117	47	134	48	57
63	64	63	138	170	63	167
24	52	57	146	57	24	146
56	92	125	125	56	178	178
135	168	122	135	168	135	168
105	140	62	79	65	36	65
190	107	151	84	84	84	159
176	70	176	70	32	70	176
93	93	61	61	93	31	61
52	175	58	67	69	111	18
114	114	108	108	178	114	108
133	15	176	56	176	22	149
159	30	54	81	71	58	102
185	126	104	56	191	191	191
142	142	142	147	35	35	35
148	55	148	55	55	109	148
88	18	74	189	141	66	131
136	20	66	23	20	136	66
148	138	138	134	135	138	148
29	92	87	40	40	117	20
156	14	154	175	151	171	154
171	62	62	49	134	161	62
80	164	113	98	96	164	164
151	93	22	151	93	133	133
102	102	53	102	53	112	53
27	147	147	68	122	147	67
112	112	30	37	104	130	173
177	145	183	100	79	177	177
27	82	60	162	122	105	162
146	27	122	27	50	192	27
56	126	126	126	38	83	156
62	8	62	32	62	58	58
134	96	86	7	134	134	96
117	79	53	15	79	24	79
108	57	53	108	28	57	77
18	33	18	18	132	33	33
59	65	88	87	65	119	120
153	15	15	74	190	159	58
68	183	68	132	73	130	120
65	65	65	198	141	108	124
113	143	49	113	143	113	143
157	157	151	157	151	86	151
46	53	125	53	125	125	53
139	75	144	51	182	16	154
79	124	20	79	55	55	20
34	34	162	162	74	34	147
186	22	154	144	90	67	144
159	175	189	131	51	50	111
168	194	110	99	171	168	168
54	80	157	120	45	87	120
161	174	31	172	31	38	31
14	43	68	68	44	66	104
127	90	174	127	190	194	127
25	145	145	25	11	145	25
173	120	114	194	114	114	122
181	178	28	166	182	101	139
128	10	83	76	177	68	109
135	33	42	33	122	149	106
101	113	180	85	101	180	85
128	14	66	59	35	178	59
137	47	47	183	94	93	178
91	132	52	132	161	132	161
162	31	111	141	72	162	88
132	53	132	53	53	97	132
52	121	26	26	138	18	26
156	127	127	127	139	9	139
114	179	34	21	120	161	98
114	143	101	114	23	131	53
60	181	84	96	181	21	181
144	42	125	17	133	56	42
108	122	33	108	41	41	41
107	83	19	68	125	127	94
26	81	26	81	81	24	26
91	91	35	31	155	155	35
38	60	60	60	38	186	38
94	94	60	94	18	18	18
149	103	103	103	149	69	149
13	161	165	175	99	29	78
66	49	49	49	79	79	79
85	38	174	174	196	174	176
182	182	182	20	157	166	35
173	109	53	53	53	18	82
184	144	199	65	159	65	65
23	174	173	140	174	56	95
20	18	79	20	110	18	110
138	19	61	144	168	169	138
88	101	165	70	88	70	165
42	77	77	180	158	112	123
136	46	46	69	136	56	46
88	56	56	109	133	61	114
152	112	78	7	112	78	112
109	170	20	109	55	109	38
24	24	187	24	92	92	92
162	53	187	11	53	144	53
74	99	164	11	41	28	26
21	46	30	30	30	42	21
144	97	12	91	129	97	97
98	66	169	186	120	141	169
38	129	81	86	38	113	38
40	94	46	82	67	107	97
48	111	111	111	111	111	111
53	130	68	152	127	130	152
96	38	49	49	49	120	47
23	114	164	121	23	139	23
85	85	109	68	16	172	68
87	120	65	149	189	87	87
84	84	84	10	141	10	10
82	82	32	32	32	25	82
15	124	124	124	57	168	15
12	73	75	40	40	146	40
82	82	88	88	82	88	35
43	43	132	128	99	62	43
33	92	156	120	66	53	53
179	179	61	38	61	61	179
117	74	72	72	117	74	86
25	105	105	25	25	105	105
190	123	152	171	179	168	138
86	47	71	86	29	71	71
11	153	160	78	150	129	76
67	118	188	38	163	163	178
118	118	16	30	118	28	140
38	59	70	147	150	91	38
38	38	92	92	77	38	92
189	146	48	83	97	49	146
44	134	58	51	66	83	154
99	92	140	52	170	140	178
19	108	100	105	100	136	117
16	28	16	132	16	28	28
82	73	82	78	73	24	24
117	152	164	166	166	174	34
143	18	18	143	143	87	18
161	56	51	109	109	109	62
121	172	188	63	121	131	29
44	184	193	193	193	107	80
127	93	12	132	85	158	101
26	79	79	62	26	43	62
47	88	158	141	131	141	181
116	69	20	137	25	137	120
121	97	160	169	97	97	176
30	50	144	30	169	168	82
78	136	57	136	169	57	169
164	153	153	164	164	153	148
183	41	122	87	39	39	63
72	31	72	130	130	94	31
67	154	156	35	166	156	156
166	166	100	166	97	110	100
190	194	194	90	128	194	111
32	27	65	80	40	19	27
134	152	56	31	16	105	117
158	158	59	171	84	31	158
114	107	120	107	120	107	120
84	29	29	29	164	84	84
49	68	68	56	176	68	101
161	161	113	161	130	70	76
6	73	73	73	44	107	44
43	118	81	118	140	175	118
74	28	74	29	64	29	29
134	60	195	21	134	134	33
43	88	186	43	43	186	186
38	151	99	129	99	127	99
151	19	19	16	72	19	95
176	164	176	164	164	25	176
34	101	170	108	108	170	101
176	106	148	161	176	176	125
104	65	104	98	113	11	104
110	110	110	105	140	140	140
176	121	134	107	121	134	107
96	165	81	81	81	96	96
11	163	11	23	11	134	24
38	26	10	178	28	56	10
110	44	104	175	13	23	110
90	105	105	146	146	146	105
26	152	172	26	152	44	172
60	165	142	142	148	102	85
39	62	99	69	99	172	99
67	5	82	82	76	76	76
162	123	162	162	123	188	123
143	166	166	143	187	143	166
61	45	45	45	61	111	61
141	29	33	103	21	111	151
155	42	169	27	88	106	89
19	77	27	77	13	77	61
184	35	114	168	68	177	66
37	37	135	63	37	129	198
104	143	53	57	57	143	143
55	57	57	57	87	87	87
190	114	103	103	62	114	171
129	42	72	80	80	39	158
10	148	10	10	38	148	148
72	166	121	72	72	100	100
110	57	76	156	156	195	156
188	31	31	105	31	105	105
69	163	126	123	94	123	123
100	88	109	67	40	100	100
77	131	77	131	77	131	156
93	180	180	94	33	94	33
18	105	179	107	162	107	124
188	76	190	188	76	76	188
74	153	74	199	119	74	119
143	173	72	53	173	88	184
135	144	137	161	157	159	135
119	102	176	102	95	176	95
169	166	38	38	169	166	38
98	189	189	97	77	189	72
78	169	169	169	58	162	163
166	119	119	119	80	166	166
72	19	72	128	19	19	72
79	28	118	28	28	79	79
41	89	41	41	89	93	89
30	80	141	80	103	92	80
143	122	41	68	122	33	114
42	135	135	32	74	74	42
45	175	45	45	118	118	118
158	142	141	45	142	45	141
186	12	187	161	37	180	138
65	65	65	130	79	130	130
115	38	115	140	38	38	115
120	109	148	148	195	148	190
27	64	111	105	138	39	56
127	74	44	44	117	44	84
147	147	147	45	45	96	123
107	107	59	76	76	59	61
59	118	106	34	52	18	175
61	162	152	152	61	131	61
59	184	53	178	17	20	16
81	167	121	121	20	163	146
112	125	166	88	98	61	61
154	38	27	154	36	38	36
91	128	177	188	17	128	139
107	51	76	185	136	66	51
64	93	64	64	27	111	27
99	71	74	100	100	74	17
181	171	64	171	102	75	24
111	32	35	32	35	35	32
103	103	103	153	153	153	136
34	187	78	183	78	121	78
50	126	126	50	175	50	126
107	171	107	23	23	173	23
112	189	119	107	50	107	135
154	15	15	161	174	64	173
112	123	112	125	71	71	123
186	23	23	108	23	48	44
97	124	97	124	76	97	124
24	122	24	54	91	54	122
130	130	153	153	130	153	86
110	147	147	147	81	110	110
25	129	15	15	184	15	19
22	17	183	22	18	93	177
14	44	51	172	145	44	44
144	90	25	165	137	139	144
171	181	171	133	161	112	138
15	141	15	86	44	141	44
132	132	75	132	39	26	23
102	101	102	84	128	101	27
48	17	53	162	102	87	163
73	144	75	73	73	65	179
83	15	166	121	148	41	83
64	97	64	64	97	106	97
148	51	12	51	148	51	148
77	105	90	77	136	31	88
136	115	154	154	85	115	85
29	169	169	99	140	99	169
166	170	127	137	166	101	166
30	97	30	158	76	37	31
117	62	80	49	80	49	80
72	48	193	141	193	70	193
154	167	105	167	105	105	167
44	157	188	75	31	48	157
22	11	117	77	101	41	188
80	93	93	93	97	174	142
179	180	32	90	181	68	90
181	191	132	182	132	149	132
138	40	160	21	138	138	115
21	23	181	170	58	58	45
112	64	112	174	185	15	112
59	59	88	59	17	88	88
37	106	99	105	106	168	20
121	121	170	91	91	98	98
155	179	179	155	155	113	179
120	150	28	120	33	28	33
93	79	22	180	183	61	67
162	85	94	189	61	63	61
110	170	170	50	63	52	141
43	68	188	43	140	32	61
22	63	120	22	63	67	63
87	92	83	87	83	92	61
179	72	10	162	10	58	126
128	196	25	128	128	10	178
10	18	171	171	171	10	10
135	135	185	42	135	120	150
101	162	101	162	101	162	138
24	179	152	65	189	177	53
112	44	38	17	112	112	63
51	59	59	78	78	59	78
51	51	64	38	139	86	51
77	150	77	199	77	181	17
91	91	115	115	91	115	36
36	36	184	184	184	36	18
98	127	170	180	94	116	58
140	13	163	47	183	19	134
66	147	46	79	66	66	125
167	138	81	81	81	73	108
11	163	98	61	138	58	132
113	113	48	9	113	76	48
184	182	73	76	73	73	171
145	21	57	22	51	153	175
18	78	126	18	86	126	86
27	80	34	56	163	27	27
165	165	141	25	105	165	141
53	53	25	25	53	25	125
119	120	41	182	41	39	40
154	154	69	69	154	167	69
34	185	23	23	26	14	114
99	124	179	172	124	78	26
89	21	21	96	21	89	89
185	65	130	27	130	55	130
147	162	120	140	188	45	147
169	146	146	167	167	127	127
90	154	121	83	136	78	123
83	112	33	64	64	83	64
159	42	83	42	83	28	28
37	116	130	123	101	85	122
130	171	108	85	130	100	130
70	53	70	70	45	53	53
21	17	158	190	161	168	104
149	160	32	32	149	49	160
62	94	190	100	34	100	173
23	144	14	14	50	14	83
156	150	156	150	150	156	156
107	46	107	144	171	31	189
102	58	163	142	102	119	102
66	47	47	166	66	19	166
41	97	154	41	47	97	41
121	131	189	113	59	121	107
77	85	85	20	77	148	20
103	43	43	103	103	89	43
100	69	40	56	162	40	124
122	76	96	96	95	199	96
58	50	134	71	89	20	71
103	141	141	141	103	8	53
21	104	104	196	14	104	130
89	135	89	33	135	135	89
111	146	190	143	128	55	143
25	49	118	13	145	83	49
138	27	155	138	168	138	42
102	200	78	175	102	133	102
36	144	122	36	144	144	36
10	147	109	51	10	20	101
173	188	158	173	158	173	158
62	87	62	127	127	127	62
144	144	53	144	53	139	53
164	182	182	36	182	189	137
116	106	53	14	14	12	14
186	114	186	114	10	186	155
101	10	71	61	146	101	101
181	73	117	73	129	57	119
155	113	155	113	17	17	144
173	120	106	109	162	75	120
93	137	150	122	137	93	122
40	48	32	45	48	127	48
15	59	95	25	59	59	53
145	89	145	69	145	89	89
180	82	158	158	82	74	74
58	40	58	178	81	81	178
89	74	119	104	119	74	119
118	11	42	122	150	113	110
91	91	64	64	64	91	123
109	180	109	109	180	186	180
126	108	108	126	68	108	128
42	130	42	130	42	130	33
141	147	114	154	154	168	101
60	21	48	48	186	87	48
160	29	12	12	160	12	160
68	71	68	104	71	71	68
80	139	139	53	139	80	80
49	108	49	108	173	108	49
164	26	166	146	177	164	166
167	143	167	83	143	143	49
105	68	105	105	140	140	140
164	39	115	56	164	164	115
105	27	19	57	101	105	91
18	70	18	54	171	171	70
64	64	110	144	110	110	64
16	100	118	16	133	118	118
148	148	49	73	148	136	188
45	134	45	45	198	152	44
43	43	136	43	31	136	136
45	108	108	45	45	141	108
40	177	182	14	130	183	154
106	162	166	162	25	93	162
108	98	173	18	33	18	76
63	39	80	44	90	47	63
107	122	60	107	55	128	107
166	19	157	119	51	190	88
153	12	153	46	46	153	46
89	120	175	172	172	172	149
44	94	159	67	15	106	69
11	11	114	14	114	84	114
153	125	156	125	125	129	61
34	8	146	26	26	26	34
102	102	83	83	102	121	30
154	113	115	111	154	115	111
26	99	90	137	29	14	169
161	99	49	161	99	161	99
182	74	144	128	184	12	70
157	168	34	168	168	46	183
74	110	110	110	74	17	74
17	189	173	189	126	84	72
107	86	175	116	48	75	187
94	90	148	185	15	79	80
103	103	193	103	63	103	195
63	34	64	177	160	187	21
139	175	157	151	188	117	72
101	101	81	81	101	81	96
45	69	45	69	45	69	142
103	105	32	151	151	128	162
78	132	57	71	157	78	16
119	119	96	96	137	96	119
104	163	163	64	126	104	64
154	85	49	175	49	85	175
106	76	22	22	103	160	131
155	31	153	155	153	31	87
190	79	32	77	148	148	148
176	175	176	95	95	95	176
134	166	115	134	115	134	135
52	173	126	106	78	56	74
182	128	133	182	182	133	133
150	81	150	150	67	100	11
186	117	38	29	158	38	38
104	60	23	23	60	23	60
67	146	22	67	67	22	22
173	85	82	190	82	138	82
119	64	60	60	105	60	53
58	24	83	48	24	83	58
103	103	12	115	71	103	58
61	26	178	26	103	26	33
13	27	158	158	13	13	158
75	134	75	134	161	134	75
166	5	5	83	5	13	83
29	95	135	80	83	74	63
23	110	110	86	86	110	86
136	93	148	61	93	93	61
36	16	43	16	16	5	5
132	134	122	122	43	131	32
78	65	63	63	78	65	40
40	158	56	162	56	162	158
60	70	60	60	70	42	70
145	72	25	64	145	145	26
155	27	27	61	61	27	61
127	127	102	14	102	69	127
63	83	121	74	160	138	103
53	110	93	110	103	27	190
124	118	73	80	125	156	167
100	100	47	27	47	100	47
173	14	185	36	84	84	152
173	130	152	87	137	146	146
113	47	139	73	76	44	113
158	21	158	26	82	21	82
114	70	131	178	40	70	26
115	166	129	115	86	166	115
113	124	113	139	136	124	139
121	84	153	133	177	38	133
35	31	130	105	151	136	35
48	161	183	130	130	135	130
29	111	45	111	144	144	45
76	21	21	76	21	76	22
104	12	172	132	179	105	25
77	145	145	27	171	103	167
148	43	175	66	37	115	155
102	55	181	113	139	67	13
161	189	189	80	189	80	80
65	65	26	50	26	65	26
92	165	65	69	94	92	90
107	144	123	104	40	66	66
94	158	119	18	129	102	168
6	142	6	151	6	142	77
110	183	123	61	183	30	145
173	155	114	173	171	131	113
151	93	50	15	44	148	148
35	195	19	195	195	18	48
140	169	158	84	177	190	184
144	123	80	123	144	80	17
110	175	175	79	79	175	79
93	93	122	64	122	93	122
108	12	117	66	12	163	159
119	114	41	120	37	115	154
66	72	111	53	72	66	72
114	102	114	129	160	180	114
116	141	55	116	22	186	153
65	65	142	121	45	45	121
185	169	169	91	91	91	169
126	127	141	126	126	127	127
107	162	162	26	162	107	135
23	118	118	89	118	89	89
139	134	139	46	134	139	134
55	72	132	135	72	189	26
117	191	66	171	99	66	66
50	141	73	146	146	58	171
107	107	68	163	68	68	107
73	73	173	137	12	73	74
109	25	40	178	106	106	106
113	116	40	116	116	147	113
53	53	53	161	161	111	133
50	61	21	83	143	79	151
71	98	63	37	52	134	108
88	48	48	88	88	57	55
35	133	133	177	35	133	133
162	162	86	131	162	94	131
66	142	145	137	66	174	89
99	116	59	59	99	116	166
88	45	51	53	45	45	150
192	192	66	10	77	192	159
37	17	195	37	54	37	12
40	58	58	82	82	82	58
122	38	101	136	31	188	75
101	91	37	91	91	101	101
177	42	186	85	66	161	106
185	81	35	73	10	73	150
171	95	94	151	66	139	150
83	186	147	83	133	175	83
84	84	20	12	20	84	20
123	32	123	32	146	76	123
133	62	152	133	133	62	62
169	121	164	121	169	112	112
137	130	138	41	99	73	114
106	30	48	106	49	57	178
80	22	86	122	46	60	46
18	28	28	28	184	18	18
180	197	86	164	164	44	164
70	37	131	81	63	63	138
135	74	42	135	145	14	74
26	82	22	167	93	26	118
166	19	61	180	182	33	164
145	145	33	33	79	87	79
11	105	105	93	11	11	105
109	65	55	109	55	55	109
66	169	79	55	104	55	55
182	87	94	178	85	14	178
112	149	48	78	78	131	153
69	107	107	107	58	58	58
25	170	199	58	170	131	170
11	51	11	11	51	51	131
171	136	155	105	82	14	103
93	183	93	147	183	93	183
45	127	59	146	146	111	147
116	13	91	21	26	116	10
138	49	49	92	49	92	92
38	168	53	85	136	111	86
178	43	98	178	19	178	161
171	158	153	171	99	19	112
157	52	182	159	103	159	190
123	178	178	55	180	38	178
155	155	161	155	164	161	161
174	164	61	35	107	89	35
104	189	31	174	44	12	18
154	34	33	96	32	34	45
179	13	13	134	110	119	58
73	16	163	73	90	42	97
70	189	39	159	136	102	133
75	155	101	97	155	22	134
30	89	137	30	137	89	175
49	129	42	168	135	121	53
162	35	144	165	94	162	162
52	79	31	37	37	31	52
105	11	105	11	122	11	57
86	174	23	23	69	132	23
90	18	103	29	103	18	18
69	51	69	172	69	46	40
180	66	79	95	79	79	158
35	158	105	180	35	72	36
26	42	26	42	26	42	45
186	59	175	186	34	186	76
131	121	118	131	131	118	28
185	166	185	185	123	166	166
59	59	54	54	122	54	59
90	135	194	194	194	77	23
24	22	22	145	22	138	136
83	41	41	105	65	128	27
68	48	170	26	134	25	187
129	129	161	161	35	106	35
114	55	114	195	111	114	57
13	173	26	13	73	179	181
18	96	103	18	96	18	96
43	127	35	60	52	145	106
44	138	47	135	175	44	140
159	194	173	166	153	173	173
179	179	35	35	166	179	35
24	24	190	190	24	108	190
28	193	42	193	48	193	12
111	192	167	91	111	111	70
41	140	41	47	17	17	141
116	177	115	54	103	70	116
112	184	151	184	112	112	184
36	36	20	36	20	114	20
90	90	24	24	90	75	24
82	34	125	74	125	148	135
81	152	152	152	88	88	108
105	31	111	128	128	93	54
106	165	72	165	165	106	106
74	14	14	14	74	29	58
32	132	106	109	92	38	144
13	13	13	13	59	59	92
72	105	101	101	105	101	105
154	12	12	150	108	14	127
44	60	77	60	37	37	77
143	67	158	83	158	83	67
102	13	115	168	13	158	13
49	136	38	23	136	38	23
135	118	91	135	91	91	135
85	36	87	11	87	163	30
22	163	127	111	97	117	74
170	86	113	40	170	40	113
13	124	116	116	124	90	124
187	48	187	48	187	48	169
68	104	118	118	51	68	104
139	139	154	101	96	139	97
99	16	15	32	15	16	16
110	168	86	188	25	42	168
142	129	18	102	153	38	129
84	11	179	171	84	84	143
85	17	136	17	136	17	136
176	109	86	100	139	43	176
60	68	100	180	167	157	99
179	10	21	143	34	181	122
56	46	111	13	109	187	14
75	166	76	27	14	98	37
62	62	36	46	171	62	168
181	168	95	99	26	21	181
123	92	92	123	92	123	45
132	126	126	132	126	67	132
81	124	81	124	124	14	81
35	129	150	43	43	150	129
73	127	127	25	127	146	73
44	73	73	38	38	73	38
54	151	54	88	151	151	54
132	146	190	172	96	96	108
54	93	54	36	93	54	125
95	140	95	137	95	140	140
171	138	152	102	107	131	17
85	117	12	48	82	48	73
54	54	69	22	54	22	22
96	83	96	84	100	99	83
147	109	147	143	38	148	149
141	28	190	46	92	64	156
161	56	96	170	26	54	124
185	185	185	58	173	49	153
83	63	83	83	56	56	56
42	133	133	42	133	25	42
52	109	109	52	76	52	109
58	144	171	66	144	144	74
32	66	47	164	164	87	11
148	104	148	123	149	123	123
112	129	105	112	175	165	112
188	69	29	29	29	188	188
123	83	35	26	159	132	83
149	49	165	135	43	43	56
41	41	128	116	170	136	41
33	126	149	34	149	20	182
82	164	49	164	82	82	164
85	53	175	175	139	36	106
95	130	175	175	156	156	130
151	60	155	29	111	151	151
32	84	163	32	164	164	177
25	25	121	40	119	121	119
12	12	12	135	74	74	74
85	133	85	85	133	133	10
147	151	140	66	147	60	71
183	179	41	88	64	18	88
177	42	160	139	131	54	177
148	35	35	35	104	35	19
99	99	106	165	165	93	106
63	39	63	44	39	63	63
81	88	88	81	95	95	111
77	123	65	34	64	64	64
37	171	171	71	130	108	171
174	174	94	100	112	87	174
18	41	76	38	38	18	76
12	18	45	125	111	125	87
162	43	68	173	96	18	79
153	116	66	140	163	33	71
47	178	47	47	178	178	169
41	71	116	41	103	41	103
118	118	118	141	70	141	141
94	69	14	166	143	94	118
125	84	125	17	17	125	38
16	59	52	52	47	66	52
71	125	118	50	71	125	71
68	68	68	99	99	99	61
184	103	103	69	184	103	184
58	46	54	46	54	46	54
183	82	18	82	18	82	18
97	104	119	119	88	184	94
118	168	177	101	130	155	155
139	131	131	139	18	131	139
58	49	165	16	69	134	82
172	17	92	87	137	78	147
72	72	188	186	20	42	72
52	24	24	24	52	139	52
175	195	195	91	195	163	119
70	40	40	70	57	40	70
185	78	46	78	153	35	113
104	76	179	104	104	76	76
110	148	110	110	148	148	162
47	47	127	127	40	47	127
104	122	104	145	145	54	122
33	156	24	127	174	92	24
127	75	127	127	17	17	17
86	86	85	77	77	86	6
43	22	100	22	79	123	29
107	45	98	45	98	98	57
30	39	14	14	14	30	30
49	49	82	82	127	27	82
51	182	114	91	42	42	159
92	143	199	143	96	196	143
150	167	12	104	52	167	81
168	80	165	165	146	15	165
38	149	118	38	38	149	149
87	165	170	113	44	143	183
16	166	172	172	16	166	138
145	81	145	145	81	84	81
56	149	68	194	149	10	149
72	118	126	143	126	65	98
123	60	48	25	123	25	48
30	18	41	103	56	52	27
35	94	94	94	35	35	20
93	93	184	184	60	184	93
95	95	54	73	180	57	19
101	101	75	75	75	59	101
34	34	55	53	55	55	34
151	190	42	137	42	127	56
109	109	24	109	111	111	111
126	157	97	169	98	83	140
86	121	14	37	121	37	146
197	87	197	32	96	197	68
98	115	98	67	8	67	67
164	193	50	166	166	166	135
162	139	14	158	14	36	115
14	164	113	156	64	156	147
91	91	146	91	121	77	12
184	65	159	36	97	67	93
78	169	155	134	165	98	74
99	129	42	36	135	99	36
149	157	149	149	134	59	134
161	102	93	152	152	99	105
165	77	77	77	87	87	87
77	100	125	69	100	186	77
8	121	121	121	86	121	121
90	116	116	12	56	116	13
11	176	176	105	11	11	176
44	178	146	109	155	177	44
125	125	149	110	111	131	116
24	101	117	50	105	32	117
101	53	101	48	53	81	53
130	59	75	75	75	130	130
103	24	79	57	11	11	23
50	130	71	50	50	130	130
75	42	91	144	42	153	81
96	138	13	65	115	146	65
65	106	128	104	110	160	114
115	23	38	101	170	131	154
102	102	102	50	130	50	50
40	77	139	41	77	139	40
26	55	69	69	130	69	158
125	125	125	18	86	169	73
113	113	29	104	74	104	74
99	134	116	158	125	158	32
92	23	17	115	105	94	185
128	128	190	128	169	190	190
31	72	163	72	128	163	33
142	163	26	90	90	90	120
55	25	107	55	156	65	107
27	183	183	116	183	40	65
105	119	40	40	119	119	40
158	124	26	87	73	87	41
103	103	158	167	167	103	129
65	190	65	190	190	65	52
174	22	174	165	175	19	174
57	194	45	32	45	45	111
131	161	111	125	20	111	110
122	48	48	122	36	122	48
145	129	48	75	112	70	10
76	15	60	104	174	60	60
154	23	149	28	72	165	99
62	62	188	62	188	188	79
43	135	165	94	37	188	101
57	32	57	57	73	32	32
189	29	155	19	155	139	155
44	64	113	113	113	64	64
97	189	189	84	84	189	84
107	59	35	47	38	37	44
63	200	59	108	38	59	59
80	80	38	101	109	38	109
41	66	66	133	133	46	41
84	96	84	99	6	84	99
88	145	88	91	86	81	88
169	127	93	103	140	103	131
97	13	59	91	147	134	59
37	37	12	112	37	12	12
29	85	94	84	50	95	95
92	102	112	46	92	112	46
63	119	50	99	157	70	37
41	74	74	41	74	83	74
115	84	18	15	26	103	26
15	15	129	138	15	138	138
127	114	149	162	149	162	127
63	139	139	53	53	127	63
137	32	120	32	52	83	126
49	167	58	123	150	39	167
19	19	70	33	174	57	19
37	20	157	178	47	29	125
24	104	145	95	143	164	114
160	160	130	144	88	14	160
19	21	126	159	39	70	73
154	156	156	41	86	86	86
90	108	117	90	117	90	117
143	82	143	143	82	34	82
161	98	77	105	161	105	105
25	87	190	137	25	130	98
169	134	95	156	95	156	95
180	180	177	163	177	53	163
168	124	137	148	106	178	127
176	176	176	132	173	173	173
15	87	98	112	168	142	112
54	54	148	54	148	148	76
33	142	47	29	24	142	135
99	156	63	130	183	99	132
123	42	159	131	83	159	145
41	41	129	18	41	26	18
30	180	161	147	136	136	179
188	72	74	188	163	128	188
58	58	151	49	187	120	58
141	92	92	99	92	99	99
42	112	76	152	60	116	152
87	94	27	26	87	26	87
196	170	197	197	188	197	95
74	104	74	104	74	92	148
24	98	91	77	133	93	123
158	199	27	109	84	27	27
47	72	47	173	173	72	73
106	90	12	106	12	106	92
59	127	127	127	59	7	121
134	127	134	134	149	127	127
138	106	163	183	89	58	11
152	175	169	183	175	175	74
89	65	15	196	89	89	83
129	92	187	129	129	41	122
121	28	151	151	151	125	41
30	72	72	30	92	121	92
88	88	25	18	152	190	117
128	146	183	190	105	188	38
53	53	101	22	89	134	41
133	78	21	76	24	24	187
182	39	98	39	39	175	11
103	69	120	79	80	93	80
33	53	33	122	33	193	10
84	167	84	33	33	167	17
111	94	180	94	94	17	139
31	46	46	163	46	31	31
113	108	37	113	108	113	108
72	111	72	72	145	38	146
101	110	101	142	110	101	110
140	15	15	15	140	175	140
148	84	149	148	83	66	83
110	110	98	182	18	13	172
133	51	113	51	147	23	11
157	106	18	114	25	114	139
163	114	156	85	132	71	43
40	40	196	64	40	92	162
178	163	39	39	23	40	39
29	88	55	114	69	79	11
109	157	140	140	67	168	140
125	195	116	125	42	125	148
41	59	56	56	59	41	148
76	11	181	101	76	173	76
134	134	58	134	91	58	58
14	125	14	127	14	41	125
174	86	174	17	65	160	109
92	92	159	70	114	92	72
152	188	75	35	147	146	147
186	187	94	94	95	74	114
69	82	51	51	69	51	69
162	162	141	56	45	135	162
125	108	151	108	108	114	169
39	119	92	58	139	22	156
131	25	134	172	80	149	25
57	163	57	131	163	57	163
17	136	80	60	30	188	134
40	169	40	170	170	40	170
64	64	94	160	142	160	94
182	174	90	44	169	124	116
30	19	13	55	125	27	121
66	30	72	179	179	130	120
76	76	10	51	10	76	10
35	34	35	34	34	65	35
170	156	142	179	156	79	156
142	33	142	42	42	142	42
50	84	159	78	42	75	112
149	91	116	30	91	116	116
136	128	105	47	78	132	26
140	72	37	72	174	156	50
92	92	43	78	70	92	129
37	26	37	168	26	37	26
18	96	172	47	96	57	88
106	113	113	45	80	113	80
141	87	23	87	45	119	87
102	102	107	19	107	158	107
39	179	56	123	55	179	179
122	122	69	122	88	25	183
22	158	183	137	158	175	22
136	109	109	109	81	136	81
44	126	27	148	78	136	180
175	22	167	109	87	140	17
89	129	150	118	59	168	118
111	76	111	91	91	111	91
110	23	110	113	113	113	110
28	188	11	34	71	34	34
113	138	134	114	113	48	181
156	156	58	184	167	156	19
118	181	85	165	181	116	181
159	54	99	54	99	99	116
29	38	38	38	29	63	40
66	167	86	66	176	43	87
38	143	78	116	199	199	199
19	105	105	170	110	170	170
173	94	26	54	114	116	175
169	170	81	81	144	144	144
24	75	161	171	108	141	52
31	160	178	160	160	87	177
163	160	22	160	163	163	160
111	85	173	16	107	74	159
48	48	130	139	139	113	48
111	111	111	52	65	52	52
170	40	187	175	120	69	131
62	64	179	66	112	66	75
79	146	79	29	29	29	79
92	131	75	131	125	94	131
116	178	116	116	68	34	95
160	104	104	146	160	104	107
63	23	14	14	23	14	70
27	176	176	39	19	142	48
143	185	97	127	189	127	39
23	121	23	23	167	167	167
114	114	37	127	114	127	27
19	155	155	151	122	122	155
64	165	91	147	58	64	64
29	166	12	29	186	38	19
48	117	110	15	103	152	158
26	174	174	56	117	26	117
56	159	159	98	56	159	56
121	137	137	121	121	45	137
126	127	17	135	168	125	135
112	171	112	112	167	145	86
84	84	142	93	142	93	38
60	136	86	21	146	44	136
91	92	115	73	115	78	21
166	61	22	61	48	79	181
138	23	169	19	19	98	19
64	59	33	141	17	30	74
156	92	143	146	92	92	156
116	116	164	50	164	164	12
51	43	170	170	43	97	51
129	85	141	129	129	41	129
79	88	139	88	88	79	79
95	179	75	119	29	172	29
158	19	62	56	142	76	103
159	36	116	159	116	79	79
102	126	43	47	79	181	63
14	173	98	159	113	160	13
170	55	148	83	170	37	135
37	125	37	37	75	125	125
179	179	89	179	89	89	174
117	117	117	58	58	78	58
61	113	61	61	83	61	83
86	189	71	105	189	98	189
31	151	170	170	53	64	12
103	24	24	24	103	84	103
45	45	45	191	27	53	19
82	75	75	82	75	136	82
76	76	116	198	76	166	154
13	17	17	99	98	104	127
124	180	177	57	76	56	108
23	164	164	103	102	103	102
150	49	49	26	26	49	26
181	144	94	142	166	17	142
161	103	103	139	161	161	103
144	167	105	166	184	123	124
158	121	141	88	112	158	46
16	174	157	45	143	179	15
72	81	21	72	21	101	101
103	135	27	119	170	27	27
177	166	160	44	102	177	36
81	188	81	36	81	23	16
61	61	34	131	151	179	165
168	171	118	11	168	134	168
151	31	31	68	68	68	31
115	115	26	26	149	149	144
17	158	154	152	83	83	12
187	100	116	100	114	165	100
84	163	146	150	84	150	146
56	80	56	80	56	80	59
27	64	64	27	27	64	120
32	32	48	128	32	128	128
191	185	180	180	180	70	131
179	179	41	179	41	41	160
12	150	130	78	143	143	155
45	124	155	25	25	124	124
65	65	101	130	101	101	65
58	51	59	58	58	51	78
131	167	155	126	66	131	38
24	175	130	177	130	24	175
96	96	89	136	177	177	89
23	23	19	83	23	19	198
12	20	20	12	12	67	20
83	172	158	83	153	177	113
167	97	79	97	134	79	134
153	80	33	153	60	53	36
18	10	50	50	10	10	50
133	157	157	32	32	133	68
135	150	49	49	47	135	135
148	148	85	85	77	148	85
78	99	180	99	78	99	78
26	98	152	23	150	134	170
32	71	73	47	155	65	32
148	40	148	148	104	185	110
136	15	112	136	17	111	34
31	102	10	112	134	102	29
100	122	119	38	97	57	91
165	184	157	184	184	20	126
99	37	196	37	47	112	37
107	28	100	49	107	17	103
140	155	54	31	95	24	112
186	178	178	109	109	178	109
106	172	106	32	106	32	32
196	118	54	162	69	162	162
99	15	8	49	15	15	99
155	81	34	18	47	47	153
23	78	161	23	27	78	161
74	97	74	52	36	52	74
17	160	160	17	160	17	68
111	85	10	21	37	133	78
162	118	74	89	60	162	125
164	23	73	73	173	161	165
49	25	32	49	86	32	86
57	135	121	121	54	112	26
49	49	44	125	49	49	42
107	109	98	80	108	130	108
39	39	30	170	71	170	30
114	109	27	79	27	27	45
65	163	163	84	65	65	163
55	34	109	34	109	70	55
40	174	108	174	108	174	108
196	181	45	127	196	138	196
172	19	180	180	19	109	109
26	74	74	26	113	74	26
46	46	169	170	149	149	170
164	144	133	63	60	97	144
111	122	15	41	15	15	122
10	111	150	91	40	72	105
190	107	102	79	102	152	106
83	172	118	76	118	27	75
158	111	146	52	144	111	106
41	120	120	74	41	41	120
188	188	185	185	188	183	185
15	115	178	115	15	115	15
123	75	177	121	47	131	15
136	84	158	143	158	147	143
146	146	143	91	143	146	66
71	72	104	118	76	75	107
34	129	136	98	182	60	32
54	73	54	73	54	73	52
78	176	176	176	11	180	84
145	18	18	145	145	122	18
114	165	18	25	24	190	84
118	146	37	84	60	142	113
180	35	48	52	71	180	148
56	24	74	136	97	39	56
187	108	135	186	158	23	158
123	119	13	13	119	13	119
124	60	61	165	100	141	124
89	100	100	184	100	89	89
137	128	162	142	86	86	91
92	96	11	56	111	78	11
17	146	163	17	13	178	17
84	19	153	136	183	136	136
89	33	23	12	89	60	15
131	91	131	190	131	91	91
172	181	181	181	95	179	167
54	33	48	165	54	33	165
104	104	33	166	33	33	104
11	57	11	151	198	11	159
38	91	191	191	191	196	85
16	98	98	72	42	16	98
166	96	31	79	79	79	169
99	17	17	123	151	17	151
191	191	144	176	11	118	191
165	165	117	185	11	93	107
95	36	95	95	39	36	36
96	140	98	72	134	82	98
115	115	131	131	115	131	131
159	19	159	126	33	113	157
108	108	73	99	26	73	73
11	11	149	71	11	71	71
80	103	38	38	151	38	92
110	65	54	110	36	17	72
150	116	108	150	123	120	28
62	62	126	126	62	33	126
58	55	58	55	55	123	58
151	126	36	51	126	51	126
71	95	95	97	71	95	71
161	29	150	168	150	29	168
175	24	24	47	168	175	47
77	142	105	105	105	77	77
60	82	196	92	60	63	60
144	147	62	158	147	181	147
111	26	101	99	47	111	68
182	32	182	182	32	140	32
72	18	164	72	164	164	164
54	55	21	21	9	55	21
135	11	135	124	168	124	124
79	177	79	67	79	105	38
172	82	18	162	173	160	184
182	148	145	182	145	182	145
156	16	161	156	156	111	21
88	10	67	53	122	74	139
138	123	138	83	138	141	67
6	58	111	111	6	111	15
129	86	72	95	129	95	129
185	147	185	77	185	183	65
126	20	20	20	119	126	126
95	115	101	49	47	115	115
114	32	148	90	90	148	32
199	137	26	89	199	179	199
151	52	10	52	155	116	48
101	101	21	89	144	82	101
155	113	186	172	77	155	155
70	70	103	148	70	14	26
127	111	64	65	134	134	47
118	179	104	104	123	118	123
43	184	28	134	134	155	89
185	153	75	53	185	173	181
154	174	103	185	103	161	97
116	12	101	60	170	101	87
139	185	139	59	53	139	186
108	187	10	138	140	135	69
12	58	133	165	73	139	58
130	119	130	119	119	130	42
14	99	40	99	40	40	99
83	83	91	91	151	12	83
159	38	159	73	25	61	159
110	56	25	110	56	92	25
178	50	132	148	176	119	86
123	127	123	56	186	168	164
95	110	95	127	24	68	129
87	163	131	81	87	172	33
7	100	45	45	138	138	45
164	77	77	164	164	65	77
63	179	179	68	179	63	63
101	101	153	178	169	169	153
43	170	105	43	43	190	43
174	160	174	132	147	70	132
143	153	121	162	61	143	75
24	104	65	24	81	179	28
183	117	182	183	172	56	23
138	160	160	45	160	45	45
173	24	123	87	87	102	17
51	68	160	168	51	35	55
111	184	109	184	49	184	156
187	187	17	18	18	187	18
144	61	69	144	61	144	61
154	126	171	183	128	124	154
112	26	112	92	179	41	112
182	148	178	96	132	133	57
73	73	190	182	148	73	163
44	164	44	137	147	163	109
23	39	161	39	135	135	23
78	24	97	124	189	78	82
104	104	37	37	133	104	37
185	85	66	85	140	131	180
82	88	82	88	82	88	122
177	148	177	24	24	24	177
120	120	148	144	200	121	120
46	46	143	29	74	96	46
11	73	175	73	133	84	73
87	100	48	24	189	100	106
136	24	67	91	91	106	37
145	145	64	64	152	75	152
13	83	13	27	13	83	83
97	130	97	13	130	130	97
163	139	163	40	157	157	139
153	131	131	131	173	153	153
107	86	189	92	136	86	150
26	60	175	60	26	160	160
163	150	73	126	179	67	165
51	113	74	36	72	190	115
162	152	163	38	18	171	163
72	72	141	72	26	164	141
73	96	73	90	90	90	73
173	57	40	73	52	88	103
157	34	10	124	26	110	107
175	134	101	101	42	175	134
29	153	41	47	153	153	37
123	105	140	140	77	140	161
151	133	176	176	33	133	151
144	50	44	44	72	72	44
111	153	152	153	152	153	152
119	52	52	119	119	82	52
22	55	55	155	55	155	155
72	72	110	93	132	115	72
100	179	60	179	179	186	101
87	182	122	179	106	180	94
185	175	31	53	31	13	68
142	75	149	149	85	85	75
74	90	162	90	74	162	31
47	48	47	158	164	133	154
190	180	180	190	190	35	180
28	46	198	96	28	28	189
22	97	143	171	131	170	125
79	147	190	189	176	121	11
138	138	115	148	29	115	148
20	94	129	129	18	20	94
23	98	23	109	109	23	138
154	161	154	154	14	161	161
147	29	83	124	29	29	147
145	94	192	82	192	192	55
157	157	157	137	96	137	137
43	177	43	52	23	127	43
134	138	192	138	165	138	167
77	90	39	189	189	189	110
147	147	13	147	60	55	24
59	133	165	97	30	40	59
175	29	29	15	156	160	27
136	149	98	136	136	128	44
179	158	158	154	38	38	179
12	137	12	12	109	21	87
53	158	128	122	61	42	181
41	38	55	178	61	15	15
71	71	71	148	148	46	148
84	141	14	105	23	161	55
125	121	121	42	121	42	42
35	175	32	167	36	35	154
97	78	166	50	99	166	173
34	18	61	200	200	79	200
123	142	154	182	25	142	70
49	177	161	177	52	177	129
35	35	46	85	85	35	85
42	45	168	42	42	168	168
41	156	179	81	109	179	134
158	126	90	102	90	159	78
72	18	27	72	18	72	18
73	86	64	200	200	200	200
21	101	101	87	105	21	105
82	120	51	140	162	140	93
54	97	184	97	97	184	184
31	19	91	91	135	19	31
168	168	182	28	133	54	101
89	89	129	89	133	129	129
83	105	105	83	190	83	105
154	154	30	15	154	41	51
63	63	178	178	178	63	168
18	51	185	127	44	44	67
104	184	133	101	117	79	173
90	48	94	46	53	128	128
200	113	89	194	194	103	194
23	22	178	22	178	23	109
144	128	58	40	106	40	40
38	153	157	35	136	151	32
109	120	120	135	26	120	185
83	58	144	58	144	144	58
97	158	16	107	107	16	158
142	175	51	125	180	54	180
33	42	85	42	85	85	42
37	95	32	121	95	128	95
100	57	123	87	153	57	121
186	56	35	56	40	56	163
98	161	27	130	161	106	118
161	39	130	66	39	176	46
115	14	14	14	61	115	115
130	42	60	123	123	31	76
36	174	32	32	58	174	58
177	85	164	71	177	177	160
173	91	91	173	91	173	22
98	171	171	115	98	171	98
36	102	41	106	159	22	41
27	141	178	83	135	83	106
45	179	141	154	55	159	154
26	88	88	94	146	61	88
172	172	90	172	90	147	90
136	120	14	94	90	168	136
72	51	72	169	95	143	104
136	166	177	23	100	100	103
108	108	73	148	135	148	135
95	179	22	97	88	109	18
85	74	172	124	172	171	138
81	10	10	10	189	85	73
146	146	26	181	26	26	146
71	71	51	101	71	84	77
27	27	27	96	62	101	126
187	187	14	187	61	178	107
155	61	17	26	155	23	91
131	131	28	15	183	23	106
111	167	66	83	132	73	58
168	44	44	86	168	168	44
17	189	17	189	46	17	189
111	111	135	100	111	135	135
45	134	159	174	83	74	67
178	134	116	12	116	25	116
83	190	54	83	83	97	192
47	47	160	81	57	145	47
133	133	181	131	76	173	29
141	88	120	83	33	152	95
78	64	78	78	167	52	36
86	113	113	111	86	86	113
92	192	68	68	58	25	68
114	133	168	168	168	139	139
146	25	146	25	146	73	25
73	23	54	73	176	145	73
51	131	51	54	54	51	54
75	16	10	102	138	171	170
21	21	21	57	27	27	27
188	91	105	31	103	188	188
51	51	145	51	145	145	179
79	81	38	93	38	93	93
92	126	109	126	158	92	158
162	162	87	162	164	25	199
114	132	102	114	132	132	114
158	78	27	158	27	158	27
133	64	44	72	72	26	64
78	16	79	79	78	78	88
91	84	68	91	107	66	36
37	70	86	193	70	70	42
168	168	75	75	168	124	75
165	83	23	23	84	84	83
183	29	88	110	42	78	44
47	49	71	35	47	71	35
65	162	149	128	118	65	65
122	178	170	170	54	122	178
79	79	181	79	29	181	181
75	75	145	52	75	15	31
161	133	161	133	133	161	51
83	18	18	135	18	24	179
160	132	175	110	156	132	142
131	129	108	158	176	99	177
116	80	164	47	37	80	27
51	26	148	148	157	126	109
138	188	167	17	90	49	167
144	142	144	142	57	144	142
133	133	88	101	88	88	133
60	170	170	60	30	170	170
49	61	125	61	125	61	125
79	152	50	163	152	141	175
34	121	34	34	78	121	121
35	148	119	95	127	61	95
62	170	62	132	24	53	69
10	76	76	145	76	10	10
25	158	124	25	178	25	137
147	147	47	19	47	47	147
171	171	79	143	143	125	79
56	90	44	58	63	81	14
185	185	22	120	94	185	20
59	49	162	114	155	75	59
123	123	145	81	65	68	163
177	178	166	178	177	178	177
122	77	76	77	77	159	71
95	96	8	76	96	8	96
51	134	51	50	51	134	134
46	29	132	46	114	46	187
64	111	85	64	111	27	19
116	61	144	24	144	48	57
113	51	55	81	113	55	113
42	42	24	24	67	24	42
167	118	118	118	103	103	103
108	99	108	108	23	176	108
86	161	63	37	97	53	52
121	78	66	105	144	127	20
155	86	91	83	86	155	91
115	39	138	184	117	18	167
88	108	8	88	76	76	88
165	76	87	87	98	76	98
82	145	129	80	16	82	44
106	146	135	186	31	171	42
148	139	30	49	17	63	34
97	97	46	46	142	46	97
96	89	178	67	48	30	78
85	67	13	104	104	130	104
20	116	166	20	61	166	116
171	84	93	109	189	189	189
184	59	30	91	49	49	20
171	184	97	171	171	184	184
59	86	15	86	35	12	189
32	23	32	187	136	32	164
82	159	18	159	159	82	82
107	89	182	107	97	71	107
102	138	138	126	186	138	11
163	120	19	44	133	147	89
51	51	51	168	104	51	51
86	102	116	155	120	143	174
162	51	51	162	52	162	51
59	117	117	179	166	166	59
47	127	49	194	127	127	120
176	176	123	176	123	123	85
141	68	141	141	68	140	86
58	30	52	97	178	97	142
140	61	91	58	98	95	140
102	136	102	171	10	102	50
40	52	96	40	96	40	96
159	22	22	81	22	81	81
75	47	146	122	96	38	38
79	76	79	18	79	33	163
120	83	83	126	147	103	83
157	157	157	130	130	130	62
155	79	172	78	155	46	155
90	30	63	63	90	63	90
143	137	137	93	143	93	63
83	83	83	134	152	153	153
12	12	12	129	128	139	128
100	143	143	100	143	142	100
153	186	74	179	82	117	69
134	75	134	75	75	133	134
107	63	121	16	63	85	38
70	15	141	157	17	136	52
136	189	136	93	189	189	136
52	136	59	52	95	136	136
140	89	140	98	140	89	89
110	87	87	110	110	87	42
30	155	155	61	61	145	61
178	26	49	26	49	178	179
148	85	148	116	116	148	116
161	77	171	50	50	79	47
102	80	153	108	102	90	151
84	57	101	84	84	57	13
63	185	45	45	63	45	63
97	49	97	97	117	117	117
154	29	102	102	102	29	35
52	123	52	194	52	186	149
20	20	20	166	59	105	20
75	75	146	182	30	75	171
168	168	57	168	33	57	57
182	152	158	20	72	136	160
79	52	79	167	167	79	167
162	172	172	69	172	126	185
111	78	87	130	111	118	25
149	27	133	40	103	26	93
72	22	22	172	22	72	72
104	64	185	185	104	185	104
112	167	148	142	142	159	132
13	138	119	138	138	16	52
156	77	156	156	174	112	77
29	30	24	24	29	24	29
40	31	35	164	31	164	35
10	182	12	190	182	170	182
155	18	20	155	189	100	153
182	123	99	99	167	99	145
93	37	134	37	37	81	37
42	24	74	26	180	95	18
99	139	99	18	139	139	99
151	134	42	65	42	151	65
138	114	27	27	138	27	138
150	49	49	81	150	49	150
16	161	67	53	40	139	53
180	21	170	21	58	21	194
46	79	46	98	46	66	46
156	184	184	156	184	156	36
137	137	137	111	56	111	111
21	171	21	171	21	171	39
178	138	117	44	88	170	44
146	78	106	134	39	178	57
168	116	10	17	22	114	172
55	120	149	37	15	99	109
134	12	12	13	88	46	12
158	163	158	149	149	124	163
127	32	127	127	124	20	26
122	122	103	88	88	122	88
57	25	33	56	10	159	128
40	110	174	174	40	55	110
182	80	182	80	132	182	80
111	137	64	111	64	111	64
199	199	199	77	130	91	154
49	49	14	14	14	28	42
67	26	67	26	91	26	67
62	137	181	137	62	62	137
162	84	86	86	84	86	84
161	126	172	114	161	63	60
95	109	115	148	79	115	160
104	64	111	28	104	149	65
120	48	140	158	158	158	74
128	43	128	55	55	43	162
88	151	103	88	103	151	153
36	104	56	170	12	133	170
51	100	57	57	57	51	51
148	58	17	107	30	121	172
146	162	50	162	186	162	200
37	24	24	27	143	92	133
67	26	67	200	25	170	67
133	20	147	133	133	68	20
121	121	121	96	118	111	92
131	58	165	183	67	165	19
146	57	22	172	172	146	57
78	158	121	150	78	78	119
56	59	20	156	13	156	156
147	119	164	68	161	73	147
17	162	17	162	162	17	57
143	22	45	127	132	127	177
20	53	63	119	119	194	119
150	45	69	110	186	10	180
103	170	22	170	71	49	170
150	145	150	174	176	176	145
184	184	41	184	156	41	41
67	67	104	67	165	104	104
185	78	122	10	59	164	78
28	170	123	75	63	151	36
85	57	159	85	195	188	85
142	79	79	65	145	26	79
77	124	77	124	66	78	77
173	135	86	11	27	169	135
42	145	94	79	94	79	79
77	54	148	148	77	148	77
76	94	31	146	122	76	155
54	172	96	20	49	135	54
141	168	176	29	176	168	141
192	39	113	65	159	192	192
80	104	175	104	80	104	80
150	150	150	64	64	94	64
96	65	182	56	56	96	56
167	38	165	86	96	167	163
43	58	60	60	93	104	144
58	117	141	174	92	28	65
120	185	120	120	26	174	158
114	149	51	149	121	100	149
136	114	100	100	114	114	100
17	52	17	46	134	58	85
58	140	178	173	173	21	173
108	170	19	38	51	167	168
87	130	130	144	12	130	23
83	168	36	168	168	83	83
135	135	135	131	102	102	146
135	88	135	135	70	123	123
133	29	42	21	44	87	173
165	179	165	95	179	179	140
179	155	112	155	147	91	155
119	27	13	15	177	92	27
135	146	47	198	146	178	146
151	88	85	151	97	91	99
156	95	58	156	76	76	95
147	39	39	78	114	45	108
183	188	45	183	45	45	183
62	133	133	62	62	13	133
53	34	68	53	53	197	91
181	143	198	181	181	190	15
152	83	62	83	172	172	152
134	134	190	186	186	186	134
64	186	59	59	59	64	64
101	185	128	25	177	177	87
183	196	100	82	183	146	183
89	19	89	154	177	175	37
57	138	109	109	174	107	33
165	26	165	149	110	26	26
125	37	146	37	73	73	125
163	60	148	200	148	156	148
131	175	112	75	112	131	175
95	129	176	95	95	86	189
11	18	129	139	138	11	11
171	170	170	23	171	170	171
103	63	148	118	78	109	122
145	74	184	81	133	158	62
27	93	140	74	34	103	26
13	134	90	41	90	176	125
113	172	188	57	86	172	172
35	148	35	35	156	148	156
61	61	77	77	77	61	61
182	69	182	69	69	182	63
184	80	99	58	46	144	142
33	146	155	33	43	157	78
82	48	70	82	134	44	82
147	92	18	48	124	62	125
17	17	75	75	75	157	17
29	47	116	91	32	32	32
86	127	55	55	55	160	39
155	155	16	155	119	119	119
170	170	148	170	130	130	101
165	141	165	165	141	141	95
177	121	128	48	177	144	177
48	28	41	28	41	112	48
88	172	88	172	91	47	156
112	112	50	112	114	114	114
182	76	182	182	133	76	76
132	11	132	183	163	132	110
65	175	175	65	175	37	65
69	148	179	94	101	101	143
157	105	180	106	131	131	131
94	151	49	49	94	49	94
150	77	39	189	53	25	158
171	171	46	146	136	187	30
90	90	18	90	18	89	18
189	189	79	148	110	14	110
84	152	160	160	167	38	83
133	90	133	90	90	33	133
153	158	156	153	153	53	11
175	82	73	149	88	110	88
50	85	82	50	50	44	106
23	125	23	174	197	23	114
22	148	38	75	83	179	86
90	75	90	15	120	71	90
102	56	74	117	74	161	149
103	51	76	80	95	75	75
111	26	75	75	101	26	111
98	98	98	113	18	54	12
128	61	61	75	54	128	128
169	169	39	79	169	101	77
76	106	31	89	37	120	33
190	105	58	185	56	80	185
169	67	169	154	67	79	79
92	94	94	139	171	166	94
94	11	77	77	11	11	27
102	122	122	69	78	69	102
171	59	67	67	87	67	170
150	43	17	43	160	163	43
193	47	154	176	193	44	193
170	119	186	70	167	138	184
98	92	19	92	134	19	98
188	38	38	149	38	149	149
177	67	177	177	24	24	24
40	142	70	139	127	101	106
10	66	176	46	170	11	66
137	137	137	146	146	146	109
126	13	13	126	126	13	10
146	71	182	75	34	79	36
15	15	25	41	15	41	41
65	147	86	86	39	147	39
139	154	38	123	181	154	154
39	102	102	39	75	75	117
68	104	124	143	89	55	55
144	71	76	19	71	60	63
106	106	82	106	82	82	27
60	161	161	60	26	60	60
69	103	74	148	61	148	144
120	78	78	120	64	120	78
26	143	26	109	97	26	97
117	117	151	169	144	144	151
63	142	142	142	26	63	63
120	10	150	168	120	133	28
49	40	63	63	49	80	80
17	117	17	25	34	169	35
103	65	17	103	65	103	65
72	110	12	68	168	148	85
65	14	129	167	39	68	167
122	173	23	122	38	122	170
63	42	94	140	35	20	63
86	117	86	86	179	117	117
139	25	25	139	188	25	139
72	72	96	148	35	35	96
151	74	21	38	34	45	12
168	74	92	153	153	153	81
198	145	178	118	90	90	90
89	60	142	142	123	60	60
82	169	137	75	137	82	169
101	101	101	30	54	30	30
79	185	185	185	141	141	141
89	27	89	107	89	107	107
114	85	175	162	185	114	124
125	17	38	38	11	22	12
95	58	68	163	58	49	40
150	150	150	76	21	21	21
52	54	77	52	54	52	54
138	139	51	30	113	45	138
14	175	131	85	143	23	59
74	99	118	92	74	74	95
104	154	160	160	41	154	160
195	105	76	105	105	192	90
114	29	114	87	109	114	20
19	140	91	54	54	116	54
176	103	103	103	157	107	197
11	19	95	63	63	95	95
115	21	150	115	90	169	115
79	10	39	69	69	38	108
41	18	77	64	46	77	124
108	49	65	143	143	50	32
124	64	157	62	157	124	62
125	116	118	69	32	147	68
60	133	149	103	149	103	60
106	106	32	107	27	50	10
106	92	43	92	42	92	156
36	178	36	36	178	178	125
77	57	77	18	77	18	18
182	109	99	99	182	182	99
70	63	11	33	63	182	63
17	177	143	17	10	148	17
124	109	109	16	139	109	14
44	52	184	54	44	141	92
38	15	38	27	38	15	15
84	107	29	119	140	185	60
125	95	24	14	43	125	172
22	99	75	72	21	147	121
160	24	145	105	55	55	108
56	30	101	172	11	94	177
170	79	52	139	88	159	95
98	154	77	40	172	126	51
125	69	166	71	141	129	83
123	169	119	59	147	168	65
57	57	57	30	30	66	30
68	29	29	29	113	39	98
135	28	128	128	199	128	175
166	28	91	99	143	100	176
149	98	51	51	98	33	149
130	130	163	36	30	30	30
22	173	179	179	22	22	179
157	109	157	171	46	157	37
72	72	170	155	147	95	47
189	130	101	155	145	89	78
10	36	134	36	69	36	40
67	103	157	103	152	157	157
83	159	159	83	142	159	83
153	141	153	153	53	53	53
162	147	109	154	61	165	162
166	166	120	172	169	171	60
11	147	113	147	147	113	58
86	81	126	126	126	45	173
178	174	174	178	178	27	174
27	27	144	140	144	112	144
143	93	143	168	143	124	32
68	163	185	198	171	68	68
35	135	33	35	35	135	135
189	134	158	29	155	18	171
33	39	92	192	63	33	33
120	99	99	140	120	120	99
73	134	54	117	54	134	117
149	30	149	132	149	132	132
34	40	34	39	135	40	34
19	14	132	51	35	132	132
138	72	128	128	128	72	72
109	144	32	139	63	50	32
154	188	38	188	191	92	188
96	124	183	96	40	167	47
93	117	58	163	184	119	45
83	28	28	187	153	164	149
148	26	104	79	26	198	26
26	139	139	101	39	10	139
74	60	101	162	74	123	184
102	150	102	150	15	150	102
97	114	13	152	13	11	169
162	162	21	162	21	162	21
154	40	110	145	145	127	145
82	38	52	30	185	12	32
83	139	86	157	86	64	86
16	61	133	107	160	157	133
75	195	81	156	62	195	195
154	46	124	115	124	29	19
81	107	120	107	120	120	107
27	53	97	26	97	97	33
48	155	155	191	65	148	155
67	72	18	18	33	34	79
98	10	92	98	123	164	98
177	126	177	177	139	126	126
56	127	74	127	127	43	40
92	161	33	72	33	179	124
50	79	57	177	79	57	177
199	44	101	44	144	44	167
56	76	61	153	185	144	45
126	126	30	25	25	23	30
125	76	76	119	125	125	76
43	170	64	178	64	51	165
27	98	27	28	28	152	28
28	24	28	28	192	25	41
50	50	50	105	116	163	57
162	75	101	12	109	162	162
29	64	173	123	64	64	75
92	74	189	62	79	79	145
183	110	30	72	22	30	116
160	160	137	172	63	172	137
133	90	77	183	45	113	118
162	40	43	32	67	67	68
105	44	190	85	89	36	176
65	101	27	101	101	27	27
134	146	134	146	146	29	134
19	134	19	54	74	26	142
48	145	108	91	91	123	107
155	37	37	171	173	155	171
126	33	33	126	118	126	33
183	125	158	72	19	66	183
24	24	141	121	85	134	57
37	15	68	137	137	57	49
97	193	100	10	10	63	10
162	36	90	134	34	158	23
64	105	80	80	80	64	64
149	149	36	68	56	105	157
25	31	47	135	31	31	66
51	109	54	29	185	186	109
14	64	160	14	14	64	64
52	189	17	146	125	108	185
140	143	143	140	168	73	167
12	52	52	52	12	13	12
50	50	170	170	170	133	132
75	177	75	177	177	165	75
128	62	153	155	155	155	122
12	45	45	77	82	32	45
170	170	17	170	135	135	135
77	77	85	77	79	40	179
191	41	124	191	130	111	191
93	18	13	18	18	90	30
24	25	24	25	24	25	67
127	49	49	58	58	58	49
177	109	177	16	109	177	109
10	161	78	189	92	189	121
41	73	55	123	123	123	41
18	63	63	161	63	181	196
166	97	43	81	52	52	52
118	118	18	90	118	18	18
63	63	180	63	180	180	86
18	20	132	24	97	40	136
36	130	68	170	11	137	130
171	139	131	113	139	139	80
186	117	102	41	117	170	41
156	149	156	156	149	140	149
96	132	146	131	164	159	176
51	176	185	118	146	18	51
150	80	18	118	47	134	118
121	95	131	88	121	88	131
57	134	117	184	134	174	146
84	84	50	22	22	22	84
92	143	27	95	60	109	133
169	52	95	34	147	60	80
58	35	12	182	36	35	25
88	15	143	143	105	164	120
164	139	149	164	170	170	164
21	21	14	106	42	21	126
142	142	133	142	105	92	105
135	112	123	123	82	135	123
172	172	101	101	67	75	67
65	109	77	77	65	77	136
147	42	42	147	147	69	42
156	108	48	149	153	153	153
15	58	110	56	146	169	58
89	89	73	165	89	177	90
128	16	121	128	121	128	121
162	112	162	162	112	135	112
114	33	33	114	86	114	33
100	72	112	12	161	111	112
69	29	14	80	43	188	188
165	155	22	125	155	155	20
14	79	94	136	39	55	94
23	179	69	36	172	99	99
141	48	170	182	182	182	17
114	106	98	107	107	107	100
31	24	24	24	164	89	128
114	17	123	120	77	185	137
51	50	36	51	51	50	50
185	110	79	79	190	79	69
118	14	132	128	164	65	176
136	175	134	158	155	175	11
153	159	114	88	12	58	178
70	46	88	164	46	57	149
18	43	43	177	139	43	29
58	110	18	110	58	110	58
106	28	28	106	92	106	28
113	52	57	113	149	128	78
154	154	154	155	136	155	155
84	165	154	165	84	165	163
176	180	130	107	102	37	52
180	54	141	180	141	118	118
74	193	50	50	50	197	14
56	180	16	170	56	70	19
105	23	13	125	98	69	69
90	90	29	41	40	155	83
84	98	84	142	76	158	129
187	91	138	127	127	153	128
47	47	184	184	39	184	47
92	49	49	132	185	16	144
58	84	62	106	62	58	106
154	18	152	144	144	154	18
16	163	179	16	16	179	179
26	123	157	123	184	86	34
18	18	18	163	18	18	18
130	154	126	65	176	161	165
157	199	42	28	199	148	199
47	186	38	78	150	78	29
189	54	107	185	115	171	156
78	58	130	24	158	158	158
125	198	125	115	125	24	21
129	129	110	97	183	27	69
68	138	41	139	22	45	80
135	142	151	139	151	139	139
179	84	61	179	179	61	61
44	44	44	163	163	116	163
44	40	66	142	165	111	81
60	179	60	142	136	101	60
161	155	161	155	161	43	161
17	78	48	46	171	77	14
160	160	160	92	92	92	156
170	174	117	101	59	149	107
25	119	119	28	119	67	123
92	111	137	66	25	111	111
103	55	21	55	97	170	100
18	75	188	75	188	75	188
31	67	67	49	170	141	71
152	16	122	174	16	16	13
98	76	76	181	98	98	76
71	137	71	137	128	14	137
44	132	155	90	137	56	90
39	56	78	102	138	187	43
19	184	111	184	153	171	147
139	36	54	54	139	54	139
80	10	5	10	80	10	129
40	40	176	14	101	26	79
132	138	17	138	17	132	136
28	53	101	53	184	53	198
144	89	144	89	17	25	157
142	49	33	142	112	49	33
189	150	110	86	58	39	39
187	38	187	38	24	187	38
99	99	47	99	47	177	47
167	11	27	11	11	27	27
79	175	30	79	30	47	175
74	54	54	74	19	74	54
77	103	175	164	77	120	11
71	125	108	71	20	83	92
51	188	188	128	188	95	58
32	29	32	50	29	18	113
72	35	72	169	169	72	169
63	53	149	37	63	149	37
92	32	91	174	86	174	100
40	18	107	20	10	28	84
100	156	156	24	156	100	100
148	145	75	75	91	145	148
167	38	32	32	63	167	63
105	32	151	74	169	105	13
74	189	23	189	189	48	158
136	81	107	81	136	81	136
91	22	176	32	32	91	106
151	113	17	89	40	73	89
61	61	176	170	88	176	88
172	30	172	172	30	23	30
25	75	25	25	135	135	135
192	189	133	86	133	133	92
67	119	67	26	67	26	26
139	77	77	88	139	77	139
62	118	27	46	96	14	45
140	77	122	66	54	122	30
21	21	21	62	199	169	168
72	146	186	72	164	71	72
129	125	45	116	45	116	45
30	30	130	59	55	31	30
46	51	141	141	141	118	78
125	55	125	38	183	26	125
33	37	147	38	161	65	33
74	127	54	74	51	54	51
129	58	100	56	172	108	108
156	145	156	123	184	156	126
129	92	159	129	190	129	53
78	195	192	195	162	195	141
21	138	138	182	138	182	182
176	101	93	135	133	135	123
38	27	125	63	125	38	27
90	17	113	113	142	190	132
75	75	156	75	181	165	82
89	132	21	132	89	168	21
138	159	154	132	90	80	138
67	152	67	152	20	16	20
149	65	65	65	149	149	79
149	96	149	149	81	88	96
84	164	92	92	164	114	114
127	43	155	127	43	71	43
148	122	148	122	148	125	122
41	53	99	123	162	162	162
187	23	169	187	169	187	169
126	17	172	176	172	131	172
142	142	125	159	28	159	28
76	76	196	76	135	137	66
60	62	29	67	60	60	151
10	68	135	135	43	135	160
14	27	29	27	29	53	29
172	171	81	65	145	64	145
97	122	97	56	142	68	94
107	19	19	56	19	56	106
105	168	105	168	160	105	168
113	144	56	113	113	56	56
170	184	47	184	15	26	151
156	108	153	167	57	156	156
164	144	66	108	144	15	122
131	24	71	25	23	162	71
85	33	28	28	28	42	127
168	95	154	168	168	95	95
18	163	125	76	105	105	178
33	131	170	33	131	33	131
158	74	74	74	44	125	74
167	22	22	97	45	77	22
82	43	169	178	175	168	15
135	117	128	133	168	128	57
85	54	25	82	25	85	54
89	129	89	26	180	89	195
99	145	145	176	99	99	145
23	173	17	23	173	23	173
77	77	77	46	127	46	46
138	138	138	190	190	122	190
30	74	74	74	62	158	35
57	95	95	95	178	57	57
88	142	142	67	67	67	142
34	132	184	34	34	193	55
69	12	45	12	69	69	12
142	142	81	142	127	127	127
113	102	113	128	86	86	113
80	113	149	149	149	113	113
87	82	87	50	60	24	87
63	37	174	63	96	173	42
81	162	103	150	103	150	103
88	171	46	127	63	16	133
155	159	112	95	112	93	112
131	172	82	26	65	172	152
131	112	89	83	32	83	83
24	142	24	142	94	94	64
111	47	142	29	69	98	98
138	86	133	65	65	86	138
117	25	72	155	10	188	82
111	22	177	131	131	111	22
158	128	199	103	103	103	102
158	142	108	108	75	50	108
186	186	54	186	104	179	177
74	111	143	67	67	34	67
157	104	169	157	157	104	104
66	199	66	104	66	31	92
58	38	38	58	58	38	149
127	135	127	138	127	87	61
41	163	195	131	54	163	163
107	47	107	175	35	175	35
120	79	52	182	72	69	85
168	190	152	152	139	158	17
145	129	129	133	142	147	19
15	160	107	107	80	144	107
104	34	34	116	34	104	104
187	17	104	187	161	187	80
77	54	54	114	28	114	54
155	139	102	44	130	17	65
130	25	132	130	132	132	130
17	151	17	93	163	157	17
47	47	76	103	47	74	22
39	128	39	128	144	39	20
168	152	105	86	168	96	165
198	19	19	93	19	42	166
24	91	32	32	32	91	91
184	32	184	32	71	32	184
62	62	99	197	62	116	138
46	21	78	50	46	14	46
181	117	12	189	165	99	118
56	150	121	19	57	71	56
94	132	107	165	32	93	93
71	60	189	123	82	101	132
58	42	139	167	97	70	188
47	47	54	54	55	47	54
157	48	94	116	116	157	94
67	155	170	81	71	168	135
75	168	55	17	163	156	149
135	135	71	64	135	64	64
111	64	40	86	122	86	13
165	22	181	40	24	165	185
151	144	150	63	174	174	146
145	99	173	180	169	131	29
137	38	135	156	110	156	156
146	53	155	155	102	155	111
20	72	61	154	90	53	160
136	97	178	97	160	122	37
179	146	21	14	21	170	32
17	187	144	103	187	19	187
140	144	75	140	144	23	75
84	142	58	58	84	23	23
138	37	45	37	21	138	37
45	118	71	45	141	26	45
174	30	113	73	57	136	57
136	136	93	24	93	29	29
33	33	89	52	52	52	33
98	47	58	100	43	97	158
164	67	113	67	149	67	80
147	68	68	68	147	149	147
27	108	48	27	27	25	147
27	168	19	39	43	19	27
23	12	12	195	12	22	115
13	143	129	13	78	13	160
48	48	48	113	50	113	92
58	78	52	135	29	103	118
42	107	104	104	107	138	138
42	179	179	163	42	42	179
93	163	98	127	152	51	84
34	99	99	100	100	100	99
108	30	146	108	146	146	108
178	56	86	55	86	35	169
170	189	184	170	122	111	151
146	146	84	146	102	76	85
143	100	94	65	143	65	94
174	166	20	50	20	141	20
127	44	133	110	50	74	189
29	29	29	89	78	169	78
92	140	74	124	84	174	174
105	99	105	105	99	99	171
67	56	176	33	33	159	68
131	135	178	26	135	178	131
79	157	38	180	157	157	145
140	140	98	189	116	32	140
127	121	127	121	127	121	131
26	111	61	121	180	102	26
89	13	118	58	118	89	89
83	68	106	27	83	63	143
64	174	93	144	93	65	43
139	139	139	31	31	113	31
173	167	102	102	52	102	141
144	162	144	163	57	107	24
148	52	121	81	17	52	36
57	68	47	57	68	57	68
169	169	169	159	20	159	147
141	141	141	77	127	127	127
26	166	103	59	103	19	116
132	132	173	167	168	132	127
26	170	145	170	26	145	134
156	52	156	52	156	52	27
39	168	91	91	91	43	187
113	31	113	32	35	81	113
90	90	113	113	67	51	90
103	103	103	97	102	192	171
152	42	42	171	42	86	65
57	184	84	54	84	84	143
18	36	42	16	108	166	122
45	47	58	45	85	47	47
147	120	119	143	149	52	33
47	34	34	61	143	47	143
166	78	45	148	105	112	152
72	123	84	123	72	99	99
48	18	153	24	78	180	48
86	169	86	86	148	133	133
63	138	182	182	17	153	182
85	85	185	85	52	185	185
28	28	129	112	129	129	28
171	106	188	147	188	14	188
158	157	157	183	11	90	128
73	68	73	117	68	68	73
32	129	65	129	68	68	116
19	144	19	129	144	144	19
78	49	158	158	158	69	151
194	11	151	194	194	31	133
130	114	108	47	112	61	85
91	23	60	30	83	117	113
184	37	122	139	139	39	148
170	82	32	11	26	51	87
117	117	121	30	121	117	121
76	76	76	27	27	48	27
113	142	84	156	51	84	84
83	38	82	31	162	82	82
140	117	116	148	142	116	23
30	32	127	32	32	127	126
150	150	138	150	138	152	138
122	68	122	122	23	23	32
10	177	13	81	96	13	13
122	85	122	130	166	98	39
149	85	68	106	149	101	149
150	111	197	37	125	197	197
137	59	10	59	156	57	133
81	41	154	58	58	58	154
106	31	127	127	108	190	153
88	22	27	22	161	26	22
101	45	136	101	156	52	168
68	68	12	12	12	68	43
145	122	61	122	61	122	61
153	153	176	176	60	176	153
173	25	25	50	25	50	50
171	21	160	171	21	104	160
92	190	170	19	33	172	170
156	148	78	156	60	60	148
156	162	162	162	46	156	46
140	160	117	117	130	161	140
148	33	33	22	97	97	22
153	37	101	56	114	61	116
136	136	95	136	95	87	95
24	84	171	71	164	95	124
154	163	98	108	163	163	173
73	51	22	35	98	63	187
84	45	88	45	88	45	88
150	46	170	165	170	104	42
76	54	158	29	29	54	76
150	168	150	179	179	179	150
48	75	143	176	188	143	109
89	83	83	83	89	89	64
183	132	183	154	132	183	132
52	32	81	82	172	82	44
143	57	79	57	99	172	142
177	145	88	29	80	140	45
175	100	175	175	122	122	122
199	199	72	85	72	124	199
85	50	20	112	156	90	109
46	141	60	82	42	148	60
38	120	55	158	109	136	60
15	184	95	77	102	141	121
116	140	116	140	49	140	116
194	186	90	117	186	186	149
155	185	58	147	39	170	147
179	179	190	179	68	49	55
148	42	42	155	98	200	42
60	60	141	123	123	60	123
112	66	69	69	112	171	171
41	54	41	24	54	41	54
167	83	103	70	103	34	70
134	118	179	179	179	134	134
161	114	21	139	139	72	74
128	97	152	129	129	129	174
139	133	139	139	149	133	133
122	74	27	88	121	72	72
49	49	15	31	146	49	106
171	16	16	87	78	19	149
63	97	104	104	104	63	63
189	78	90	153	103	183	175
106	106	106	122	48	133	48
35	157	117	126	36	129	151
125	125	125	21	126	126	126
46	46	120	39	46	120	120
172	67	148	176	178	171	16
127	99	56	47	188	47	47
55	92	134	55	55	134	134
132	79	59	123	97	150	97
176	176	141	113	141	141	176
43	72	47	72	180	43	47
190	136	136	42	108	20	83
149	109	115	98	149	149	115
100	198	138	100	100	49	190
110	169	60	103	26	169	147
43	92	92	180	180	49	43
154	180	189	73	112	21	40
111	48	111	48	74	111	48
10	55	125	129	55	55	10
147	12	78	147	78	66	78
176	91	109	109	91	91	109
47	148	109	136	103	102	148
18	177	39	37	56	179	125
145	109	117	75	165	13	91
72	72	146	146	186	146	72
94	94	144	94	54	41	144
68	31	169	49	38	49	34
75	169	75	75	165	169	169
177	142	135	63	135	110	86
44	21	44	137	44	42	140
105	143	16	16	143	129	16
168	136	144	58	12	30	30
102	35	152	52	102	119	159
22	94	152	136	22	22	143
168	45	23	23	131	168	168
23	28	118	56	67	87	67
128	128	105	15	15	128	15
118	42	153	171	171	65	52
34	34	34	119	193	143	147
47	55	55	73	11	92	105
69	141	69	15	60	152	168
132	109	161	190	67	49	65
33	132	92	33	184	33	144
14	146	171	171	189	171	23
110	132	187	90	168	166	85
168	168	107	118	87	118	168
174	167	70	108	18	167	189
174	91	66	33	53	31	80
97	112	151	55	75	97	186
20	23	20	97	122	35	46
151	87	33	151	15	33	87
44	24	44	146	109	44	111
150	39	87	178	177	146	50
40	80	114	114	114	23	136
132	165	35	187	132	126	72
71	125	10	118	54	157	171
142	142	142	47	82	47	20
111	197	111	18	52	111	37
39	39	130	26	76	130	76
29	119	88	111	125	125	125
66	133	82	84	29	138	164
128	128	128	130	130	75	130
159	159	174	84	110	26	37
30	200	81	46	200	148	200
38	67	115	38	164	156	38
118	106	35	106	75	75	118
86	136	86	106	141	56	186
89	89	35	40	40	40	89
70	106	70	39	129	106	39
134	33	97	119	135	97	112
198	121	121	39	121	10	40
182	29	75	153	75	155	72
100	58	113	173	50	144	50
152	43	153	43	152	126	153
76	32	76	96	106	76	160
34	34	108	134	134	34	79
48	121	175	28	121	175	121
33	31	33	24	31	124	31
180	180	188	180	188	188	151
63	60	47	80	17	80	33
177	92	136	142	96	153	83
129	131	44	44	55	131	129
131	22	119	50	119	22	22
68	130	68	118	78	130	78
20	20	146	20	146	146	28
190	26	26	190	60	190	26
55	43	55	109	82	109	43
60	57	143	115	88	104	115
186	166	78	184	69	95	80
120	120	55	55	120	116	55
102	107	115	32	135	136	189
163	32	180	180	166	32	163
70	85	44	140	140	44	44
16	11	16	11	11	54	16
22	103	26	26	53	26	132
80	185	16	138	30	138	175
125	56	98	150	13	125	112
69	190	69	39	39	39	69
17	94	115	41	59	94	42
182	127	133	160	184	160	164
163	163	163	175	124	33	31
138	154	179	181	181	190	122
66	167	66	167	99	66	167
163	163	163	157	157	157	27
96	170	193	166	170	180	170
147	111	147	111	147	139	111
117	79	79	32	79	32	32
144	135	75	75	87	75	145
19	45	45	45	19	19	135
37	125	125	61	103	178	112
169	118	82	169	30	51	169
33	133	133	45	156	39	45
142	105	142	105	142	105	139
189	155	53	155	88	134	155
188	109	164	188	164	164	188
111	145	22	134	108	174	111
84	14	31	85	159	84	84
120	32	57	57	33	149	57
108	189	24	182	100	189	189
80	178	121	80	55	51	80
184	155	121	121	155	121	175
166	124	145	166	164	11	99
26	150	59	20	31	52	77
56	163	83	44	136	56	33
98	129	160	160	27	93	54
151	136	151	151	136	149	136
159	84	10	84	10	84	10
129	129	162	76	50	79	154
20	66	47	20	39	39	47
159	159	159	15	142	42	25
94	48	132	104	68	16	106
38	57	133	27	190	88	104
161	117	161	117	117	161	20
125	168	66	169	186	125	125
88	116	79	51	144	135	22
128	90	104	90	46	90	123
148	161	111	167	161	185	77
44	160	180	18	54	180	14
23	23	104	153	110	130	61
18	58	18	20	20	83	83
27	67	195	141	59	27	27
31	175	124	65	49	162	103
129	61	95	129	95	95	129
103	150	150	103	103	80	150
42	125	56	125	125	62	42
138	116	110	28	116	26	111
126	127	46	82	117	127	127
30	52	30	115	30	130	58
87	135	135	69	106	154	33
68	108	68	158	108	24	158
187	181	40	123	89	123	123
56	56	28	107	56	107	107
72	141	78	72	96	78	141
100	84	19	84	62	19	100
87	102	48	72	56	178	87
21	86	112	172	172	134	184
65	65	65	26	117	26	26
178	91	178	178	178	178	178
87	145	177	79	72	186	104
139	119	132	132	139	139	132
127	127	16	197	119	80	127
153	166	71	140	157	157	157
157	58	57	53	118	172	49
183	53	123	53	53	183	183
80	120	67	159	48	67	33
106	92	82	105	32	82	82
98	51	93	34	13	98	126
118	45	118	65	129	118	195
27	146	146	146	121	24	32
57	79	177	68	102	51	162
35	35	111	194	35	57	35
139	144	53	139	53	53	139
72	62	159	62	97	62	52
120	27	61	158	137	77	150
110	13	56	13	13	110	110
65	188	141	12	161	89	44
156	49	173	173	156	156	173
116	59	59	59	138	116	116
54	127	148	54	197	146	54
168	114	63	168	63	63	168
20	131	120	114	75	20	90
40	145	123	145	123	145	123
72	105	72	31	96	72	152
44	161	141	141	178	141	41
27	179	129	29	142	107	91
38	196	171	171	171	67	198
68	192	89	101	33	68	68
46	156	82	48	82	190	61
90	105	109	69	170	10	127
11	50	11	11	45	45	45
113	145	169	76	145	61	183
90	90	143	143	90	37	143
127	118	15	81	187	88	157
66	154	39	101	152	72	72
59	79	38	78	79	59	38
146	57	146	57	83	57	146
19	31	143	19	19	103	103
93	42	61	42	29	103	60
168	57	41	78	173	48	78
143	171	64	171	12	82	127
100	120	120	100	120	100	78
53	53	122	159	159	156	91
161	90	89	161	89	161	89
24	34	169	121	186	34	34
47	88	184	81	81	65	63
117	38	117	63	139	117	133
101	21	21	101	21	101	21
37	130	48	37	37	191	170
94	111	111	94	52	94	111
100	15	161	15	161	161	15
18	8	86	133	133	8	133
98	84	65	57	188	22	63
45	45	45	32	136	98	45
190	64	132	13	41	142	88
119	15	119	20	20	20	161
71	86	83	13	72	28	15
146	158	124	124	124	158	158
60	164	143	122	23	173	60
109	81	109	109	84	171	39
142	77	77	142	178	178	22
167	180	103	167	68	70	167
13	115	107	123	40	123	166
113	113	199	130	104	21	113
133	41	106	170	106	75	106
169	149	111	149	111	149	111
55	120	141	120	120	141	141
10	180	168	59	47	173	85
77	70	58	137	58	58	137
36	133	133	130	36	99	99
126	99	114	126	99	126	99
116	79	116	116	186	10	11
185	70	185	139	70	185	70
34	25	34	25	25	120	34
129	123	99	129	99	129	99
178	65	146	182	50	170	146
63	134	63	16	117	134	16
58	160	131	58	66	157	153
66	66	95	78	66	95	95
198	149	198	102	109	198	125
35	159	30	176	47	106	34
40	91	177	131	91	91	59
144	144	97	144	62	62	62
123	158	29	50	104	124	164
38	163	170	164	149	18	27
10	33	33	20	196	33	88
107	159	159	57	117	159	117
40	128	126	67	78	149	94
181	144	155	65	75	65	65
67	134	80	134	134	178	190
190	110	174	189	25	109	93
33	35	76	35	35	154	118
31	155	157	31	55	24	98
174	17	37	32	75	174	106
45	135	168	113	169	25	168
46	126	66	66	66	126	126
91	71	91	69	71	71	165
121	115	58	58	139	139	58
93	92	92	93	92	156	93
167	167	124	176	22	121	153
108	101	78	108	108	54	174
189	79	54	186	188	16	54
137	173	58	180	137	120	162
73	74	73	175	175	73	175
155	40	155	182	31	20	180
38	169	100	143	75	156	172
79	70	49	62	190	162	49
83	86	83	86	83	86	42
179	59	125	139	178	124	161
85	17	70	176	85	103	178
173	166	124	154	187	146	60
181	20	21	147	24	17	25
66	179	192	118	192	192	192
48	176	79	113	103	130	154
93	93	92	93	75	75	75
22	62	65	143	130	132	85
164	49	116	129	25	164	164
91	39	131	30	39	30	91
22	43	25	22	159	43	25
191	61	61	192	194	135	61
179	151	187	39	151	151	199
50	68	50	68	32	68	50
146	146	119	151	50	99	169
161	114	105	11	86	136	105
146	146	134	174	122	137	33
54	111	14	144	54	189	111
65	42	42	160	42	139	67
109	165	165	105	165	105	69
105	54	41	66	41	66	54
11	63	11	11	63	63	137
34	56	78	56	53	125	146
161	97	97	97	49	49	49
37	152	28	106	185	40	185
100	164	109	13	117	99	109
148	159	22	138	54	148	110
76	93	39	143	143	153	138
126	130	110	90	151	143	90
131	131	176	19	146	25	78
165	157	111	166	51	44	101
42	42	90	90	42	138	90
127	163	163	174	123	106	185
104	104	82	17	145	17	145
77	15	79	77	77	79	79
60	88	79	159	88	95	93
58	58	17	54	17	54	163
198	165	119	165	165	66	84
55	109	39	109	56	55	56
168	90	168	156	130	168	152
39	62	137	38	55	160	130
169	178	180	180	180	169	169
63	41	41	185	188	152	41
190	165	190	59	165	165	190
168	15	184	74	15	186	95
130	130	39	39	60	77	60
160	36	35	13	74	160	160
89	50	50	71	13	50	146
173	126	159	126	80	89	48
92	16	164	164	16	16	164
151	166	130	151	101	130	151
39	25	73	25	83	126	25
87	58	52	81	87	138	92
118	42	28	159	118	62	141
18	41	55	29	44	89	144
90	119	90	164	161	90	119
150	73	176	73	73	150	150
20	40	131	119	67	116	148
42	42	36	36	36	42	86
48	105	105	121	121	117	105
117	125	113	93	93	93	125
94	94	71	94	68	68	68
62	16	110	149	110	149	149
77	53	63	42	180	105	53
157	157	16	157	132	16	16
129	129	35	35	151	35	129
84	84	35	84	35	59	35
132	75	127	93	124	25	114
13	13	18	13	18	18	42
80	189	32	54	80	158	80
142	165	165	10	90	142	165
95	12	13	115	95	115	95
113	136	28	111	12	63	28
133	95	163	163	44	64	96
166	26	24	130	158	158	119
154	128	128	128	154	112	154
30	30	73	125	14	36	30
171	62	98	67	120	120	141
67	57	128	117	61	57	57
51	51	71	51	36	45	45
96	185	185	185	96	96	134
169	134	134	169	100	169	134
47	134	146	132	71	47	60
156	82	143	65	143	160	105
152	182	72	72	133	67	180
98	31	19	147	116	31	56
77	73	77	190	118	185	121
52	160	88	71	160	71	88
109	109	109	199	82	71	24
61	157	104	67	93	105	67
99	47	182	59	134	160	99
182	94	65	84	35	71	35
54	133	153	146	54	133	133
118	53	30	23	78	78	179
106	152	152	106	130	112	130
157	190	190	160	157	190	157
138	63	94	107	34	107	79
64	32	64	149	31	64	149
145	170	145	170	46	101	101
50	112	92	95	79	125	39
57	20	57	20	57	20	57
19	70	188	112	125	117	125
15	27	27	89	89	27	89
52	162	63	38	105	178	116
182	139	182	139	44	182	139
190	190	87	134	34	78	190
65	84	65	84	71	65	84
116	93	116	35	39	39	93
24	152	80	61	136	61	12
90	60	165	73	73	90	60
114	98	83	114	83	83	114
14	138	127	121	74	142	28
155	163	16	155	16	92	92
73	173	73	173	173	73	112
64	114	114	42	42	82	42
72	164	164	62	119	62	62
198	198	198	25	176	129	192
133	54	54	133	144	50	144
83	42	105	83	83	105	105
49	49	179	164	14	166	20
57	103	90	90	67	103	90
166	168	130	78	166	78	166
162	19	151	128	32	74	162
83	51	37	193	83	83	50
177	133	177	133	187	133	177
177	171	167	171	61	171	144
144	144	79	144	171	171	171
62	20	123	148	148	20	20
68	92	92	114	68	111	111
82	120	136	120	33	82	136
155	176	32	176	66	176	155
183	45	171	92	10	66	157
189	83	15	85	31	189	189
137	101	56	89	188	36	14
143	102	127	138	106	117	143
180	82	88	160	28	165	29
121	137	167	98	91	98	13
148	148	17	151	140	17	151
80	76	76	62	62	173	173
108	127	108	182	48	108	20
134	114	134	114	125	51	114
137	136	152	10	54	98	162
27	100	84	100	31	125	40
124	145	57	57	120	137	87
35	154	154	116	116	116	154
55	90	184	90	172	147	157
168	175	104	167	151	173	14
58	158	144	32	97	78	89
29	46	46	29	28	46	29
45	67	67	45	67	106	45
42	94	94	42	42	94	131
85	119	56	145	19	148	85
69	152	190	16	152	26	67
172	180	124	144	180	189	29
38	165	26	187	51	165	165
136	100	136	100	152	100	136
26	125	125	125	26	137	26
11	114	66	11	109	11	66
36	36	38	197	194	36	121
129	92	81	39	82	92	92
46	89	44	46	28	89	28
91	51	152	159	35	112	186
148	141	49	101	60	12	88
37	175	73	10	97	95	97
91	97	157	86	57	58	174
53	179	12	179	12	12	179
162	25	81	110	130	183	170
33	108	131	10	142	33	33
72	83	72	72	189	189	189
119	42	49	49	42	155	119
146	123	135	135	161	47	64
119	177	69	142	58	119	71
54	134	152	32	131	153	91
56	107	28	83	35	26	31
133	165	154	40	154	131	101
59	95	99	59	59	99	99
93	97	93	93	52	39	39
49	49	187	187	116	49	187
31	31	31	23	23	111	23
72	58	75	59	72	61	87
149	63	144	188	144	144	49
99	52	99	80	140	80	140
153	148	140	153	140	131	140
55	149	149	21	62	173	144
124	38	124	115	52	115	52
127	118	15	15	127	127	15
170	57	99	77	57	170	57
47	182	139	182	76	155	182
147	22	147	22	22	22	147
166	166	85	109	85	166	85
165	19	156	156	23	129	53
190	90	90	17	90	197	79
145	30	30	161	104	145	161
71	176	71	154	176	71	176
25	64	120	150	111	132	64
114	95	150	95	56	12	95
136	67	67	67	21	94	136
21	108	48	13	147	169	12
131	103	175	85	131	163	81
100	15	152	152	177	175	152
161	164	46	46	46	88	102
158	95	158	95	165	155	165
130	107	130	48	48	130	108
82	82	32	32	35	32	82
77	98	157	53	105	98	145
121	27	102	20	27	102	121
45	106	31	116	179	69	152
86	130	106	106	35	106	162
161	67	12	75	115	81	98
41	176	55	174	41	82	41
24	101	199	151	18	101	101
35	123	87	87	87	67	194
181	112	183	76	63	72	66
133	14	105	53	19	105	14
82	90	28	76	82	76	90
152	132	62	61	152	61	61
26	163	163	26	57	26	163
64	148	134	158	158	158	64
181	91	181	61	91	91	181
146	146	106	106	146	106	130
120	134	120	22	134	120	134
93	124	21	158	94	124	124
15	15	36	36	133	15	36
120	44	120	120	44	44	76
107	176	102	180	13	59	99
61	97	104	104	104	97	97
51	164	171	51	171	51	171
24	145	24	145	145	24	76
42	45	81	158	63	63	93
20	110	190	180	190	190	151
111	63	180	70	169	129	111
27	102	27	27	102	102	134
65	86	70	35	141	75	141
94	35	12	125	125	69	125
184	65	138	189	131	83	24
171	25	68	85	85	121	74
94	108	30	168	76	111	168
143	143	59	59	143	59	115
119	44	54	85	44	54	119
25	65	25	146	146	146	25
50	184	75	47	38	38	132
163	86	66	21	79	21	43
183	176	79	85	176	163	176
109	84	163	129	139	109	41
178	164	23	178	178	148	42
53	170	97	138	96	96	27
89	89	104	89	13	67	67
164	135	16	154	14	184	16
139	153	153	42	45	153	184
174	137	102	88	44	141	160
132	132	132	80	92	194	73
192	192	163	111	192	127	68
74	175	140	42	104	145	32
136	65	132	25	155	74	119
158	113	96	113	57	57	158
18	143	18	119	50	143	119
160	155	81	81	146	142	140
82	129	29	143	41	187	129
28	189	175	22	31	132	28
35	28	35	133	28	28	35
74	37	42	189	147	74	77
117	157	157	117	117	157	172
153	185	122	94	74	120	69
24	61	24	164	188	155	24
182	84	25	45	84	84	27
23	71	133	99	89	170	71
138	138	140	146	140	104	146
54	180	168	85	188	51	147
154	146	154	169	143	169	146
172	160	180	89	89	180	160
88	54	88	132	54	54	88
10	111	69	168	111	111	137
122	180	122	121	121	122	121
57	143	136	144	188	57	105
85	11	11	180	85	85	11
105	27	27	108	185	161	64
168	168	168	126	126	126	75
91	8	65	91	8	78	8
14	48	86	36	128	102	14
105	73	188	117	63	53	105
151	21	81	151	126	74	113
179	143	194	143	17	143	123
167	156	30	167	156	41	28
96	61	96	163	163	61	105
166	166	190	166	51	37	77
17	97	44	133	181	107	84
138	104	153	153	131	10	139
107	40	17	99	135	89	19
178	170	100	143	87	100	65
52	27	74	99	23	99	99
111	188	11	35	171	111	166
172	30	66	71	128	53	13
135	155	155	102	171	65	155
149	27	98	98	118	27	149
14	130	73	14	14	83	130
29	62	147	147	179	147	112
66	113	171	62	144	49	171
15	23	23	78	78	78	23
104	132	36	132	104	104	132
63	190	190	82	190	63	63
129	185	87	185	87	136	171
50	132	139	132	132	185	190
19	118	116	116	61	118	182
40	103	164	56	166	165	50
74	124	106	74	124	120	106
27	95	27	59	59	23	23
34	83	160	52	146	169	150
20	70	116	122	23	39	187
77	112	136	56	122	15	171
156	154	57	57	142	29	36
157	157	193	193	19	157	80
147	86	13	86	81	88	59
102	42	141	141	42	102	150
150	105	97	86	129	149	86
22	194	13	13	102	13	96
169	134	141	104	141	82	141
57	16	104	16	16	57	57
60	60	60	137	76	137	31
70	77	112	70	112	155	155
156	110	114	144	95	168	115
45	86	177	89	175	93	86
170	113	170	113	113	146	170
23	150	38	166	150	150	39
58	62	62	58	58	62	175
104	90	129	129	130	58	42
104	60	104	104	60	57	100
118	88	88	159	143	143	159
148	178	19	19	178	19	178
150	67	28	27	145	145	87
161	154	111	161	161	129	63
110	52	113	149	110	149	52
178	178	92	77	79	79	92
88	131	70	148	70	88	148
22	190	32	22	154	146	42
51	51	124	138	138	138	51
55	151	178	153	153	127	138
150	25	168	102	168	133	128
29	29	29	171	114	78	119
51	31	51	31	51	183	31
175	135	23	175	187	72	86
115	155	87	177	144	135	155
178	17	168	91	30	162	107
159	159	75	101	178	178	75
33	54	104	162	54	166	28
153	118	36	199	36	188	36
165	149	37	165	149	37	152
108	94	43	43	108	108	43
70	95	138	70	99	178	182
157	113	52	177	103	39	173
96	71	96	71	14	96	71
61	47	80	56	69	126	12
184	184	141	141	141	184	134
185	76	43	122	76	38	133
11	150	150	130	59	124	150
128	15	83	93	49	83	83
64	160	46	160	46	160	46
118	51	171	159	132	159	62
130	130	124	167	124	17	17
116	34	190	15	34	129	30
175	73	73	163	153	50	148
43	124	34	92	188	46	53
93	58	83	58	58	83	83
112	190	163	178	101	40	174
60	186	60	173	60	186	186
126	175	150	102	46	165	68
105	134	177	144	32	54	105
167	167	121	116	80	171	112
27	167	167	114	105	167	56
52	122	122	20	122	90	179
68	68	68	93	153	97	56
40	87	137	40	137	87	78
72	14	72	154	187	135	171
188	76	146	175	175	193	175
64	15	172	64	131	64	144
129	183	129	129	89	183	183
128	175	175	24	128	134	134
136	15	149	81	15	158	54
70	167	102	41	102	41	70
99	120	120	103	92	99	103
169	25	25	175	169	169	25
186	101	63	59	101	155	78
41	144	144	21	144	21	82
46	70	70	143	46	143	49
184	184	126	126	153	184	126
168	178	76	168	47	47	76
182	83	52	193	32	32	32
150	31	140	127	150	140	127
94	94	120	116	120	120	94
177	180	59	110	78	78	78
13	77	28	13	28	28	13
80	173	173	195	173	151	184
35	92	35	117	16	35	23
178	168	85	168	178	21	85
39	55	155	91	55	122	125
26	143	28	20	115	64	28
69	69	107	107	94	138	107
55	55	44	44	36	44	55
161	10	14	161	10	10	23
43	68	136	43	135	68	43
34	159	89	73	47	182	183
157	60	145	33	60	18	157
50	169	146	10	169	170	169
66	62	120	122	177	177	166
124	184	26	26	30	26	88
126	151	13	11	11	151	151
133	71	112	26	26	95	104
167	79	167	165	73	167	79
36	73	47	131	148	184	47
91	91	95	189	76	186	11
19	20	20	19	192	19	152
99	107	104	181	60	115	104
41	11	76	62	124	116	176
174	190	50	190	174	174	190
22	102	22	102	113	22	102
103	79	155	155	12	155	97
131	103	184	108	120	127	163
114	150	99	77	114	77	150
132	132	148	32	164	162	186
65	151	55	116	24	65	75
38	36	36	145	36	145	109
49	17	179	17	120	179	49
36	55	177	82	81	117	55
136	160	179	179	170	135	137
64	119	56	172	56	56	139
128	128	161	154	154	154	20
160	85	23	58	77	19	87
55	79	46	139	79	79	133
84	84	140	84	140	140	32
112	174	44	147	122	68	112
49	188	153	135	133	64	58
180	177	177	17	13	39	128
108	108	163	94	163	163	108
38	131	147	131	137	170	188
130	100	119	100	100	130	130
119	77	53	179	93	141	44
172	125	84	65	107	21	102
185	144	144	144	130	185	185
158	158	95	82	135	17	87
186	132	186	76	186	76	76
13	47	13	88	13	47	47
103	65	161	93	177	103	94
188	41	41	188	41	63	188
55	140	141	103	62	100	64
181	49	181	181	82	82	82
69	35	87	184	171	171	168
50	130	154	50	42	98	50
77	131	124	77	140	22	77
176	176	41	176	12	119	53
167	63	18	38	76	93	167
162	63	72	63	128	185	64
60	60	60	100	155	88	74
35	109	109	109	58	35	35
110	48	48	48	108	110	110
94	159	11	163	110	97	102
137	43	103	182	137	54	73
115	149	149	69	115	131	115
163	53	162	18	86	37	152
15	59	29	15	59	94	29
181	181	198	181	165	103	86
144	189	105	164	123	146	62
31	107	168	81	107	168	31
87	153	153	153	87	127	87
59	166	137	166	59	166	53
129	94	94	112	112	112	94
88	94	11	151	165	165	165
84	109	84	109	137	156	156
126	102	186	85	86	98	86
114	125	62	125	114	125	114
153	167	153	63	66	63	66
49	109	49	49	109	109	49
63	60	60	63	125	60	63
77	85	77	157	77	85	85
175	164	190	150	175	175	35
104	104	104	150	150	147	150
36	131	187	129	182	129	129
36	21	24	180	157	166	128
130	166	90	128	103	108	90
152	146	146	152	23	152	146
60	43	170	170	55	100	20
103	155	103	98	103	57	101
155	83	138	83	155	138	104
83	117	117	16	16	117	16
140	180	180	125	125	125	180
178	132	183	19	118	182	104
166	106	109	106	116	155	14
18	103	109	109	41	49	109
143	167	167	95	43	167	172
97	19	29	97	29	97	29
20	50	85	52	31	85	85
47	23	155	18	140	68	155
11	175	142	105	140	87	106
79	168	134	86	104	148	163
105	74	47	74	36	105	47
92	145	155	145	8	8	8
186	183	132	77	103	143	28
78	74	94	167	78	167	94
119	52	135	76	79	135	186
167	111	44	111	179	50	111
152	152	36	152	90	36	36
22	150	123	53	11	53	53
73	23	73	175	142	58	47
116	130	99	132	39	95	100
142	42	109	42	109	109	42
88	30	125	190	74	190	24
163	159	58	58	46	159	163
130	130	146	105	15	130	15
123	123	28	123	102	101	187
90	130	100	90	100	90	100
173	173	101	17	173	200	17
37	136	67	65	33	37	53
130	97	175	162	130	175	162
57	80	160	160	160	80	80
162	162	128	128	70	128	162
62	88	56	137	123	68	137
94	51	89	89	104	151	72
100	78	100	100	94	94	94
45	24	24	45	45	95	24
44	42	26	26	26	42	42
70	131	70	162	70	131	44
131	142	37	77	29	58	18
160	25	24	127	50	39	50
155	127	74	178	23	64	157
35	77	95	137	133	11	158
17	57	138	173	173	173	192
23	105	105	105	97	97	97
119	29	29	29	77	77	77
144	78	43	126	30	30	51
43	61	103	122	133	61	16
57	57	57	33	57	57	57
17	67	66	87	17	163	162
131	37	68	81	163	90	190
85	85	26	85	130	26	50
83	101	83	117	29	101	101
66	119	87	23	23	60	34
53	83	34	83	153	83	53
18	102	188	188	18	188	18
38	123	163	143	43	27	178
110	90	122	102	176	186	53
77	24	77	24	30	77	24
182	176	176	176	165	165	165
27	27	141	35	80	35	35
65	65	65	139	130	130	130
93	93	150	124	150	150	93
146	173	99	72	166	119	99
140	140	59	69	59	59	140
38	136	98	42	38	80	18
15	123	15	123	22	123	15
127	74	192	68	68	49	68
180	180	112	180	112	112	137
63	63	174	39	47	12	63
137	103	58	63	108	63	157
36	157	36	137	137	137	36
39	192	143	143	143	124	88
137	111	37	115	186	151	137
106	123	123	18	106	51	18
28	142	51	122	28	51	181
154	58	15	140	31	91	77
136	36	15	162	136	136	110
46	60	78	70	71	71	71
84	148	145	86	92	145	145
157	157	143	168	143	143	157
67	113	134	147	134	180	94
81	177	65	168	64	65	171
168	25	65	94	94	168	25
153	174	174	135	174	153	153
75	109	28	24	145	128	118
99	24	143	115	28	99	99
33	167	167	157	167	157	157
31	135	49	47	59	100	163
13	189	158	190	27	112	35
187	19	152	187	63	27	187
115	115	29	115	29	146	29
20	132	70	64	125	132	132
68	144	145	144	144	68	68
44	17	17	82	82	143	44
118	64	144	96	25	150	33
49	41	41	67	49	49	41
59	173	99	13	39	162	138
129	15	183	155	58	54	29
102	36	55	145	150	150	150
167	52	195	195	195	186	152
62	18	18	18	62	110	62
75	83	83	75	47	75	83
24	145	41	22	14	22	102
121	103	121	103	23	166	166
36	36	79	79	151	121	79
127	54	167	42	148	184	28
52	52	123	13	118	13	15
146	18	126	126	97	18	97
67	160	59	49	198	67	67
171	35	176	171	118	182	171
158	85	162	162	17	17	162
87	116	116	107	87	116	30
121	173	173	121	100	173	170
13	17	149	13	17	13	17
143	46	143	46	46	143	18
147	56	147	190	94	63	144
194	16	37	184	16	16	31
141	141	141	110	58	110	110
167	17	17	50	167	28	28
96	23	96	23	23	96	23
100	176	88	103	149	178	138
86	62	141	105	105	105	86
167	140	46	140	140	167	167
15	105	34	156	55	146	15
130	64	43	64	58	11	64
46	46	91	23	10	133	46
13	94	16	92	13	94	94
168	103	122	103	143	141	173
6	52	48	48	114	48	6
93	93	93	168	168	168	26
157	129	157	31	129	157	48
40	91	132	91	135	135	132
48	31	48	48	82	82	82
74	100	74	100	100	79	74
82	154	154	82	154	82	33
61	85	103	61	85	44	44
165	14	165	39	53	39	39
19	106	120	106	172	31	36
124	163	92	124	141	124	163
118	170	119	64	162	14	59
115	12	12	12	197	46	107
114	81	141	25	94	40	141
44	54	199	74	149	54	54
33	151	151	139	151	199	71
124	37	124	111	111	111	124
83	121	86	154	83	66	83
22	53	22	130	93	93	93
54	54	45	45	143	31	143
39	136	54	13	143	126	146
162	146	85	169	152	97	106
73	61	20	61	61	117	14
104	174	40	69	135	135	137
40	40	164	137	40	137	137
96	104	38	170	174	170	70
12	71	176	69	176	90	65
123	63	65	63	140	141	146
62	132	165	32	197	132	132
147	167	78	165	62	147	147
85	120	179	35	68	29	179
100	36	114	170	17	162	147
32	40	115	190	32	182	32
192	192	134	25	142	192	70
121	102	78	121	129	178	19
131	76	196	76	76	163	44
18	170	128	128	127	127	18
89	120	185	33	63	52	129
138	122	166	166	23	23	166
142	142	142	142	142	142	16
83	83	157	105	68	117	83
11	111	110	110	11	110	11
32	32	21	32	149	166	95
168	18	127	136	18	57	105
127	122	166	24	107	24	96
60	82	19	132	62	145	37
137	137	92	107	107	137	107
167	153	151	121	167	167	151
169	85	169	153	85	169	107
133	131	55	62	34	152	185
80	127	80	185	25	135	80
167	112	111	14	26	114	141
130	159	92	71	61	86	92
101	106	106	129	80	80	101
104	119	104	104	119	149	119
165	84	20	189	151	37	84
132	190	125	125	132	132	125
177	177	177	165	87	170	68
151	184	184	196	52	170	184
93	20	20	93	93	20	33
60	75	133	75	102	52	75
187	99	161	184	154	141	99
26	26	28	28	28	104	26
80	172	74	130	183	172	172
51	39	106	12	65	51	179
52	195	52	62	29	93	52
80	166	74	169	74	23	168
82	68	82	59	25	82	25
68	91	68	58	144	144	58
44	105	15	86	21	175	175
183	137	82	122	78	137	137
75	179	157	112	157	119	157
180	133	144	133	133	128	159
112	77	25	25	25	157	93
56	35	84	84	66	129	179
76	48	94	130	114	181	19
95	114	17	63	89	89	97
75	90	90	91	65	88	176
112	86	112	88	55	186	30
17	148	148	17	17	135	148
144	18	133	174	184	169	174
82	82	124	45	122	45	82
108	65	65	158	158	158	30
169	43	113	65	131	11	132
19	22	22	20	185	98	22
94	133	138	179	71	179	42
125	115	53	151	125	125	127
37	67	67	37	37	68	37
11	141	168	136	109	136	82
51	59	53	143	73	59	59
62	71	83	43	49	178	111
194	67	67	150	67	107	112
129	175	175	129	110	149	149
146	130	77	168	146	146	168
107	107	128	128	107	44	128
39	48	48	48	184	102	86
96	32	70	95	173	34	109
133	133	82	82	133	63	82
22	63	11	38	38	162	157
150	69	30	30	150	30	150
73	37	41	41	145	148	41
127	100	95	37	185	12	100
187	199	117	117	54	92	117
158	76	87	38	21	21	167
161	74	161	161	97	177	60
78	119	97	97	98	111	186
108	93	93	93	123	175	57
157	152	18	18	157	18	157
57	41	23	150	14	141	28
50	50	12	50	12	12	132
120	23	15	18	172	120	98
179	176	142	179	142	39	39
118	177	74	74	177	74	177
33	105	50	105	105	140	152
114	89	108	104	60	131	70
115	179	179	179	172	172	172
12	63	189	97	12	41	12
155	112	164	155	140	136	78
14	179	106	123	83	179	58
35	52	180	50	180	50	52
51	38	51	82	82	152	152
136	145	163	34	140	140	140
82	97	64	105	64	145	27
200	199	131	131	44	44	44
83	18	142	155	83	18	83
35	124	134	24	175	124	132
129	129	129	182	182	182	158
144	23	23	144	23	144	122
131	145	27	48	155	155	136
180	180	46	46	180	121	46
160	101	160	101	160	101	77
181	181	61	70	181	61	61
44	16	97	16	97	16	76
88	149	88	160	110	110	149
81	69	69	81	147	69	81
120	98	85	101	186	10	120
29	29	79	79	173	79	29
58	183	183	183	93	102	29
140	59	86	86	59	59	59
118	158	118	159	118	159	159
122	122	109	130	130	130	122
119	16	82	16	120	77	63
168	13	13	13	59	53	94
145	94	83	94	114	135	19
62	84	24	114	114	84	62
22	54	147	82	117	81	54
116	177	91	177	111	161	135
87	123	123	34	87	39	34
85	121	124	163	138	145	175
193	82	177	193	193	131	18
148	82	83	70	143	46	143
99	16	85	40	109	153	99
118	90	62	33	113	90	39
28	22	94	28	22	115	28
52	126	126	11	11	11	126
182	124	72	182	72	72	182
146	178	178	82	178	146	146
123	157	159	159	100	159	156
122	90	79	34	31	90	77
174	88	114	114	88	174	120
150	189	20	74	22	20	174
83	49	62	83	137	27	92
158	25	158	25	123	25	158
180	42	148	148	42	148	42
145	166	50	62	116	50	140
120	55	120	114	55	114	162
153	147	118	123	175	21	26
90	90	49	20	90	20	20
90	158	138	158	139	179	38
117	128	128	128	70	176	29
78	116	161	70	116	44	128
168	97	156	168	168	97	97
80	80	22	38	22	44	44
33	50	50	84	50	84	84
186	186	186	140	65	51	121
79	18	27	57	65	172	131
74	159	36	159	106	78	65
200	20	200	189	135	200	111
45	21	45	45	15	21	21
97	74	97	49	130	74	130
182	115	139	115	174	182	160
102	142	43	146	43	174	58
12	94	94	96	149	186	67
20	20	31	31	72	20	61
169	44	97	169	44	44	97
99	45	170	12	170	149	170
99	172	172	113	113	113	172
186	125	134	125	125	134	134
160	71	114	114	104	87	20
129	95	95	98	129	129	95
14	13	135	13	13	21	200
16	70	144	108	144	190	109
184	71	152	150	152	152	48
30	163	180	33	62	62	80
107	171	190	33	190	68	74
35	6	35	35	153	6	131
10	10	68	10	68	57	68
36	49	99	18	68	49	129
163	11	11	165	80	163	163
32	158	158	19	158	19	19
47	47	26	26	105	26	47
162	195	184	104	104	104	142
128	142	142	15	142	15	15
54	95	73	73	23	21	112
44	51	26	51	79	51	79
101	101	63	128	101	128	128
160	188	32	182	121	155	151
80	46	46	64	80	80	46
162	23	35	162	23	174	174
37	178	37	113	113	178	143
194	10	199	194	107	194	17
83	84	55	83	180	83	174
181	61	170	106	68	122	177
123	27	116	60	46	116	88
183	71	57	11	71	84	43
82	140	147	147	147	56	149
127	13	106	81	176	166	117
41	80	24	12	152	41	41
147	147	94	145	155	147	190
86	86	105	86	62	62	62
14	125	117	116	150	179	134
183	19	183	19	19	183	113
34	79	161	79	91	28	33
122	46	36	46	43	46	61
113	154	71	125	125	125	133
95	159	111	95	95	159	111
111	72	111	111	109	22	114
45	45	45	37	47	37	37
15	93	15	117	93	15	93
133	163	163	51	163	133	133
173	173	62	83	59	184	185
121	171	152	152	189	36	152
154	62	115	131	115	141	62
165	106	165	71	71	165	71
41	17	160	17	160	170	170
118	79	118	128	128	79	139
115	13	154	10	115	13	13
8	8	56	8	116	22	116
120	80	177	177	58	80	120
105	37	91	181	147	73	37
31	126	126	128	128	128	37
94	174	158	30	174	158	30
74	180	104	10	10	120	105
10	10	15	145	57	186	110
167	65	125	167	65	65	167
74	164	12	144	147	56	25
106	37	106	136	33	136	33
109	187	31	31	31	20	27
94	37	37	11	150	37	71
140	100	146	91	17	175	146
181	18	157	186	144	18	180
68	143	180	180	68	161	143
91	93	91	64	91	64	64
57	174	20	128	71	125	153
98	96	96	98	98	140	96
95	37	186	195	156	37	37
54	12	12	34	34	34	12
99	81	34	196	194	194	194
66	65	58	152	91	64	65
19	19	79	130	94	130	94
102	136	30	136	30	30	136
169	143	93	30	149	140	149
92	92	22	156	92	40	22
139	74	22	139	74	139	74
70	130	43	42	130	173	74
90	12	155	12	98	12	178
155	139	133	155	139	115	115
91	104	104	91	91	164	104
71	161	71	71	161	13	161
89	100	84	131	131	131	161
77	141	134	88	134	141	77
179	62	104	104	180	91	50
111	10	155	65	29	107	10
67	41	67	26	180	48	78
65	144	20	126	144	38	59
27	57	178	128	128	171	152
142	81	142	23	77	121	156
31	114	75	99	114	105	155
183	108	93	92	28	140	112
146	146	53	141	166	141	141
194	32	194	32	200	32	160
151	151	195	105	102	181	151
197	98	190	111	109	197	197
128	40	168	168	139	86	19
117	54	54	117	117	54	57
185	78	193	29	193	65	193
94	166	83	83	48	83	102
83	40	176	186	40	40	115
146	124	124	98	146	124	146
166	55	122	69	41	14	143
89	83	81	88	94	83	83
123	139	19	74	74	35	128
110	101	22	101	189	101	12
63	44	44	169	179	169	63
89	156	93	50	36	50	50
124	96	152	124	124	152	96
116	61	149	149	91	61	91
159	104	159	127	140	92	69
40	40	100	19	19	40	19
178	198	198	88	198	198	109
146	126	79	79	19	157	34
178	39	106	73	124	98	153
14	14	145	49	145	145	89
180	111	180	119	116	116	111
69	10	88	43	184	133	43
103	77	103	77	135	44	44
65	10	170	23	44	31	41
136	69	136	20	132	61	144
10	80	10	28	10	28	82
78	98	13	40	154	154	78
85	85	47	48	188	85	60
122	122	46	106	46	51	122
51	189	66	133	120	51	40
105	18	18	170	172	170	172
45	133	133	45	45	133	70
72	115	74	48	115	103	188
129	176	41	129	43	156	129
153	108	27	164	164	167	164
23	11	121	11	11	23	23
139	139	165	86	146	42	92
129	129	81	177	129	177	177
89	135	89	166	141	166	141
28	20	28	20	82	20	28
148	69	164	121	164	41	84
145	145	114	25	145	85	142
76	76	73	159	51	192	76
29	124	124	29	56	56	107
15	138	138	126	126	138	87
187	187	111	53	122	148	187
135	93	37	95	110	20	20
134	23	145	22	138	23	104
179	86	117	102	179	183	132
151	63	57	57	57	63	63
24	172	62	62	172	172	62
182	160	42	153	150	153	63
47	47	177	100	13	85	47
13	35	13	35	35	13	52
128	93	93	130	128	128	115
113	143	108	143	38	38	143
61	180	118	136	135	135	135
86	144	86	45	45	45	86
96	80	96	80	80	56	96
148	99	115	99	115	99	21
20	161	163	163	163	161	161
97	89	160	133	89	160	97
141	84	114	95	55	17	95
36	36	60	36	60	129	60
99	98	54	154	99	48	110
185	108	187	185	185	75	56
46	58	10	46	10	46	10
129	117	169	117	169	169	157
103	142	29	29	144	43	29
177	75	110	162	72	129	75
23	61	10	96	115	150	10
127	106	127	101	139	17	18
73	184	190	51	155	165	73
135	145	135	145	139	180	139
150	145	142	150	118	142	118
175	166	175	178	175	178	178
121	22	175	121	22	22	121
171	156	174	175	99	101	101
53	65	53	73	65	65	170
65	97	122	97	98	98	122
117	188	52	67	119	52	70
150	41	139	18	139	42	139
177	55	155	116	127	127	74
16	163	16	169	16	169	169
142	23	83	155	39	109	49
162	81	182	91	19	131	70
159	26	159	159	196	135	120
132	100	63	100	63	100	63
22	96	90	154	46	41	90
63	153	63	89	21	63	183
116	95	81	34	34	34	158
166	95	143	114	166	143	95
185	23	77	106	179	17	127
14	133	33	12	133	14	14
107	116	174	156	30	120	116
137	137	137	182	182	128	182
39	39	91	100	169	81	75
116	76	116	116	61	76	76
171	160	199	16	146	171	171
140	110	110	80	138	140	80
15	15	118	118	15	118	159
189	92	187	123	25	25	25
92	25	187	187	117	131	115
123	123	126	52	161	52	126
81	86	126	150	135	43	43
109	88	27	109	109	88	88
147	17	147	118	31	118	118
45	57	150	45	150	57	103
84	84	19	83	175	19	175
62	62	121	56	121	121	62
89	13	13	139	115	13	89
197	73	18	85	70	85	85
16	14	180	16	16	180	180
175	100	126	144	55	100	100
120	160	120	120	170	160	160
104	104	63	159	159	159	104
12	77	12	126	126	126	12
131	114	104	92	131	131	101
82	68	35	57	179	35	63
22	170	117	117	170	117	170
163	175	45	162	98	45	85
94	18	78	18	17	18	52
135	20	85	135	15	20	135
55	160	55	28	63	63	28
153	149	153	172	43	102	136
24	32	24	24	32	126	32
157	157	164	156	109	157	101
147	178	170	178	91	117	104
120	59	79	79	79	79	30
80	80	86	74	183	88	166
84	121	34	161	150	61	12
144	159	66	153	159	43	119
116	43	108	116	96	188	116
63	63	65	65	53	63	65
50	87	163	29	50	107	127
17	88	99	187	168	165	165
108	103	121	73	29	103	109
21	155	21	179	132	35	21
144	199	34	183	72	199	199
106	106	139	139	70	139	106
34	157	15	15	15	16	169
95	148	46	188	59	46	164
129	129	60	129	60	60	55
32	101	101	101	69	17	146
165	182	153	118	171	48	48
15	15	15	149	149	149	104
107	87	138	107	55	57	158
106	13	106	152	106	13	13
171	81	79	126	158	130	39
116	18	55	18	18	149	113
78	85	89	69	51	123	16
117	165	73	117	41	22	29
19	23	23	121	19	19	23
175	134	108	134	48	72	153
42	171	72	20	94	64	141
61	72	156	156	61	61	101
135	55	135	111	111	55	121
102	34	58	19	102	84	68
179	98	27	27	157	189	165
81	145	50	50	145	180	180
105	159	159	162	31	105	31
9	45	130	169	9	9	45
41	102	102	113	199	102	78
141	63	49	112	157	117	82
179	193	128	93	155	128	128
121	61	177	60	148	97	41
101	157	14	157	159	159	157
6	156	6	156	162	6	159
149	13	13	149	149	13	115
176	72	98	12	148	12	17
152	80	91	136	126	44	44
28	117	187	86	139	86	38
26	59	26	59	90	59	26
86	131	157	86	88	131	157
60	118	133	133	60	9	60
114	114	114	25	25	171	25
172	155	155	159	128	159	60
38	38	167	167	113	38	167
71	71	71	178	59	59	59
34	137	16	71	127	174	34
51	125	51	146	146	51	146
87	87	87	143	136	41	152
60	152	60	108	108	17	152
144	65	65	65	144	46	144
40	184	98	98	175	98	111
121	97	121	97	97	121	60
109	149	171	151	79	131	31
47	143	158	143	47	47	81
66	137	66	115	66	115	115
138	160	27	138	160	160	11
22	186	40	124	125	77	77
174	27	46	102	27	92	19
67	145	50	76	197	145	145
121	136	93	157	132	22	184
91	91	112	42	112	112	91
167	108	135	167	99	99	108
22	25	25	13	22	22	25
89	83	89	83	178	89	83
117	173	81	81	97	127	147
118	92	148	148	169	148	92
19	11	154	43	11	19	116
177	177	151	74	74	151	60
160	32	139	157	160	146	160
25	118	118	106	180	42	164
140	165	140	142	167	140	181
114	131	114	131	99	114	131
104	104	114	65	190	107	116
141	33	119	54	92	141	141
96	80	107	80	107	22	96
76	100	76	100	72	25	72
47	47	51	47	194	57	197
116	73	116	73	73	150	116
118	56	118	128	116	121	155
163	186	37	195	86	37	37
87	141	72	68	72	21	87
14	131	180	157	120	180	86
140	193	22	110	110	16	110
15	39	39	39	103	47	15
44	182	109	29	162	143	98
124	124	124	23	15	114	131
39	167	29	123	19	91	128
30	30	30	21	66	66	66
187	37	177	32	161	18	19
43	91	11	105	111	177	177
144	135	25	12	135	146	148
185	89	130	92	21	143	171
58	24	55	58	55	58	82
92	66	67	155	117	91	44
189	35	35	189	35	69	189
181	48	100	102	48	48	48
79	134	30	160	123	51	30
68	173	106	106	11	150	138
116	68	116	68	154	131	154
98	181	62	162	127	26	149
138	138	143	7	166	166	138
47	47	47	34	23	23	23
129	137	137	137	112	11	112
63	23	75	184	93	57	117
142	142	85	37	37	142	37
33	73	73	101	73	101	101
83	115	171	59	83	147	49
120	188	120	138	158	120	67
159	59	59	59	159	98	159
189	189	145	111	189	145	145
115	153	145	98	153	153	58
135	75	138	75	75	48	76
118	145	135	169	77	135	25
15	65	96	129	103	15	20
105	145	105	171	171	96	96
95	127	95	95	13	13	13
63	115	82	74	74	88	182
43	81	122	122	151	122	159
42	186	96	71	96	79	65
132	119	12	108	182	109	21
83	83	85	88	83	85	85
85	89	32	48	89	48	85
111	60	60	27	79	187	60
17	17	17	21	41	21	21
176	32	173	32	67	85	32
143	64	64	11	19	91	94
14	182	74	74	44	74	157
182	82	182	60	161	192	182
141	116	187	78	187	82	128
53	53	53	82	96	96	96
98	98	16	98	16	16	13
77	176	107	68	139	80	121
181	55	103	49	44	103	34
173	179	132	139	148	46	190
121	102	80	152	65	58	186
28	24	88	88	88	28	28
92	82	166	187	166	49	179
197	79	137	185	78	185	185
26	186	104	117	148	34	57
84	129	84	129	117	129	84
174	174	43	142	142	174	142
74	157	176	28	33	131	137
86	60	93	157	157	60	60
70	86	12	86	12	12	86
42	42	69	69	42	47	69
101	160	112	167	62	101	36
160	160	183	37	125	160	173
22	139	147	139	139	147	147
113	141	33	144	113	113	124
125	144	144	182	182	144	182
146	71	115	146	96	152	24
17	17	28	17	37	28	28
102	34	143	167	102	169	116
36	175	89	89	85	159	126
170	11	11	11	86	86	47
70	42	119	187	104	39	42
64	83	74	64	22	64	29
24	91	18	178	91	65	91
187	89	91	187	52	187	35
95	197	35	101	197	197	59
123	132	172	168	167	118	17
20	44	77	53	71	84	62
148	25	112	25	148	148	25
160	160	16	16	18	160	16
95	90	90	90	140	140	140
70	150	46	53	70	129	168
147	58	161	186	51	158	72
156	37	46	46	175	144	169
28	41	79	112	187	142	171
186	167	83	34	141	135	167
122	122	54	169	54	68	54
34	95	84	84	34	84	34
66	6	108	108	52	66	108
53	175	53	22	53	50	151
45	71	61	45	88	71	88
148	95	95	148	148	95	61
121	69	126	133	129	177	177
142	69	34	34	142	142	81
43	77	59	40	43	59	135
143	92	143	92	92	143	93
99	43	99	122	122	122	159
102	86	137	25	137	86	86
168	49	194	49	129	49	155
48	140	95	79	35	79	79
156	158	156	156	158	158	70
54	146	64	26	125	160	150
119	164	164	136	119	47	47
105	166	185	166	166	186	132
83	22	98	98	139	83	22
123	83	168	83	83	123	123
91	94	145	143	145	94	145
185	89	37	157	150	185	60
58	113	113	58	91	113	58
183	13	155	183	183	96	21
152	102	17	102	154	65	188
153	185	154	44	135	40	126
81	85	182	72	116	61	105
14	67	139	77	139	134	78
83	150	83	83	150	150	147
52	81	146	81	52	82	52
27	66	27	10	10	10	27
48	48	48	117	117	54	57
178	66	30	30	66	53	178
60	60	60	45	60	23	45
94	81	149	149	94	149	94
28	27	121	98	121	93	96
170	29	52	150	52	170	170
103	98	103	67	98	103	98
44	32	32	32	172	117	161
146	31	135	151	31	66	124
33	159	54	24	159	31	94
153	78	146	140	146	146	129
171	65	141	156	141	16	146
173	173	50	111	173	175	95
135	135	103	92	103	103	135
45	45	45	104	104	104	90
176	172	87	128	128	87	176
118	17	160	17	168	160	17
71	71	46	20	47	154	83
43	125	146	178	161	161	161
25	17	17	68	127	25	116
64	152	40	25	176	129	143
56	159	134	29	159	29	56
96	32	21	21	32	73	73
161	77	161	34	34	129	129
140	140	27	27	20	140	27
49	143	143	144	165	165	165
131	119	137	119	66	66	137
122	168	87	137	168	168	87
95	95	95	38	35	38	38
175	15	15	66	175	66	101
28	145	65	67	145	28	65
161	161	67	30	43	22	114
65	93	20	20	20	93	93
82	69	11	49	92	69	96
43	43	96	96	96	43	43
147	22	147	63	19	143	101
179	98	98	69	69	69	98
115	158	62	142	137	142	75
46	130	59	40	59	130	130
25	101	125	25	25	121	78
133	141	133	120	141	133	141
51	189	152	21	152	21	21
20	181	110	20	20	110	110
180	138	180	19	126	10	169
59	158	77	158	77	158	77
154	170	170	154	58	170	75
124	145	109	109	145	109	145
148	31	148	112	112	112	148
52	75	160	52	160	79	75
48	23	94	153	36	169	36
130	62	34	60	171	74	155
82	179	171	179	76	82	171
146	155	117	155	117	117	155
191	62	127	191	11	191	57
18	121	128	121	18	18	121
91	135	96	74	91	101	91
54	174	174	152	54	71	71
71	71	71	106	106	36	106
110	136	186	31	187	90	142
33	117	75	87	109	180	74
34	138	161	138	161	54	34
94	172	164	84	116	164	164
32	195	107	32	32	185	143
26	26	91	28	28	82	82
78	173	29	105	105	61	25
121	116	22	41	126	116	145
150	77	17	43	77	77	18
93	76	50	50	61	69	33
35	14	171	185	164	35	73
124	55	161	157	55	198	55
44	98	44	98	162	39	98
75	174	70	70	70	120	33
86	88	110	86	36	86	88
84	84	103	119	103	84	103
74	75	163	75	74	129	74
15	121	158	37	158	91	80
124	101	86	86	124	124	86
118	39	17	134	39	134	134
143	50	179	137	44	97	183
154	102	139	102	152	47	102
64	111	111	25	25	25	111
112	62	89	129	93	17	145
57	81	111	81	76	57	57
150	145	150	35	165	145	165
75	24	94	94	127	96	94
158	21	129	58	138	169	123
177	56	177	177	186	186	186
162	162	32	163	157	157	157
121	74	128	121	193	67	121
79	79	13	13	13	53	79
129	193	193	193	170	137	193
51	126	22	126	62	147	126
77	77	20	77	120	112	126
177	113	25	113	123	31	61
145	160	185	163	159	93	160
18	18	18	152	74	74	74
79	112	153	86	157	75	157
186	150	181	54	101	17	92
31	31	76	138	99	31	122
91	168	91	19	19	19	91
147	157	157	147	147	157	113
24	119	177	16	16	178	70
96	13	37	78	13	131	131
15	56	104	104	104	15	118
164	68	14	68	14	68	14
148	82	82	177	148	148	82
169	37	81	106	173	87	81
40	186	173	19	138	19	19
20	33	44	44	44	33	33
93	96	183	129	184	65	161
86	174	143	125	174	121	54
122	71	71	23	122	71	122
39	164	163	39	164	39	164
73	73	53	73	53	53	106
16	22	27	27	27	22	22
50	63	174	63	26	50	26
12	12	55	55	12	103	55
96	143	143	36	142	96	142
83	83	119	119	83	39	119
139	174	174	169	174	169	169
11	11	11	122	182	48	196
113	126	50	139	78	139	83
179	88	75	150	83	87	88
127	127	127	117	180	143	33
196	195	25	29	64	196	196
175	175	75	24	24	75	86
66	35	133	66	187	160	40
162	92	92	162	77	18	162
23	99	153	153	47	153	70
18	12	102	62	102	172	102
70	22	70	70	22	144	22
182	115	174	155	76	24	103
156	40	14	160	37	50	53
160	28	73	84	97	97	137
27	126	27	106	65	27	113
36	62	140	146	51	62	112
133	177	65	175	121	127	121
188	81	81	90	188	81	188
155	155	26	155	26	26	135
46	55	110	170	46	110	110
86	90	60	83	182	170	164
122	155	122	59	80	140	122
58	106	128	174	91	49	65
111	115	134	134	115	115	134
14	15	14	187	14	15	15
66	10	66	10	10	54	66
15	60	84	67	150	47	42
41	21	140	178	21	178	41
121	108	21	108	22	121	22
180	142	74	102	142	142	40
110	174	181	178	121	35	104
25	188	158	182	145	84	133
112	171	112	177	172	67	64
105	23	105	77	77	77	105
109	52	73	143	73	143	73
122	52	92	92	122	165	52
119	175	80	15	80	156	179
128	128	53	40	120	53	53
87	142	173	87	147	142	173
136	94	136	100	100	136	100
118	113	60	113	60	113	60
156	95	139	149	103	147	22
91	39	39	182	124	122	39
149	79	79	114	101	63	174
81	81	96	96	81	96	56
104	104	104	144	88	88	88
83	83	69	165	173	134	83
131	95	95	131	108	95	131
65	121	16	45	16	199	16
59	59	153	59	29	153	153
72	123	186	186	123	123	186
146	64	67	118	54	146	146
159	109	63	159	159	50	129
86	67	151	132	161	158	132
106	76	77	77	106	76	21
79	79	74	29	74	29	79
22	93	119	102	119	26	119
120	124	23	110	178	110	104
52	15	140	52	52	140	140
109	129	133	129	163	133	135
104	177	104	67	104	67	67
186	87	45	135	54	54	146
47	19	19	47	174	19	134
182	91	63	72	158	72	11
154	154	130	130	130	159	154
128	134	132	104	138	138	170
51	51	138	51	138	138	120
21	91	86	21	91	21	91
48	133	128	26	48	104	24
82	82	40	185	82	40	40
145	58	158	145	54	54	158
97	166	13	81	97	51	26
178	124	60	127	124	94	124
124	124	19	120	14	116	60
113	52	47	37	47	52	113
75	26	75	75	26	118	46
113	73	69	49	113	159	69
132	71	40	71	36	36	71
156	59	171	108	105	28	43
123	44	44	104	44	192	182
78	158	156	81	158	129	158
108	178	70	87	159	123	171
122	161	161	45	80	134	124
155	122	162	115	155	162	155
76	114	150	68	179	172	56
93	144	186	158	168	165	183
146	29	42	12	85	85	134
174	173	174	181	181	174	181
168	90	146	90	82	146	82
145	146	140	97	147	158	140
20	64	83	64	87	20	83
23	101	23	126	23	126	126
22	22	145	145	22	145	11
160	96	147	127	67	67	67
60	65	60	113	65	54	113
103	64	166	64	148	148	166
148	42	158	148	148	121	158
143	34	115	143	34	115	19
33	33	179	162	33	162	162
147	140	153	69	134	12	134
160	161	152	138	36	121	121
104	104	76	76	188	76	104
55	55	34	34	88	55	34
107	107	151	107	169	169	169
89	165	89	165	89	165	134
54	90	132	16	54	39	143
20	118	156	86	182	98	20
107	107	68	118	39	107	125
124	59	123	153	16	124	124
23	103	151	103	23	103	23
197	195	197	76	197	25	155
32	53	76	103	152	134	152
178	178	75	26	75	75	178
11	61	11	61	11	61	158
71	61	133	61	100	187	62
52	174	125	86	87	125	97
88	181	102	39	13	84	88
114	96	22	126	126	148	136
78	175	35	68	130	186	91
108	108	142	66	108	83	73
176	29	176	176	144	29	29
12	97	12	117	95	12	40
166	166	11	36	166	36	20
123	64	134	171	116	32	19
84	155	39	84	155	155	84
94	58	58	175	94	94	58
135	135	135	53	53	51	53
166	102	123	124	123	57	154
131	131	53	25	153	25	153
161	25	110	25	73	28	15
189	189	107	189	107	47	107
38	14	153	99	20	21	153
12	12	89	89	12	171	89
105	165	109	105	165	105	165
85	85	85	103	45	45	45
34	45	45	62	34	45	34
6	53	106	35	35	6	35
77	118	105	20	20	110	20
40	77	71	188	67	157	100
64	123	115	123	123	173	56
184	184	95	93	184	91	72
131	101	66	173	182	168	44
107	107	25	39	107	25	25
84	68	118	108	87	33	108
166	166	102	102	104	94	102
186	186	186	56	56	175	56
179	159	55	151	137	81	137
182	96	165	22	112	32	182
69	55	175	44	120	134	130
129	83	85	129	83	83	129
29	182	64	70	94	152	106
25	92	18	159	166	50	114
52	172	132	20	23	154	132
103	44	140	57	57	79	101
123	109	123	21	21	123	21
118	118	21	85	46	10	187
173	129	52	66	64	107	156
76	76	175	175	26	76	175
167	42	181	181	67	14	181
21	19	21	21	161	30	35
178	76	111	76	25	111	25
66	51	66	188	164	66	94
168	131	88	166	48	190	179
111	62	21	21	111	62	135
188	185	138	117	15	181	129
72	163	66	87	72	87	72
23	23	136	14	153	23	53
116	116	81	97	167	116	97
130	130	35	35	35	19	130
69	170	119	139	61	119	129
43	40	43	90	43	40	40
160	180	180	160	39	160	180
62	136	136	94	30	158	82
151	189	189	19	189	19	19
59	174	59	51	174	104	51
12	144	114	147	89	81	81
143	150	166	143	87	150	143
169	89	185	21	138	147	39
71	71	117	117	71	117	71
25	25	171	67	100	158	136
93	31	57	31	135	57	93
129	118	85	116	164	116	75
21	146	21	112	112	112	21
95	40	54	40	54	54	40
29	106	34	177	29	30	39
132	132	27	27	132	27	57
39	169	169	138	101	161	169
68	127	170	115	68	115	170
16	102	103	103	16	16	112
173	71	177	101	28	104	173
11	15	114	51	136	136	72
65	81	65	161	81	65	81
142	132	105	51	51	51	196
107	63	90	14	95	93	90
165	143	165	143	144	165	30
158	61	61	158	122	16	122
152	152	165	123	153	129	10
28	63	121	121	121	63	28
38	51	158	158	51	51	158
160	142	125	142	160	160	149
118	46	42	47	18	88	46
153	187	118	118	38	118	65
11	154	132	11	11	132	132
100	57	57	57	74	100	73
139	77	98	93	165	63	14
24	24	82	22	35	134	85
34	78	197	151	38	151	151
75	173	180	120	150	102	22
150	79	150	38	69	38	69
80	50	80	117	174	46	13
164	12	136	49	63	119	66
121	121	121	41	41	41	19
121	39	121	121	39	145	39
157	155	155	100	155	107	110
97	166	97	166	166	97	171
72	13	72	15	158	42	106
24	24	151	20	151	151	24
16	130	130	162	30	115	130
54	39	56	39	94	75	169
195	151	151	128	107	138	151
148	179	26	139	70	68	150
107	128	107	128	107	128	107
11	138	123	139	110	123	82
81	142	68	93	57	81	22
92	186	92	124	186	92	186
23	23	26	170	26	23	26
144	189	144	177	157	120	36
53	106	33	117	117	110	117
61	29	50	105	61	51	49
30	95	176	86	86	117	86
66	51	151	25	31	18	91
163	110	152	42	172	14	53
119	119	119	91	22	91	91
91	91	91	22	122	73	118
124	81	169	169	81	83	124
20	51	20	178	20	36	67
142	94	51	142	94	94	142
108	144	144	144	108	108	78
46	46	96	65	96	65	69
130	6	130	14	108	108	130
117	120	163	90	163	163	90
171	50	66	86	144	117	173
189	182	165	156	139	22	14
37	16	16	157	190	56	16
75	75	132	156	156	132	142
138	152	11	152	195	152	96
91	139	172	139	110	110	91
32	19	32	19	98	156	98
188	144	144	188	176	144	188
84	140	12	84	122	149	36
154	164	48	113	129	87	34
136	37	166	132	136	190	138
47	80	80	80	109	47	34
178	178	66	66	87	178	66
113	189	172	172	189	189	172
14	14	43	88	88	88	14
186	186	190	186	98	77	119
139	112	92	45	67	45	14
105	13	105	171	53	77	56
14	58	80	80	14	80	14
63	55	161	63	55	124	161
112	87	87	112	122	87	112
93	95	32	172	32	32	92
147	172	144	132	86	28	165
110	46	46	110	149	46	110
45	45	178	178	178	45	45
186	128	128	20	145	120	125
101	42	30	35	35	119	153
55	55	88	150	134	55	157
39	12	151	115	12	12	151
26	114	26	23	45	45	26
131	13	45	78	19	108	179
13	110	172	175	175	172	35
137	137	106	106	137	106	66
16	136	28	155	116	93	30
89	26	89	188	130	98	185
95	58	61	129	79	95	95
33	121	144	92	121	144	33
41	109	109	41	109	41	68
94	94	32	29	29	32	36
165	93	51	165	19	162	126
128	15	12	125	10	162	180
124	195	89	84	197	195	195
58	123	104	175	123	123	123
74	75	24	165	169	153	73
146	176	146	48	176	146	176
117	166	98	173	109	162	166
122	152	124	34	103	23	71
43	113	139	113	139	113	139
59	17	15	106	141	83	57
39	76	115	162	39	115	162
50	139	139	124	139	50	50
63	98	172	179	179	179	119
151	22	22	126	22	91	151
72	51	81	137	84	65	97
166	127	40	13	104	104	104
82	82	82	58	58	128	58
85	42	63	149	42	42	56
38	110	110	67	110	83	38
171	171	99	99	88	171	99
86	83	83	86	159	134	134
133	180	81	189	142	14	130
85	65	135	65	135	65	135
68	131	23	131	23	131	23
177	105	134	85	18	67	57
144	16	60	19	60	131	21
109	149	149	174	90	11	149
113	117	117	39	39	117	39
109	109	41	32	41	41	109
173	94	78	89	119	135	60
127	113	133	106	106	113	127
117	32	23	148	32	148	148
75	141	73	26	75	71	75
48	51	48	92	106	48	155
154	154	154	99	169	154	99
101	57	101	57	101	47	57
86	14	55	74	86	52	97
17	17	162	17	17	17	17
48	149	149	149	177	177	177
114	118	99	118	99	81	99
38	37	140	28	78	100	131
127	125	30	127	50	125	50
50	50	50	53	53	53	19
116	137	99	58	99	58	116
15	99	99	150	99	15	15
10	97	155	34	174	182	76
106	188	80	72	72	53	96
76	47	170	107	47	126	54
23	84	30	28	96	171	28
21	123	21	123	134	123	21
15	104	63	39	114	89	62
33	155	155	33	158	155	33
127	181	127	127	62	62	62
80	144	125	70	73	173	125
128	49	138	138	49	138	49
56	97	21	21	56	21	56
187	16	93	80	178	80	80
43	133	91	68	127	38	43
109	135	135	115	115	115	135
179	11	25	180	15	131	180
139	146	12	35	58	44	139
97	167	172	172	160	115	172
25	25	159	25	92	92	92
98	120	150	51	118	186	78
169	27	22	168	168	169	168
93	20	62	160	10	28	28
118	86	118	122	51	118	129
63	71	63	80	69	69	63
166	133	167	167	20	20	20
108	79	12	84	84	188	72
180	166	48	190	64	48	113
90	72	98	115	109	130	130
61	119	119	61	25	119	61
109	45	106	106	106	103	174
40	43	40	40	43	64	43
11	82	151	78	23	19	151
181	149	149	163	181	181	149
51	133	133	51	133	142	93
47	168	144	144	105	138	75
84	84	139	169	169	25	84
191	41	77	77	54	77	27
176	64	64	151	176	176	64
190	99	129	55	44	99	99
127	144	127	127	94	94	94
111	72	144	168	146	90	128
167	122	112	129	70	64	167
62	62	28	119	18	79	62
140	147	147	140	147	142	140
71	30	71	83	134	83	134
101	124	100	100	124	100	124
171	44	87	100	52	124	87
42	51	97	107	180	24	89
127	127	85	85	160	127	85
66	38	147	157	147	77	106
80	77	127	184	116	81	81
174	161	15	111	76	112	48
115	36	170	73	141	115	115
97	152	152	152	97	97	183
167	167	94	167	94	94	58
132	159	167	176	159	167	132
180	180	103	168	168	87	103
130	131	136	131	131	136	136
131	168	64	57	75	16	75
146	69	97	69	146	20	69
65	25	50	25	25	65	65
77	148	52	71	164	52	16
148	93	148	135	93	123	93
116	47	116	47	116	186	47
61	132	80	63	117	24	24
44	100	30	44	166	100	166
110	141	80	100	178	139	149
174	174	38	38	38	133	174
42	80	80	148	79	60	127
57	84	53	157	161	18	39
169	102	169	37	72	45	169
138	45	45	39	160	39	138
152	94	141	141	141	25	94
185	143	143	185	156	185	143
94	41	60	94	79	94	22
142	126	150	126	142	142	126
141	67	67	141	87	141	67
32	100	33	33	100	135	32
190	138	138	138	83	177	26
118	159	118	116	159	116	145
103	79	158	57	144	185	111
97	97	76	45	97	36	177
189	109	124	179	83	109	75
155	46	161	155	91	174	155
113	160	113	94	36	113	160
187	187	146	14	33	103	28
125	125	42	125	55	45	49
141	77	54	54	159	159	54
31	89	26	92	98	51	51
158	158	90	94	111	178	158
128	56	128	128	56	11	56
52	26	52	27	105	26	105
80	71	88	141	141	141	118
92	92	61	61	92	61	120
169	96	169	169	92	61	119
16	36	181	16	72	16	173
47	35	59	59	34	88	133
63	165	26	117	26	26	15
175	175	121	56	56	175	56
66	150	55	173	144	182	152
66	66	117	117	66	117	66
147	129	134	100	171	129	114
125	122	99	190	122	122	169
136	19	27	40	41	36	119
94	151	41	129	190	117	117
153	134	34	178	88	58	178
101	89	89	115	34	115	89
115	115	129	125	125	160	115
167	82	90	167	82	82	167
31	22	80	185	31	67	22
164	123	144	144	164	118	164
120	62	77	93	108	93	25
137	103	165	137	137	165	149
146	191	186	11	15	186	186
50	155	138	138	155	78	78
130	107	59	63	139	111	107
67	85	46	46	160	46	160
77	155	114	35	117	114	141
129	79	79	16	129	129	79
95	95	57	81	95	57	143
115	45	122	78	115	78	78
12	29	158	105	158	181	190
19	135	149	163	15	187	169
70	107	183	107	27	132	139
166	166	77	30	103	166	37
60	45	35	60	178	25	171
18	102	77	106	42	144	187
24	105	24	79	79	79	24
78	99	54	78	78	99	99
106	147	179	179	147	179	147
45	87	104	104	124	100	54
28	59	24	52	28	59	52
31	141	141	31	73	141	31
122	123	134	134	171	44	16
38	127	40	40	106	68	184
135	84	135	84	74	74	15
156	172	189	55	148	189	189
57	13	123	65	145	72	65
67	67	42	30	42	42	67
18	14	193	189	29	189	189
24	177	77	177	77	177	77
45	175	171	175	127	175	97
85	70	85	57	70	179	57
74	149	74	9	74	149	149
134	186	164	42	102	24	128
111	147	81	118	96	155	18
11	60	57	11	185	138	36
197	87	126	197	197	187	161
86	15	44	142	15	65	148
44	139	90	44	117	44	139
113	113	22	22	124	170	113
196	137	194	194	194	75	127
33	45	33	45	45	33	170
29	97	109	120	180	187	152
103	148	18	131	18	34	47
48	67	117	125	17	152	24
189	110	26	189	121	142	111
52	65	189	52	103	52	118
85	85	85	138	75	75	75
95	95	95	100	60	100	100
115	98	115	157	134	154	59
82	114	151	21	26	126	98
59	153	153	110	74	153	164
102	121	102	121	131	121	102
17	33	33	187	17	33	17
100	52	89	41	13	97	89
141	141	126	92	71	92	126
14	126	89	127	14	10	56
85	162	91	18	85	39	85
44	44	57	44	137	137	137
41	118	18	127	127	124	79
85	14	150	14	12	14	35
81	81	141	32	121	121	121
163	66	97	108	187	38	66
84	168	42	168	42	15	84
168	91	40	36	92	12	36
77	62	60	62	77	62	77
22	121	22	74	22	6	74
133	179	179	114	193	179	109
29	180	49	181	20	108	181
122	122	47	47	165	77	165
92	76	146	76	62	101	59
126	158	63	93	126	73	39
106	105	119	137	95	70	129
43	18	34	73	60	73	70
28	127	28	127	101	127	70
79	172	79	128	106	25	108
189	189	189	48	48	48	112
151	151	61	151	71	98	155
153	126	63	74	28	21	28
117	165	82	143	143	141	143
102	72	102	102	72	23	72
99	99	17	136	99	182	136
105	145	199	199	199	198	93
107	15	107	49	107	15	15
11	101	11	11	64	64	64
197	70	38	106	171	70	70
94	70	148	70	70	70	70
71	149	145	40	60	19	122
112	112	43	30	78	85	112
162	162	163	12	162	121	52
84	106	34	187	34	34	30
44	160	184	126	160	150	160
150	43	67	99	104	119	88
83	171	114	83	83	10	169
44	13	13	13	44	44	103
70	28	18	33	188	159	28
186	172	59	88	183	113	35
96	47	127	96	83	127	83
169	25	13	83	131	77	83
154	34	154	177	154	34	34
160	31	31	77	187	31	99
106	159	159	81	90	159	81
19	21	19	110	19	110	110
144	109	43	87	109	113	52
45	174	40	158	175	50	158
42	191	42	162	146	60	42
83	146	151	10	142	151	158
102	46	112	140	112	109	128
23	172	23	172	142	91	142
153	153	106	80	153	80	144
84	189	32	181	141	180	129
189	123	11	123	150	109	103
42	181	21	67	128	150	185
11	91	91	181	182	99	137
120	89	120	120	156	127	127
97	19	71	177	14	104	72
82	82	82	82	82	82	64
165	101	165	120	165	101	101
120	85	18	49	140	106	106
16	16	161	85	16	71	167
49	45	144	45	49	144	138
28	159	169	159	28	169	72
69	152	152	69	73	69	152
124	37	124	124	37	37	25
177	102	84	57	145	60	84
115	37	115	37	17	37	115
99	30	30	99	30	99	102
180	180	59	63	63	180	63
68	93	68	68	146	147	147
34	172	186	23	154	23	15
137	189	105	50	178	117	58
13	68	68	68	82	82	82
90	93	126	25	13	126	154
136	106	168	168	106	154	168
162	166	72	166	183	28	55
107	112	177	107	31	34	107
99	49	22	49	22	84	99
91	91	74	73	180	91	91
77	76	77	76	77	77	76
41	76	63	76	63	63	76
101	65	185	107	155	142	124
75	146	144	75	53	53	144
82	82	139	139	82	139	91
109	109	11	109	11	11	132
130	112	31	29	112	140	134
32	76	32	76	76	68	32
109	130	82	147	45	18	109
167	147	167	167	72	112	72
85	85	85	78	15	15	15
37	37	37	36	25	36	185
62	148	62	76	168	148	76
17	175	175	21	168	121	175
27	180	111	156	156	180	111
162	103	103	103	168	168	168
30	25	93	25	6	6	25
79	133	133	23	134	113	133
120	120	36	36	36	37	120
147	48	63	63	147	45	45
18	83	83	83	18	18	19
13	91	145	13	13	145	145
98	163	169	67	89	116	150
13	133	133	83	165	133	67
31	129	31	31	173	173	173
115	124	173	122	58	46	58
160	21	116	22	160	160	104
149	46	34	181	103	82	71
71	86	86	147	71	71	86
154	72	72	110	154	121	154
179	138	25	176	176	107	176
122	54	95	103	54	122	103
100	100	129	91	12	119	166
167	143	61	128	76	86	86
27	117	27	27	18	99	114
27	139	67	171	27	96	84
175	16	129	136	129	156	73
70	165	104	70	70	141	70
152	152	49	129	171	62	105
114	122	119	94	43	13	152
82	66	185	185	66	66	185
5	5	75	6	75	66	5
64	196	64	115	148	174	64
187	89	15	182	32	32	121
178	39	39	80	50	39	173
11	116	116	38	38	65	116
88	142	101	178	189	101	84
27	27	41	174	190	95	164
97	164	164	97	168	97	164
134	55	26	16	134	134	64
115	73	86	87	41	133	108
119	142	142	119	119	142	79
20	140	36	20	126	55	20
26	47	89	163	155	105	105
72	108	11	38	147	64	159
57	103	137	107	103	57	107
49	65	65	107	65	49	131
23	23	57	21	23	21	21
183	107	183	107	183	66	107
91	128	137	21	30	149	128
83	39	33	168	25	138	83
184	119	39	92	184	184	130
70	44	104	28	104	70	44
140	167	135	66	144	94	140
22	86	69	100	135	142	135
101	27	132	164	33	129	178
83	190	68	83	68	83	68
145	145	112	112	133	145	112
35	132	15	132	15	132	15
40	52	52	37	40	40	52
126	80	79	80	80	125	134
123	51	123	23	23	123	23
141	33	190	25	65	141	141
45	45	45	136	41	136	136
111	44	61	138	107	16	95
112	112	158	158	32	158	112
60	57	181	10	39	160	179
120	86	135	65	19	177	176
42	143	146	92	143	146	92
49	63	48	101	49	189	49
71	85	85	184	148	85	100
19	38	68	38	68	19	116
107	136	107	45	185	47	107
94	184	135	145	135	84	48
191	130	51	179	79	191	191
144	38	144	99	144	38	38
49	24	110	49	49	24	24
143	10	58	154	44	28	154
86	86	171	89	89	89	86
148	148	148	198	34	102	149
46	130	40	56	82	51	20
47	47	26	26	136	136	36
118	25	118	118	145	55	144
127	77	18	102	114	146	119
36	105	110	36	195	36	96
187	121	121	93	187	187	121
68	68	23	23	68	23	67
14	147	37	12	34	46	12
117	36	59	36	64	36	174
92	92	74	74	128	148	128
35	60	35	101	142	12	35
162	84	162	162	165	181	196
87	171	142	59	91	59	162
52	76	58	107	84	69	73
132	30	51	98	177	83	98
60	182	147	103	147	99	116
69	122	122	22	22	122	22
128	97	97	165	97	101	104
188	104	124	188	188	145	187
81	35	25	35	81	119	81
115	29	29	60	60	60	29
77	135	61	61	20	61	129
53	80	102	105	102	162	14
77	77	44	44	77	25	44
110	110	143	39	82	110	145
46	24	79	102	102	69	48
43	94	54	119	130	110	94
153	182	182	160	182	140	187
170	133	101	113	133	133	165
98	147	149	147	81	92	147
95	47	95	66	95	20	80
125	53	149	149	53	137	53
88	22	98	22	98	22	98
165	68	108	159	135	174	38
119	161	70	73	119	87	82
26	19	187	75	13	182	77
100	100	45	161	112	45	161
180	141	32	48	88	172	79
84	84	64	84	64	163	64
55	50	41	30	41	41	35
104	181	181	105	181	49	145
75	142	28	75	92	174	102
65	189	42	160	160	35	30
157	157	184	82	124	127	25
83	30	67	67	67	30	62
38	88	101	88	88	38	38
146	129	122	165	143	143	183
66	41	57	41	16	66	16
29	20	104	74	60	122	166
109	132	132	109	109	72	132
187	89	39	115	88	103	124
133	133	72	76	76	133	76
38	145	108	30	126	129	108
125	125	172	172	172	108	125
72	19	19	19	135	134	134
14	159	124	149	93	54	54
188	51	30	191	30	30	96
187	56	68	56	187	56	187
144	170	97	144	170	170	144
75	172	111	111	104	108	55
54	54	124	166	67	200	54
43	59	122	78	63	163	59
42	42	11	149	11	42	68
11	10	30	11	11	122	112
170	123	170	170	123	123	148
61	159	47	61	169	61	159
138	106	185	157	81	185	138
112	28	125	53	61	125	148
139	198	166	156	156	61	156
103	100	153	41	186	186	186
139	139	173	170	52	139	115
37	182	103	93	150	146	120
67	67	67	134	89	134	134
103	136	138	61	138	17	125
16	82	149	149	82	112	149
80	142	84	113	84	142	113
64	64	81	79	81	79	133
85	172	136	53	172	45	172
62	161	100	161	14	96	143
73	163	163	64	122	163	46
69	128	29	138	72	94	106
125	60	26	112	68	113	116
46	61	10	170	120	88	46
105	129	69	166	157	157	31
36	66	20	66	36	36	66
53	187	187	167	167	187	167
86	184	44	142	47	47	65
132	18	176	18	150	58	118
96	96	60	159	158	44	65
36	18	39	39	36	39	16
87	32	32	64	32	64	64
43	125	21	43	148	20	43
153	66	66	66	196	161	122
15	174	162	174	101	174	181
145	163	137	28	160	155	155
66	66	32	66	41	164	41
169	19	169	43	23	138	155
140	66	81	35	87	35	109
38	128	92	197	197	197	137
56	122	109	36	12	182	47
196	136	20	164	136	90	136
34	46	27	105	104	105	48
68	90	51	171	168	51	105
69	110	169	155	24	54	18
96	108	108	176	61	58	108
141	166	73	182	141	112	188
134	14	14	60	134	14	134
52	69	33	33	115	52	69
87	184	46	146	30	146	146
116	164	50	116	200	96	116
161	161	67	67	56	67	133
115	32	157	96	181	130	32
87	92	92	10	91	106	10
100	116	124	108	138	138	25
125	106	24	144	138	37	24
126	126	83	169	126	50	169
23	44	29	93	44	44	196
98	150	164	14	56	113	11
94	52	94	52	52	94	24
47	151	122	162	162	28	117
80	20	63	72	130	63	157
173	173	119	75	157	171	17
158	120	133	178	123	81	118
54	34	110	162	145	34	76
62	70	61	62	147	147	62
135	120	120	135	190	120	135
122	122	122	129	123	123	123
166	188	166	50	166	188	188
20	181	138	95	152	60	111
95	38	18	48	31	16	167
121	91	57	158	134	91	181
154	110	141	154	135	154	166
41	104	104	17	90	41	90
157	67	67	122	52	67	52
51	72	182	99	34	171	171
24	145	67	24	55	145	67
137	144	137	170	33	144	33
110	37	10	10	10	110	89
143	54	143	117	25	108	41
117	117	75	75	117	44	75
119	171	153	119	119	152	38
100	124	124	100	122	124	100
173	186	94	80	47	94	94
64	163	64	64	193	54	64
168	168	160	39	109	109	160
152	184	158	158	14	75	158
148	27	27	56	56	27	56
93	93	10	10	10	121	93
12	118	127	145	113	107	118
93	93	112	135	120	190	185
109	126	118	131	126	118	126
139	22	139	12	12	139	12
138	30	16	106	27	57	14
30	73	73	30	154	73	30
77	98	98	130	109	98	194
117	59	91	149	177	124	37
25	36	164	144	95	10	62
172	172	136	138	159	172	66
12	86	60	36	149	96	115
169	101	101	101	98	169	169
101	113	169	51	113	28	175
96	61	61	61	96	96	145
176	13	30	63	127	88	34
17	64	17	17	64	64	79
83	150	78	150	150	161	78
13	111	129	128	163	174	111
98	155	160	155	56	98	56
169	159	101	75	101	159	169
122	108	101	90	108	122	101
122	75	122	125	125	75	142
23	165	165	183	23	165	23
38	30	47	138	47	138	47
59	166	91	141	127	27	72
31	31	148	144	47	79	133
90	28	114	116	99	116	116
42	43	66	133	133	42	66
91	99	121	154	85	170	146
128	174	170	174	170	174	170
108	156	108	108	138	156	156
11	131	172	143	159	65	60
91	135	81	180	180	90	180
61	50	61	22	50	93	22
34	34	168	43	43	7	43
151	32	32	75	68	87	87
93	162	162	93	22	93	162
67	107	131	67	67	131	131
51	73	73	59	72	138	165
79	79	71	58	79	141	143
134	155	155	137	137	134	116
88	165	21	12	169	88	53
81	119	119	165	81	24	24
176	192	59	192	39	31	192
103	20	20	22	103	18	22
80	154	46	54	36	24	36
165	11	44	72	165	129	74
120	106	149	120	17	174	120
74	101	14	45	19	172	159
131	131	16	26	131	20	111
29	188	29	188	29	51	188
193	141	24	63	27	141	141
150	45	136	88	80	180	182
129	85	163	129	85	163	30
59	10	59	59	190	20	36
138	75	156	141	169	75	75
15	15	148	15	60	102	121
120	99	92	99	152	181	131
120	139	95	17	120	95	17
13	106	106	168	106	27	13
74	111	74	69	74	111	14
87	189	28	136	136	84	181
32	104	49	32	66	32	29
121	121	121	60	159	15	182
177	35	65	134	104	48	48
155	77	77	77	155	24	155
100	148	161	90	161	148	90
81	30	75	18	18	127	18
160	14	48	76	116	111	160
22	61	61	22	58	61	22
85	98	98	88	85	98	5
100	158	107	96	96	100	100
97	117	97	117	149	97	117
114	19	74	74	114	88	19
95	100	172	179	86	12	128
46	25	71	108	38	152	152
109	116	53	147	142	134	111
64	129	116	116	150	40	130
186	16	160	13	172	115	137
32	171	113	189	189	41	128
180	38	91	52	185	38	84
117	61	117	186	117	186	186
36	68	58	58	130	68	130
25	17	103	177	171	17	71
85	66	125	161	85	66	85
179	173	95	183	110	89	80
111	50	12	103	168	180	50
36	46	60	46	36	46	117
102	161	94	86	129	157	171
166	168	47	166	47	47	166
72	187	163	45	111	109	70
172	53	55	152	149	159	66
43	26	152	43	156	26	152
69	121	90	121	90	121	90
42	40	40	42	115	42	40
148	186	22	22	100	22	28
129	83	172	146	43	129	160
142	115	115	139	115	142	142
118	124	80	93	118	34	27
173	173	180	173	165	134	100
66	171	125	160	167	182	66
121	130	79	79	121	70	130
78	120	120	40	60	120	78
82	185	185	150	185	82	82
155	44	37	135	130	114	169
19	64	121	121	48	64	64
181	124	124	145	124	145	145
135	184	77	122	74	46	46
86	41	95	95	68	156	178
125	78	151	78	125	74	151
24	24	162	171	50	50	162
119	151	182	101	61	47	151
172	79	100	157	126	172	79
20	181	103	181	155	126	181
136	136	136	24	41	157	24
156	53	68	68	53	140	156
121	115	164	107	124	46	52
134	185	134	11	190	18	118
48	58	36	35	83	179	90
20	76	31	20	135	56	146
42	176	118	156	20	100	152
47	179	47	179	74	134	74
107	136	132	24	151	24	10
112	157	112	153	157	112	157
12	106	44	152	43	142	10
26	179	67	67	67	179	179
86	105	85	101	37	140	97
28	14	170	21	64	21	21
73	136	141	43	73	140	166
96	134	96	52	20	128	133
102	180	71	23	150	162	92
35	137	144	115	137	144	144
46	125	85	85	85	46	46
132	116	132	35	162	132	140
171	139	139	149	139	198	12
151	152	140	140	82	84	92
39	85	54	184	181	85	77
119	93	160	84	110	151	84
16	168	163	58	168	168	20
77	182	29	182	182	143	187
176	34	49	172	18	96	12
12	48	78	45	78	81	78
152	94	168	152	108	94	168
90	103	103	90	90	103	123
132	195	132	182	132	161	168
143	84	45	21	119	92	114
143	28	143	187	65	143	38
198	37	163	198	198	114	106
139	139	139	57	111	57	57
114	64	14	14	103	12	109
75	75	22	22	75	181	22
86	24	157	77	86	32	129
163	164	22	22	167	164	164
108	51	108	97	108	97	97
52	177	127	69	131	167	177
103	127	188	103	75	103	140
99	110	148	83	128	72	148
84	140	84	96	96	84	96
92	163	156	92	156	92	88
26	49	49	196	28	18	49
176	115	176	115	176	21	115
35	35	75	35	75	147	75
175	107	113	24	64	24	36
65	65	60	48	65	60	60
134	141	77	131	134	182	79
124	148	147	108	108	108	190
165	165	71	160	130	71	160
179	44	94	179	44	179	94
84	84	159	159	36	136	159
26	33	26	54	54	126	26
53	137	137	137	53	53	100
26	91	91	140	164	173	25
23	73	23	128	23	44	141
33	154	33	11	154	154	33
31	31	114	114	65	114	31
94	66	94	66	158	94	66
167	138	167	138	138	174	139
114	50	115	172	157	172	52
44	106	189	190	189	170	189
69	59	59	73	20	73	20
51	124	94	56	170	170	48
169	176	94	164	11	164	164
113	38	135	135	19	135	170
81	81	142	27	142	81	142
173	91	95	95	19	40	104
164	133	189	177	138	164	83
31	152	32	31	32	52	31
24	174	102	86	70	81	52
15	15	94	129	7	15	94
180	11	11	119	180	11	180
146	48	146	48	92	48	146
71	165	90	124	90	90	124
176	49	110	33	174	33	33
62	62	94	94	62	62	135
33	56	35	35	56	35	56
41	142	42	42	42	125	141
56	158	100	100	158	56	75
169	131	23	70	160	23	85
132	194	97	132	132	42	66
67	173	173	158	119	72	173
27	27	60	184	184	184	27
51	89	169	31	67	92	49
137	41	75	154	109	96	154
187	189	189	189	187	187	190
99	99	161	161	161	114	99
15	34	15	15	142	34	34
93	175	190	117	117	143	175
161	179	185	161	174	66	38
58	85	85	58	39	58	85
140	149	149	62	140	149	140
103	103	117	158	144	36	60
145	15	176	127	114	39	118
102	102	102	78	78	78	102
99	33	31	180	154	45	107
85	85	125	125	85	125	125
105	154	105	58	154	154	139
164	70	17	115	17	46	10
133	178	133	133	65	65	65
136	79	160	144	136	47	156
104	134	33	11	43	27	115
197	195	143	100	131	197	197
75	48	37	37	48	75	101
166	68	166	166	27	189	77
188	106	150	176	106	110	14
73	101	139	181	130	73	73
189	26	26	26	106	189	189
134	118	145	52	142	60	149
38	153	95	151	62	143	95
179	77	179	163	120	170	31
173	115	102	19	110	27	122
178	178	77	178	72	115	94
150	91	51	184	17	77	177
148	41	148	41	148	17	41
164	164	13	74	13	164	13
150	150	150	169	91	85	160
188	148	11	187	26	187	145
25	28	142	121	155	47	142
169	25	172	168	172	31	172
149	119	149	119	119	81	149
118	84	65	118	84	84	118
124	62	154	154	62	124	18
182	182	121	179	182	178	82
90	146	90	90	179	93	150
137	145	145	145	137	137	145
125	100	70	151	24	152	77
40	184	43	40	116	13	40
33	37	142	142	52	142	58
41	41	18	18	41	143	143
153	98	99	61	136	136	68
38	88	171	171	123	181	103
106	189	172	111	56	128	128
17	21	21	164	21	160	36
177	164	150	46	177	98	85
30	66	66	66	30	25	30
30	23	110	122	116	19	18
58	58	118	128	128	128	58
33	33	27	33	16	97	199
135	40	102	194	165	102	102
151	144	95	95	144	151	127
127	102	139	127	102	102	127
102	74	32	137	129	74	55
159	124	172	124	172	172	124
43	176	22	176	141	176	53
63	101	63	101	41	153	101
36	92	182	18	92	68	92
90	47	101	101	103	46	101
153	51	47	65	140	27	65
109	92	14	93	16	58	92
70	22	165	43	43	70	43
92	104	148	64	92	104	64
67	40	67	40	67	52	40
116	94	175	94	125	24	71
56	170	81	56	170	170	162
53	24	24	167	167	33	33
101	19	101	147	58	12	154
43	162	43	43	100	100	100
17	17	120	60	120	17	120
175	120	120	120	155	51	52
106	77	77	162	106	106	77
121	87	55	171	171	164	33
42	42	40	42	40	40	106
116	35	97	62	65	92	65
70	70	137	159	73	70	188
78	63	11	85	63	63	63
78	171	11	97	135	156	97
130	150	150	64	15	112	47
100	43	94	91	100	87	100
135	133	145	169	145	169	169
22	130	155	134	41	134	134
22	113	43	37	29	37	92
54	162	173	54	10	98	54
188	24	188	24	116	188	24
172	75	75	116	172	75	172
147	81	147	44	156	147	117
92	134	15	13	158	92	18
80	11	17	50	189	137	23
52	82	82	96	82	96	96
15	149	120	149	106	158	149
31	89	56	89	56	89	56
69	69	69	174	81	174	174
115	107	107	125	32	144	139
93	161	155	17	89	67	183
155	59	64	99	51	100	13
30	117	30	30	117	117	73
41	41	139	41	139	139	79
43	112	112	73	43	112	43
37	73	104	123	148	132	146
90	48	61	22	90	90	61
93	33	93	66	66	66	93
49	164	51	96	49	73	139
152	182	34	73	157	183	123
13	15	141	57	80	13	13
107	64	63	179	146	29	29
30	188	30	84	167	18	30
109	70	167	93	133	33	26
14	119	14	14	120	119	119
42	50	14	117	117	81	135
51	65	88	142	51	84	63
187	64	136	52	16	36	164
113	140	113	132	132	113	132
60	51	60	60	51	101	51
88	138	50	24	24	130	30
33	120	78	33	120	78	116
119	187	11	21	131	30	21
64	182	19	182	122	128	84
8	8	26	26	62	52	26
37	67	29	169	169	169	23
42	181	79	137	147	151	20
178	132	178	178	132	132	150
178	178	178	180	180	180	92
116	36	129	20	111	74	20
69	188	188	69	188	33	69
44	44	44	38	95	36	143
27	158	101	101	158	158	101
160	143	49	49	34	68	49
26	102	26	173	176	102	176
8	166	81	8	20	166	166
142	158	145	73	71	11	80
90	67	67	143	85	90	67
175	80	53	53	66	80	175
55	76	183	55	194	26	55
105	65	65	48	48	48	97
108	24	28	79	30	84	84
41	118	176	70	89	168	34
150	121	121	150	51	121	150
158	37	158	37	74	158	37
20	20	123	20	128	128	128
177	173	113	94	79	113	113
23	89	23	69	124	69	89
116	123	71	56	91	48	188
53	85	92	167	72	53	72
185	70	180	37	37	38	17
112	126	95	95	33	36	95
28	28	181	29	103	44	101
150	97	136	67	97	136	150
141	45	14	88	107	132	156
142	94	86	86	89	86	71
80	80	7	24	105	105	80
172	34	78	159	122	26	122
125	21	21	169	131	169	125
92	92	169	169	42	35	35
144	109	143	70	143	144	109
64	41	64	91	138	91	138
161	27	107	144	144	144	83
78	68	65	95	166	95	24
46	108	46	72	158	167	48
177	163	163	170	129	163	169
126	56	148	56	148	56	148
166	134	118	185	138	69	138
105	20	116	196	105	105	31
167	64	91	110	109	138	64
187	98	169	171	147	32	145
73	73	78	73	109	83	13
83	83	31	33	33	185	83
81	131	86	131	95	102	108
184	186	108	189	66	183	39
122	57	122	122	35	107	68
160	175	23	23	175	23	175
126	65	77	65	65	77	77
33	33	33	106	132	132	132
162	85	169	170	170	166	167
82	146	156	35	127	44	44
79	57	57	78	78	78	57
37	172	112	106	112	173	117
108	108	70	95	95	108	95
127	131	123	133	131	133	131
148	45	62	83	93	61	106
67	67	137	140	137	137	67
198	12	72	132	132	29	132
45	182	157	53	102	102	45
166	79	8	166	79	83	79
161	156	84	73	182	43	160
54	110	180	110	180	54	170
173	30	138	52	99	185	99
15	170	161	143	127	15	15
162	68	190	189	172	130	88
23	144	173	23	173	23	23
142	23	23	158	142	142	23
88	10	42	176	86	86	12
146	146	17	17	17	31	146
54	147	46	20	116	158	46
119	119	54	54	165	131	119
170	83	120	155	48	53	155
109	109	109	35	35	35	84
34	93	117	34	93	117	111
149	50	141	50	165	50	68
159	36	36	110	111	82	166
140	26	58	60	140	149	177
129	178	129	28	155	123	25
12	76	12	76	102	76	12
58	63	26	139	55	139	139
68	61	68	68	61	57	61
97	46	22	163	117	85	170
129	185	25	129	110	129	142
142	184	194	102	142	162	142
163	73	163	139	163	139	15
166	52	200	52	145	82	52
124	77	62	187	71	47	70
164	191	65	191	35	191	46
61	94	118	61	94	94	61
40	82	82	28	28	82	28
94	110	110	110	18	18	32
110	111	52	52	131	110	111
35	55	169	134	79	85	100
188	102	91	56	25	173	183
29	92	26	98	183	73	133
99	29	18	136	113	162	153
108	199	199	25	180	115	199
165	53	34	34	89	128	44
139	33	23	182	149	72	81
38	38	91	18	18	38	18
50	94	50	37	50	94	94
136	124	153	136	124	136	124
135	103	131	69	69	176	178
92	48	131	111	160	127	10
40	44	88	40	44	28	88
76	141	141	76	112	141	112
166	166	44	166	44	156	147
148	121	31	121	148	78	78
197	197	168	101	113	21	197
41	93	104	125	125	93	104
178	105	138	30	88	88	88
193	15	56	101	56	56	116
178	178	81	81	99	99	27
87	112	112	50	112	50	50
134	94	94	160	117	134	94
170	128	128	170	170	128	23
24	131	77	77	24	77	24
62	111	62	111	62	12	111
73	154	10	10	117	11	35
123	136	118	55	118	195	118
27	158	158	158	166	101	12
100	55	100	55	141	153	153
56	15	83	50	168	53	107
180	180	18	180	18	18	116
47	36	113	39	25	26	36
93	77	95	98	66	52	66
37	136	114	50	84	53	161
193	111	111	61	152	111	55
31	45	57	158	45	158	57
123	123	138	92	144	144	92
93	107	69	107	107	119	45
112	91	123	30	112	112	30
63	63	32	32	32	30	63
169	89	169	121	169	89	89
172	82	45	82	83	142	50
24	145	145	79	178	63	145
49	78	49	110	110	164	164
147	131	78	87	78	39	78
152	182	88	109	117	65	118
69	48	75	110	49	49	177
26	26	174	174	48	174	26
153	121	153	153	144	101	198
64	24	178	139	11	106	120
156	68	45	134	68	123	68
192	17	192	192	194	95	28
136	138	123	138	138	123	123
112	148	155	125	20	132	148
73	119	173	20	125	60	112
112	175	177	181	112	44	112
152	173	152	95	109	95	173
24	48	24	22	53	53	48
186	132	27	51	59	51	129
111	136	53	91	143	91	78
53	43	67	181	67	67	74
109	109	110	110	110	54	109
37	81	125	51	37	51	81
27	141	26	145	165	138	145
168	93	93	80	93	187	98
76	126	117	161	189	69	161
166	22	16	166	112	118	161
158	127	119	142	142	119	127
36	53	42	186	43	107	121
80	18	55	55	59	92	136
44	92	97	97	44	44	84
145	72	171	14	14	51	50
116	166	19	164	100	100	152
172	170	55	170	85	57	54
157	162	61	157	162	84	84
163	43	43	109	90	43	135
81	123	54	12	128	81	81
56	56	142	142	56	81	142
139	192	139	24	139	154	86
96	96	28	114	114	96	114
161	160	172	74	74	161	172
91	123	15	123	77	79	168
90	144	14	139	63	67	144
160	93	112	112	168	62	75
158	43	47	47	62	43	62
35	35	94	94	41	94	100
25	159	159	62	159	62	62
120	92	126	92	132	126	126
135	51	135	50	51	135	51
187	88	54	77	54	54	156
60	30	80	30	80	80	30
89	189	92	150	99	99	99
22	85	116	110	150	78	85
81	163	163	163	161	103	102
90	146	65	92	153	41	116
105	59	162	35	19	74	139
88	39	88	39	62	88	39
93	26	93	26	26	93	103
114	130	168	30	166	77	90
65	139	139	146	146	65	66
133	15	158	158	158	105	60
163	73	163	148	15	73	73
85	78	78	165	157	155	78
145	87	123	123	107	56	176
17	14	38	38	59	126	79
77	170	57	170	57	170	57
83	65	83	17	126	54	131
139	176	139	42	42	139	42
63	117	63	122	63	77	122
55	68	68	68	80	55	55
148	148	164	153	153	158	158
137	137	135	153	103	33	21
28	26	43	142	26	26	71
100	100	142	142	142	122	99
111	69	162	111	111	162	162
23	163	125	92	125	125	163
11	107	11	11	63	107	107
71	64	64	85	85	85	64
155	49	95	49	122	49	63
68	68	10	58	99	42	187
87	170	90	87	87	90	90
145	46	177	36	73	15	36
118	43	118	127	59	118	43
12	160	42	107	119	186	64
175	110	175	175	110	110	164
28	120	120	28	120	22	153
157	60	69	84	84	84	29
170	134	186	62	134	170	123
67	114	166	156	67	162	39
25	85	85	85	25	122	25
127	127	125	37	17	10	50
53	92	184	73	22	184	85
183	61	101	120	137	61	144
41	41	168	62	168	41	168
30	30	136	136	20	30	136
123	119	120	24	73	88	73
87	87	21	134	134	87	134
197	191	164	197	81	197	15
27	117	49	117	117	27	27
110	110	94	136	65	180	110
141	184	149	141	125	17	94
169	77	120	146	169	169	120
59	143	186	74	129	74	74
127	127	118	118	127	118	84
48	14	149	121	152	119	106
84	84	84	152	155	155	155
76	76	131	131	47	7	76
34	154	24	34	151	42	166
117	134	116	115	26	125	120
34	123	89	34	89	89	34
102	102	82	82	77	102	82
83	68	105	96	10	68	187
74	76	99	144	17	113	48
37	159	152	126	159	75	161
137	36	146	128	126	53	68
164	13	13	140	164	164	169
108	122	182	122	122	182	182
38	35	20	80	80	147	11
175	175	113	181	48	175	186
12	139	102	181	174	122	121
164	49	70	40	70	77	176
97	58	149	58	58	149	149
137	27	58	45	18	27	27
183	129	15	165	140	90	124
180	98	175	92	122	154	45
54	138	170	103	103	103	64
163	179	66	118	163	49	120
120	74	20	131	120	75	103
22	165	131	22	131	131	112
38	124	141	29	180	39	141
55	69	24	121	56	70	47
141	123	123	123	141	18	141
50	83	13	50	13	13	50
151	151	95	95	112	109	112
188	51	81	51	183	122	140
30	118	146	178	30	118	178
186	23	51	122	99	51	181
28	28	162	28	162	162	72
36	30	130	81	36	171	170
11	88	98	54	191	191	191
183	57	75	84	156	67	10
131	10	131	10	144	131	10
155	39	39	136	155	39	144
160	42	66	132	66	170	66
26	149	77	138	186	63	65
154	42	26	95	185	55	111
29	29	195	95	29	64	178
130	165	118	41	67	130	104
161	26	26	110	72	114	26
100	112	32	112	125	100	32
115	39	111	111	39	111	39
46	112	101	101	49	112	101
167	162	92	36	84	176	92
9	76	9	9	157	76	99
15	77	96	44	37	119	44
23	151	23	93	160	160	151
177	12	136	103	142	136	131
94	33	56	81	88	86	94
95	106	106	95	106	130	56
140	88	52	93	88	140	52
80	41	133	21	35	81	133
50	50	128	156	23	152	50
161	67	67	15	64	67	122
117	117	110	145	110	110	117
176	84	43	72	99	66	108
28	99	95	28	129	182	28
54	90	90	113	74	90	58
13	175	175	88	186	175	13
187	40	36	80	36	130	85
177	146	163	146	72	146	16
105	58	49	177	49	83	112
162	114	114	114	101	101	101
165	87	101	21	170	92	170
44	19	135	26	101	72	25
164	133	85	65	81	164	164
54	54	18	146	172	58	16
50	159	33	159	159	33	33
53	69	45	69	69	45	112
59	87	170	170	170	127	71
44	157	76	44	41	76	157
29	186	29	200	151	29	123
124	85	124	164	164	164	124
99	120	28	171	50	49	57
88	98	88	98	127	87	127
77	54	64	87	104	64	143
182	23	37	130	69	184	174
170	75	170	61	180	114	52
14	131	105	101	45	15	131
183	183	96	89	160	183	11
173	134	115	115	115	93	161
73	73	73	176	111	68	51
28	188	89	163	163	176	87
178	87	87	178	101	123	123
47	140	69	179	172	170	94
40	18	110	174	127	126	98
63	60	159	186	46	46	46
95	95	41	34	34	95	121
90	123	17	179	35	35	123
156	187	26	117	82	122	187
39	39	56	56	152	39	56
107	169	178	126	107	154	107
128	84	106	155	109	84	60
112	134	134	13	112	134	112
184	94	184	94	184	94	94
63	65	114	114	61	114	63
199	155	177	199	150	199	85
151	163	163	93	142	158	163
150	108	108	133	150	150	150
31	31	28	31	94	161	132
132	40	40	147	147	71	71
34	34	147	34	147	125	147
76	98	157	70	76	76	139
52	19	19	14	38	164	119
90	75	90	75	90	156	75
39	43	160	43	137	190	177
150	150	43	66	11	163	150
133	29	29	140	111	174	29
175	105	138	105	175	175	105
101	101	101	125	125	134	65
113	113	53	30	20	53	30
32	24	45	45	24	45	24
33	33	137	22	70	33	94
168	73	161	73	161	124	161
24	153	79	153	48	98	153
178	94	149	112	36	32	120
59	48	59	118	29	169	59
17	37	64	53	64	37	17
88	90	178	75	176	90	18
93	35	158	153	35	38	161
118	118	53	53	118	81	118
133	162	152	19	139	139	139
170	170	59	59	170	132	59
169	26	14	169	26	169	26
40	77	79	90	58	110	154
58	58	57	57	161	57	96
64	150	97	64	97	150	78
131	142	142	169	142	169	169
160	51	51	133	133	51	133
158	158	81	81	97	81	158
98	47	126	149	138	42	131
146	139	146	142	142	146	142
16	74	74	51	16	74	16
83	78	123	84	123	78	84
13	13	25	146	146	146	13
46	126	126	45	144	81	68
71	67	62	168	189	86	168
21	21	21	47	47	47	175
164	110	53	75	135	81	41
10	173	56	155	56	175	56
33	81	113	40	186	40	158
85	85	79	85	15	79	79
97	29	177	164	177	21	22
33	99	179	71	120	10	99
92	57	151	136	72	167	151
104	160	160	169	160	169	46
183	161	118	186	48	118	117
164	141	27	27	27	141	27
26	168	167	167	121	46	28
25	52	76	25	49	16	30
183	153	145	94	169	78	85
80	122	122	90	122	80	80
125	55	107	70	88	142	63
70	117	81	162	117	173	46
93	110	110	129	53	76	138
128	79	188	106	163	88	112
113	147	171	188	125	176	167
60	146	148	143	60	184	52
115	26	126	86	115	115	31
146	30	171	37	171	150	91
54	152	182	140	103	35	10
16	59	59	101	101	101	59
160	68	59	165	165	59	165
93	152	93	93	188	184	94
164	164	159	133	73	133	73
59	169	59	52	156	59	156
140	108	108	108	80	80	80
81	34	34	11	166	166	166
108	27	107	27	27	108	108
116	71	71	136	148	148	136
166	171	69	92	135	166	29
146	148	148	148	105	69	122
27	76	131	111	131	33	32
159	159	159	159	159	159	156
65	20	162	65	162	65	162
87	164	26	188	26	136	40
57	57	28	122	104	43	57
43	142	150	166	184	97	43
154	105	154	105	105	77	154
48	43	89	173	169	163	176
161	86	90	90	86	90	86
72	99	165	86	72	86	165
161	54	161	31	161	18	188
179	67	119	163	119	153	49
16	89	113	97	200	97	97
23	11	11	71	96	67	11
60	65	183	120	81	44	157
129	147	129	129	162	179	176
15	99	99	99	13	15	15
34	127	29	13	19	118	14
135	141	132	12	14	83	28
123	67	168	67	82	123	123
85	85	27	171	85	27	27
166	166	193	190	166	123	139
142	12	137	121	26	57	80
47	45	21	45	47	21	164
114	87	18	166	50	42	87
176	108	108	108	176	134	176
125	170	170	125	129	125	170
11	133	38	62	62	179	176
33	182	120	189	69	116	161
113	82	104	113	113	104	104
77	10	77	49	171	38	171
49	49	68	89	89	180	49
147	31	83	120	56	56	74
10	11	33	33	33	136	163
19	54	192	19	148	19	124
182	147	169	147	169	147	86
45	45	45	140	143	140	140
167	127	69	81	182	34	167
176	136	146	149	14	45	73
145	133	133	145	18	73	145
63	63	63	141	63	63	63
199	74	199	199	61	111	179
171	18	65	78	35	35	35
145	86	92	92	92	122	113
39	137	39	25	25	39	107
114	116	175	117	152	39	73
19	88	13	13	13	148	127
29	16	188	164	121	98	55
164	29	36	164	36	29	49
159	28	23	149	101	43	28
126	97	89	166	166	166	126
26	181	27	85	147	26	155
97	105	105	40	40	35	97
113	47	102	30	122	130	30
32	71	32	183	100	117	142
136	94	134	173	173	86	31
70	63	159	159	159	63	63
144	161	35	144	35	144	35
161	161	57	57	161	150	57
165	75	165	75	165	186	75
30	104	117	30	129	30	58
116	149	90	31	120	137	178
27	185	112	27	172	78	77
82	191	181	191	82	28	191
190	168	190	190	71	130	42
108	108	108	111	110	44	44
146	33	33	94	169	94	169
64	91	99	15	15	99	91
163	66	49	173	40	69	69
49	67	39	49	91	91	49
142	70	103	103	131	89	44
130	75	130	130	10	10	10
149	14	18	149	6	6	6
128	90	33	33	128	128	33
90	22	22	22	101	156	123
105	45	139	45	30	76	45
83	73	133	73	134	39	129
20	65	148	61	25	187	160
72	149	94	149	149	72	72
182	67	103	105	103	39	103
78	158	151	56	120	133	160
59	118	138	12	32	32	120
65	72	184	10	41	41	161
80	34	34	128	80	80	34
25	71	131	107	131	107	131
11	11	161	11	60	161	161
188	188	62	45	188	45	45
14	123	14	123	123	14	133
71	132	16	66	16	127	81
93	71	42	98	166	93	19
149	184	165	165	149	149	165
17	35	17	163	35	17	35
124	14	40	42	124	199	124
174	44	128	128	128	44	44
125	102	136	117	102	102	125
33	33	112	136	31	57	135
80	190	80	57	57	80	57
23	36	132	52	10	106	72
161	36	115	158	96	138	96
160	184	160	160	121	82	107
72	132	132	166	132	166	166
136	177	67	177	57	67	57
131	151	17	67	29	102	137
130	45	45	45	130	130	93
104	177	17	63	59	186	104
102	105	54	102	102	95	16
150	33	82	131	75	179	38
56	12	32	94	94	32	94
118	118	155	75	153	118	154
133	29	160	75	176	156	183
151	130	130	151	151	96	130
96	103	59	147	103	96	96
151	64	61	58	70	167	19
172	73	150	112	80	15	129
187	16	145	166	177	166	100
85	114	168	114	136	85	141
182	119	182	165	182	175	80
187	46	21	127	80	168	80
136	57	71	136	179	93	132
35	167	85	20	118	167	167
31	108	127	61	16	32	149
60	81	19	114	63	175	40
151	110	80	80	80	151	165
69	132	149	69	132	132	69
119	39	187	176	153	176	177
126	135	135	26	26	70	70
150	36	144	144	49	150	49
91	121	91	89	121	91	91
110	108	12	110	110	190	154
168	53	175	136	173	107	70
22	24	41	100	183	41	65
138	45	27	118	159	74	159
125	188	188	125	147	188	125
84	84	59	135	135	135	84
159	159	159	38	38	38	179
74	178	72	81	74	55	168
163	59	59	17	59	163	154
117	123	69	15	15	15	11
186	19	67	128	158	67	29
116	23	58	71	22	19	22
180	180	164	15	15	180	15
17	17	92	176	176	176	17
155	175	162	104	58	55	116
76	61	186	186	76	76	186
100	148	69	135	70	89	41
18	130	40	40	91	143	12
42	56	50	78	57	42	64
99	35	36	99	35	36	35
18	145	137	99	128	128	99
48	144	97	48	46	48	35
31	77	25	112	71	139	25
67	67	41	133	118	118	118
183	39	47	167	78	161	137
84	68	111	100	68	133	107
165	165	65	42	64	69	176
188	65	131	131	60	92	151
180	92	97	179	11	40	40
91	123	83	83	123	123	83
185	185	185	172	130	184	122
148	132	12	52	148	106	112
192	175	192	30	126	100	192
133	48	86	86	47	47	133
48	157	130	14	72	134	48
87	87	195	85	167	72	87
72	87	175	135	87	85	33
30	144	45	122	25	154	20
109	115	128	112	171	88	88
154	154	51	115	38	154	26
148	114	148	52	37	97	120
36	177	84	178	114	171	177
71	71	148	132	148	71	148
151	128	22	77	128	77	151
33	33	59	175	59	38	38
50	67	67	67	58	50	50
127	156	113	156	65	156	122
143	148	121	137	143	143	25
92	92	92	111	38	80	111
160	104	160	104	160	104	18
32	59	152	86	86	96	86
91	121	121	147	147	91	127
150	170	170	170	106	106	106
166	136	55	139	23	59	133
46	193	116	37	62	193	193
133	63	116	49	118	63	162
20	55	127	120	120	24	156
43	102	102	133	43	133	105
41	28	131	146	17	28	90
54	173	54	173	173	54	15
142	28	42	13	141	156	71
32	16	48	86	16	51	135
68	27	73	71	107	107	107
54	110	85	140	140	12	138
65	65	17	74	65	54	17
170	42	112	42	13	52	42
52	178	178	178	52	34	52
52	139	188	188	188	52	52
49	76	49	86	49	22	80
130	75	16	160	11	34	85
29	180	48	11	114	114	33
169	85	127	112	85	24	59
59	41	27	159	59	88	98
146	110	162	26	113	28	46
187	11	140	145	90	172	74
123	123	59	59	105	123	34
174	134	93	167	171	133	161
16	75	67	159	16	81	24
190	172	53	103	90	18	123
133	167	145	177	119	114	114
176	50	39	52	58	176	27
51	103	172	172	172	108	65
48	67	187	48	107	48	167
42	42	151	147	66	42	66
96	55	140	140	113	140	180
33	122	152	22	150	90	113
38	38	40	91	40	38	117
24	123	102	145	24	117	190
80	30	123	165	176	156	125
22	104	74	90	90	171	39
102	102	61	175	102	196	48
130	141	68	116	148	94	162
144	160	186	95	21	16	160
106	106	137	137	106	137	137
186	186	186	26	171	186	131
90	90	185	90	18	60	36
33	175	33	27	175	27	27
83	83	54	32	128	32	32
151	121	154	121	179	190	121
35	134	63	59	63	59	63
23	67	67	67	23	133	23
34	69	122	183	157	183	49
175	133	133	35	19	19	175
66	29	135	49	135	66	49
12	117	125	12	12	117	117
55	174	194	134	134	134	123
93	28	28	70	71	114	10
189	22	10	22	69	50	12
133	133	15	33	133	33	33
38	38	39	39	39	38	62
44	44	24	138	138	138	44
198	198	193	113	195	198	150
77	180	122	71	77	90	116
148	189	24	189	140	189	157
70	88	143	70	183	14	60
57	64	64	57	57	53	64
26	64	131	131	87	26	87
142	73	93	61	93	152	108
133	15	92	40	15	144	60
90	90	124	90	124	50	118
126	109	21	109	126	21	95
44	113	119	44	113	113	96
74	66	66	150	8	66	74
91	26	186	91	13	117	26
69	94	126	57	57	126	69
64	146	25	64	34	146	25
23	58	43	23	173	23	113
132	196	34	110	196	196	99
111	32	69	176	32	118	45
143	42	190	83	32	115	54
60	60	135	144	60	139	47
59	166	59	65	65	59	65
149	76	91	76	171	91	149
46	93	54	47	38	61	93
60	177	60	141	141	141	60
63	89	121	14	105	62	185
17	161	17	171	17	66	18
142	143	90	23	23	23	175
119	150	150	123	119	150	101
187	127	187	187	49	49	49
18	53	53	141	18	53	18
76	121	76	76	110	33	153
97	171	97	145	47	179	77
160	160	172	164	39	189	160
103	69	69	30	44	103	44
102	97	102	94	102	97	94
150	65	65	124	150	150	65
104	144	35	13	104	104	13
187	116	187	131	131	187	131
144	151	144	144	151	151	102
160	24	160	19	108	121	160
42	21	165	50	180	43	21
174	174	107	174	175	107	107
168	45	24	59	37	76	58
133	133	177	139	139	157	177
61	61	139	139	123	15	61
60	121	60	121	60	119	121
72	121	138	72	102	72	90
23	131	111	142	16	184	172
137	27	145	27	137	145	72
123	183	123	42	123	57	14
183	110	110	185	85	138	93
153	168	168	152	65	188	168
24	19	174	51	126	34	126
104	104	170	41	158	41	170
54	135	97	54	54	51	111
61	141	127	186	127	127	184
166	55	84	85	10	136	85
145	25	145	31	60	60	31
144	111	144	5	144	135	135
120	55	154	80	70	120	120
72	163	131	24	155	155	134
13	107	17	161	13	13	92
165	157	181	20	165	165	123
168	159	168	163	159	159	27
14	150	150	14	101	150	18
68	153	141	144	153	153	100
84	155	84	132	81	84	51
92	92	44	44	183	92	44
15	15	11	148	83	48	154
126	111	174	115	119	136	136
19	120	32	134	130	19	19
80	179	111	111	184	11	111
189	155	10	10	94	122	10
149	65	19	75	65	75	75
160	154	136	136	92	135	136
190	60	40	190	188	198	190
12	22	63	179	10	86	163
165	165	167	92	92	103	167
159	141	133	21	52	112	120
41	91	121	41	41	121	121
113	40	145	149	40	40	127
34	75	133	41	34	75	41
159	68	159	92	101	190	159
21	115	21	21	22	22	22
98	98	37	37	108	37	98
25	69	69	69	25	51	25
15	179	18	88	122	44	149
19	46	19	28	112	149	88
67	148	47	165	95	148	49
63	185	48	63	174	48	143
182	75	182	182	180	182	31
14	79	79	14	79	130	14
169	167	86	129	19	169	169
94	143	69	144	119	17	71
139	36	54	54	36	54	36
80	96	177	96	96	68	160
143	143	39	55	107	143	107
88	94	177	177	63	177	150
157	73	102	73	174	158	73
64	136	136	114	136	114	114
141	129	173	103	141	173	129
107	47	47	107	9	47	132
36	117	27	55	117	55	117
26	26	71	71	71	49	26
102	64	129	111	111	102	64
52	41	52	52	41	173	41
153	93	153	153	93	124	93
36	46	36	62	70	22	47
90	113	90	33	110	111	181
35	59	59	63	63	59	84
90	48	135	90	135	135	90
160	130	131	77	114	77	77
171	88	165	146	140	78	78
61	107	107	107	23	151	173
87	16	13	87	178	92	87
127	21	21	52	64	52	52
173	173	135	112	100	100	135
172	80	180	137	163	180	164
153	60	95	153	95	95	153
60	89	137	35	35	99	52
100	145	63	145	32	145	126
63	146	63	22	22	22	63
86	164	115	71	151	45	82
93	177	96	136	76	163	93
142	45	160	144	168	144	181
136	32	144	146	142	142	142
161	173	173	161	19	171	19
176	176	176	174	11	118	75
132	63	168	132	133	117	177
148	155	79	79	79	148	148
105	183	190	199	57	57	57
167	167	161	161	76	167	156
176	110	120	93	110	110	72
159	63	120	120	41	17	120
77	77	82	82	77	187	82
134	134	134	44	44	146	44
180	107	16	107	16	107	16
172	164	24	85	93	12	177
28	159	57	127	155	127	138
110	16	110	78	126	164	74
119	143	39	119	143	119	143
60	79	71	74	60	60	141
168	37	46	46	108	100	68
156	47	138	156	138	47	138
83	83	80	22	151	80	22
192	192	92	84	69	192	142
152	15	172	137	137	172	15
17	72	60	26	36	134	157
177	177	20	177	20	128	20
135	11	186	135	186	186	135
15	10	159	21	58	94	189
44	145	155	161	145	85	12
160	146	92	149	51	134	149
132	132	132	56	50	56	56
106	75	75	75	151	130	66
17	105	140	29	26	106	102
85	140	49	85	115	147	73
56	188	139	107	17	135	135
150	169	17	169	169	148	148
158	98	182	65	46	30	182
115	70	175	121	84	96	184
50	50	149	144	184	88	30
96	148	18	102	47	93	47
25	24	52	82	18	25	25
43	159	114	130	130	105	166
189	149	128	60	135	171	66
107	190	142	148	119	142	23
53	57	13	106	99	134	15
142	33	33	143	59	119	33
102	24	81	24	24	81	97
125	133	181	174	90	85	52
32	32	16	90	90	32	90
25	34	128	25	25	34	34
91	51	19	91	19	76	91
54	110	127	25	54	13	29
68	126	68	15	92	89	68
79	32	79	139	111	79	119
53	53	53	53	41	92	25
41	164	123	164	41	62	123
174	94	133	25	174	16	174
187	175	100	187	29	187	118
147	115	137	10	147	85	147
26	138	138	138	17	17	89
139	139	141	14	79	17	66
84	148	148	147	115	144	148
101	162	88	75	48	71	176
143	97	167	84	84	184	174
33	161	146	35	67	185	170
158	47	61	61	156	47	156
93	93	93	93	170	31	31
61	83	61	60	164	80	185
85	19	41	160	30	85	102
66	170	99	178	63	184	99
172	183	86	10	38	25	172
38	38	93	121	93	93	38
77	16	95	108	66	66	80
74	74	43	43	74	64	43
186	103	186	148	186	103	103
54	146	54	146	82	146	54
72	60	60	72	179	72	60
159	97	159	159	11	11	11
137	118	26	165	118	128	15
118	125	125	33	121	70	115
186	10	186	134	186	10	10
129	134	100	154	100	154	129
149	118	41	149	43	118	149
72	133	133	160	67	72	67
45	182	53	45	53	45	53
65	30	18	24	60	170	80
62	158	62	62	177	158	158
64	48	43	173	48	173	43
158	75	143	35	56	56	123
65	117	173	77	159	29	173
179	129	151	111	107	179	179
160	127	59	92	127	125	129
178	178	163	30	32	152	178
182	176	108	81	108	29	27
124	157	34	18	157	39	66
111	141	111	86	167	40	138
52	139	189	84	139	139	107
124	21	36	21	36	36	21
98	181	42	143	128	42	103
106	115	91	35	106	35	115
52	116	52	184	52	170	97
68	121	121	68	121	121	68
27	18	18	11	83	18	92
34	111	174	34	174	162	162
134	118	118	134	134	118	82
95	89	89	170	170	89	170
165	22	126	20	165	174	39
155	49	148	49	28	144	29
90	101	77	138	138	90	138
49	44	49	45	38	33	143
78	183	183	183	78	51	78
176	154	91	63	91	79	34
150	125	125	18	46	78	134
25	33	157	65	73	33	33
36	36	36	22	184	184	184
54	172	70	45	157	129	90
175	55	109	170	129	129	90
115	171	115	171	171	115	187
112	37	46	8	46	8	46
80	41	107	41	139	80	80
14	135	60	135	80	138	157
43	21	46	131	68	94	46
77	53	53	160	53	77	77
40	187	115	65	149	149	27
113	65	168	106	88	15	125
116	152	78	129	183	116	116
63	76	63	76	63	130	76
120	155	21	41	41	106	59
90	39	145	39	39	145	53
22	22	56	19	19	142	56
90	180	180	93	93	93	180
136	166	14	166	111	166	166
43	116	17	66	45	66	92
32	173	49	157	184	49	173
121	28	154	181	39	128	73
174	171	50	24	30	146	67
106	182	120	29	129	156	156
146	146	93	194	157	146	183
139	62	58	71	175	62	62
178	176	140	140	102	153	164
96	56	17	104	56	78	133
48	52	164	43	171	171	115
70	30	70	117	30	78	78
106	69	23	105	23	21	185
15	83	47	83	103	15	83
30	123	99	137	99	182	149
96	67	159	61	67	113	148
30	30	30	65	187	18	95
124	71	124	71	71	124	75
92	76	167	83	177	92	90
187	75	116	140	17	33	24
192	17	28	73	73	73	30
85	96	79	79	85	85	79
145	83	145	65	178	31	43
170	173	170	27	173	173	170
56	48	23	56	23	56	23
94	11	37	94	123	94	45
149	170	149	149	169	170	170
146	99	32	146	32	32	146
105	91	43	105	91	91	91
46	180	46	180	51	51	49
176	120	51	51	38	94	10
135	105	30	88	140	145	145
85	60	60	60	85	60	85
19	129	94	172	19	179	65
94	28	12	110	97	188	114
87	95	56	56	95	85	87
67	155	143	143	155	155	143
124	83	85	111	66	21	63
65	65	65	123	123	153	123
46	179	100	31	158	26	59
27	171	171	59	51	109	59
72	30	72	30	72	30	148
150	111	15	176	13	177	128
133	133	133	57	57	130	57
108	108	55	197	113	173	108
150	87	41	41	107	107	150
130	130	145	145	145	130	111
61	172	61	61	81	172	172
143	133	6	133	143	143	73
123	39	111	123	39	160	123
145	32	121	126	59	71	71
81	70	125	81	44	174	137
163	73	178	75	161	31	161
20	65	187	187	187	65	65
171	28	25	48	48	25	171
89	76	37	106	163	174	56
63	70	162	162	109	159	77
115	115	115	82	82	71	82
86	168	86	123	155	123	151
51	51	145	37	145	145	51
95	95	95	90	64	30	35
25	50	25	92	25	117	96
17	120	17	137	127	17	113
171	131	177	175	131	33	60
187	93	25	173	131	65	187
66	119	21	66	143	22	35
79	62	148	33	79	33	33
153	153	151	153	151	117	151
61	143	143	138	61	143	61
33	146	187	45	137	33	154
37	82	78	124	51	104	36
36	126	126	137	36	23	36
87	184	44	126	43	43	43
12	51	168	107	97	186	51
49	18	147	196	18	183	18
101	25	99	25	99	99	25
134	104	134	104	134	104	112
87	36	7	157	87	7	7
39	18	134	108	30	134	152
20	113	124	39	39	39	20
185	190	185	174	136	106	185
126	42	189	115	42	42	24
118	56	9	56	83	118	118
138	138	57	63	23	67	138
184	184	184	67	67	125	67
48	21	58	42	35	72	42
118	88	106	112	145	145	100
60	153	108	72	108	72	108
129	84	156	129	84	177	156
120	179	168	151	71	18	48
28	18	153	137	185	149	184
171	143	171	22	171	86	199
105	81	93	116	41	116	155
172	93	172	67	38	154	120
141	141	35	56	42	56	42
90	19	34	94	145	19	19
97	97	90	97	25	25	25
33	52	115	105	82	109	109
115	105	10	136	161	115	115
102	162	125	125	131	144	125
13	46	13	13	46	46	122
80	126	145	175	89	96	41
129	131	106	19	88	110	93
101	40	164	164	40	164	40
168	63	179	79	38	160	63
48	69	105	134	88	119	83
156	11	82	83	117	84	11
54	115	54	140	140	54	140
11	37	138	129	108	142	161
28	14	103	103	103	28	28
76	18	118	18	18	118	20
83	83	101	69	69	83	69
28	108	141	108	28	177	56
10	12	80	163	82	157	10
84	102	27	154	84	80	140
17	127	51	118	17	185	17
105	162	158	55	105	74	23
102	17	62	168	168	60	180
145	48	120	67	65	120	189
179	138	86	48	52	85	48
177	37	34	177	177	190	87
32	87	127	127	87	87	127
107	75	54	75	143	54	107
158	85	85	158	158	181	85
24	168	24	81	168	24	168
142	48	24	142	48	142	48
141	74	116	141	141	116	116
42	42	75	75	111	75	42
142	105	105	150	150	150	105
34	167	80	94	167	167	15
115	62	62	20	146	125	62
58	36	22	36	77	36	81
172	156	156	124	26	172	124
115	18	115	75	115	75	75
187	187	65	187	41	41	41
147	125	20	174	12	97	147
117	124	152	111	124	111	117
105	32	32	105	105	181	32
126	47	127	40	40	126	40
27	165	165	165	122	122	122
29	29	29	144	131	168	168
145	145	177	86	95	134	73
109	171	173	109	93	171	173
177	177	108	156	69	77	152
93	109	109	162	93	109	93
188	29	58	139	71	65	29
50	84	50	84	50	22	84
118	45	141	93	24	24	138
155	175	145	175	55	10	175
176	94	84	93	128	84	64
90	80	35	24	80	54	69
140	131	58	131	72	167	164
163	65	184	163	97	114	163
132	189	189	189	132	168	132
28	178	178	28	99	99	159
80	80	154	94	86	80	98
46	94	89	53	94	53	49
14	69	14	88	59	162	128
70	140	79	17	70	79	17
9	161	62	24	9	161	161
83	50	50	116	116	116	50
78	41	178	78	78	158	103
142	89	76	44	29	44	177
132	30	83	57	83	131	83
170	49	49	89	70	121	157
149	149	195	165	149	199	192
84	135	149	145	145	159	24
71	122	61	122	36	184	122
42	51	51	161	97	51	29
72	127	127	72	72	127	67
12	12	42	57	176	84	12
128	88	152	127	113	127	69
125	24	125	23	171	136	75
154	154	27	154	109	176	186
146	127	157	42	127	15	45
5	133	86	86	86	5	124
105	29	68	68	29	68	29
147	27	90	48	55	148	148
17	17	17	66	18	18	18
10	77	69	69	160	41	68
143	48	29	11	157	175	143
70	26	132	98	38	169	109
128	18	79	72	79	79	29
127	141	95	114	69	46	46
157	41	186	57	150	41	71
116	39	76	39	76	116	141
164	88	122	122	94	164	164
17	17	48	17	48	93	48
135	56	135	133	36	146	75
133	20	14	153	88	88	142
172	116	172	149	125	96	53
30	85	49	58	54	133	187
163	141	96	116	177	171	146
40	132	40	132	107	149	132
188	130	181	30	129	52	52
69	35	169	35	16	44	127
18	18	90	18	46	46	46
45	30	111	160	82	92	10
173	173	62	62	62	60	173
77	50	50	77	50	11	77
43	36	43	36	36	179	43
156	156	183	172	156	43	41
85	62	62	131	62	156	46
114	93	96	114	93	114	93
21	20	21	21	183	20	20
54	154	34	54	34	154	141
57	52	176	45	53	58	58
45	45	86	20	45	20	20
122	122	113	100	109	122	75
81	39	81	39	123	123	163
93	93	149	149	93	149	73
110	106	14	61	14	18	62
99	99	99	144	28	144	144
152	152	175	107	54	94	20
111	64	54	13	86	54	145
14	14	36	14	36	120	36
38	86	64	86	65	86	110
108	53	92	53	92	108	85
83	83	43	145	126	126	126
34	135	135	87	135	168	182
117	12	117	117	152	12	12
45	71	83	166	82	86	86
68	23	135	158	156	23	83
99	99	23	78	23	23	99
106	140	123	106	163	106	168
169	139	14	14	14	10	22
140	151	151	168	140	129	168
186	97	58	58	101	85	106
21	147	72	53	53	145	152
86	86	177	73	73	73	86
154	120	190	31	154	88	71
59	136	147	136	152	59	136
51	111	162	51	34	51	171
12	62	89	62	62	111	179
107	75	15	15	114	75	107
36	78	70	113	55	36	28
86	61	61	108	86	61	108
20	159	25	159	134	159	88
96	131	58	189	96	162	96
83	120	126	120	83	58	58
119	29	69	109	18	124	29
86	86	30	68	126	194	86
36	17	93	12	28	93	93
185	185	143	46	185	143	143
110	110	110	195	39	97	61
160	91	112	110	171	160	18
62	111	37	114	37	62	114
105	189	124	24	162	105	58
59	113	135	57	177	181	180
111	137	123	123	76	123	76
10	50	146	10	129	129	129
141	47	20	37	37	147	37
121	129	106	143	121	143	106
89	78	95	25	89	89	78
17	17	161	82	161	161	17
71	184	97	105	111	96	63
142	137	137	52	137	52	52
114	28	119	154	114	51	114
154	10	51	24	154	24	24
30	109	31	126	109	126	30
134	135	105	115	33	105	25
41	41	90	90	90	93	41
93	146	12	153	93	13	93
109	113	181	124	109	78	156
55	56	130	189	122	132	147
26	61	97	26	61	63	26
39	65	65	39	164	65	39
64	145	46	64	46	64	46
145	46	46	145	145	46	54
94	122	56	122	94	56	20
123	41	131	15	131	140	131
40	120	40	120	42	40	120
13	51	51	51	53	77	65
41	154	119	119	154	43	41
85	186	112	85	12	185	121
19	19	19	161	161	152	161
143	168	143	112	112	112	143
10	104	145	145	145	136	104
135	135	135	135	33	77	135
140	77	77	27	27	77	27
113	51	91	79	60	79	179
69	173	183	173	149	124	67
31	165	189	105	189	156	110
143	143	85	85	143	85	62
31	153	153	31	31	57	153
161	91	29	161	13	66	83
141	84	141	141	84	150	115
117	132	141	117	132	132	117
181	167	178	52	186	181	52
26	97	177	162	71	126	71
188	111	18	87	188	188	32
150	75	75	150	27	69	69
78	78	53	53	53	159	78
34	144	127	105	59	114	179
41	168	41	130	41	168	168
18	96	88	169	79	96	99
134	200	27	25	56	25	25
117	64	123	64	30	117	123
54	149	178	10	100	153	178
174	163	48	95	70	92	72
110	110	57	179	110	57	57
28	101	101	98	115	115	101
11	60	161	60	11	11	157
131	131	131	171	171	82	171
138	95	71	71	138	85	85
184	184	116	184	33	33	33
167	167	54	59	71	71	59
71	97	33	83	146	146	122
185	141	101	144	67	108	128
27	68	27	101	101	101	27
16	34	34	143	117	16	117
174	14	56	88	109	163	86
141	30	141	82	141	95	42
70	17	17	125	70	70	17
144	144	144	41	41	41	115
167	157	104	151	155	46	30
49	50	49	50	35	50	49
40	155	40	132	30	30	132
165	184	162	27	162	162	184
179	164	120	164	120	120	164
177	90	177	106	177	23	91
88	137	123	110	124	119	88
53	135	32	107	132	132	19
111	37	111	184	187	62	151
117	38	117	148	119	148	148
134	73	154	73	154	134	68
136	29	42	187	49	136	151
155	10	121	46	121	121	130
174	23	23	131	90	94	23
33	33	96	85	85	33	85
108	109	109	108	109	108	82
49	49	117	49	117	117	114
104	196	104	38	90	104	167
138	74	162	138	46	162	138
72	200	72	163	31	118	72
34	55	178	178	72	141	178
184	30	117	27	27	74	84
50	99	99	162	162	117	50
28	28	72	181	28	30	80
159	128	87	176	47	176	176
99	161	99	99	103	10	16
177	39	71	39	71	177	100
147	173	173	165	139	150	75
98	55	98	177	98	110	111
43	154	46	158	46	158	154
119	125	121	121	181	129	121
23	23	23	95	95	95	24
28	98	28	148	98	148	48
104	153	153	129	97	81	62
50	135	50	135	135	51	50
119	120	120	120	128	87	144
88	45	112	45	88	175	112
178	54	85	85	49	49	178
39	40	38	153	171	40	169
148	175	107	38	40	179	105
96	106	190	96	35	144	45
174	37	94	42	42	46	72
79	161	130	124	177	66	161
87	87	32	113	87	30	110
55	55	141	55	55	55	55
89	196	53	89	89	31	29
173	173	108	191	173	127	82
104	121	34	104	121	121	104
52	52	52	30	110	91	145
171	93	137	72	137	70	137
35	24	176	152	156	176	140
58	80	56	156	45	58	58
28	82	102	82	28	28	82
76	110	52	76	85	76	82
55	85	48	160	140	47	47
13	18	13	117	43	13	148
68	112	72	112	65	68	68
61	138	197	138	138	20	87
170	24	24	24	97	113	45
117	149	22	72	161	167	143
12	105	45	183	42	69	42
85	161	151	136	14	74	148
77	93	164	107	112	16	121
90	67	90	16	107	67	16
132	134	172	132	134	132	134
147	52	52	52	147	12	147
18	142	121	126	139	70	179
71	33	40	182	76	90	45
54	186	41	41	54	41	54
159	170	77	108	159	77	159
129	129	44	129	40	44	44
115	173	173	115	115	173	80
165	122	178	97	97	114	165
114	154	114	114	153	74	28
15	83	20	115	73	20	20
39	39	39	36	36	36	185
104	109	31	104	109	31	82
28	57	57	38	173	38	173
47	145	46	46	89	47	145
18	90	42	12	45	153	158
12	26	26	44	26	12	12
149	88	81	88	77	149	77
101	83	139	101	146	171	48
14	152	165	137	79	45	41
102	150	70	177	107	150	150
109	127	109	127	127	109	128
26	26	108	108	108	26	79
33	62	69	11	101	71	105
118	31	59	190	118	98	137
44	109	80	102	105	23	90
148	148	81	180	160	36	70
21	148	148	21	21	136	148
120	194	194	84	156	194	152
112	122	163	140	38	81	123
54	42	58	171	97	171	171
28	108	107	123	28	126	183
65	100	65	126	126	79	126
157	97	183	184	25	41	40
12	177	103	62	90	177	177
32	80	93	79	80	19	80
120	137	137	156	156	156	137
84	56	73	12	137	135	137
162	162	169	53	124	53	124
113	131	155	138	155	117	65
26	115	149	156	115	26	115
107	107	79	79	107	140	79
163	101	171	39	36	181	163
159	114	158	25	158	56	158
188	85	76	188	85	85	188
11	126	126	101	101	126	101
128	60	62	128	127	60	62
60	60	60	119	45	45	125
22	130	130	82	108	22	108
53	35	42	35	42	41	41
52	168	168	52	168	52	47
74	125	134	134	134	125	125
189	68	141	68	68	189	189
175	18	171	141	189	175	32
52	52	24	187	187	52	187
126	23	171	37	154	154	111
109	175	47	171	181	177	181
52	185	79	171	104	185	82
34	35	133	35	129	133	34
31	31	38	122	31	122	122
178	84	127	162	34	102	179
146	86	165	86	165	66	165
53	74	26	20	105	53	74
69	69	146	69	51	146	146
56	160	102	162	56	160	162
119	115	115	140	140	119	60
160	160	99	160	99	95	99
13	94	54	108	177	31	13
145	34	134	108	108	145	145
72	17	81	45	181	67	136
149	137	127	165	170	84	137
41	188	120	90	41	32	53
10	37	125	106	14	141	125
48	132	100	100	164	164	48
158	85	41	149	44	161	163
14	14	14	170	108	108	108
89	89	8	67	114	89	67
179	100	164	102	164	179	102
25	43	11	52	148	20	20
172	130	33	33	172	70	130
171	189	114	114	114	171	171
182	150	43	34	143	112	169
94	120	130	120	65	11	150
56	154	119	56	154	56	154
130	183	186	130	130	186	186
19	19	118	106	171	19	26
40	128	128	40	128	40	16
151	151	129	135	163	151	135
102	77	77	56	77	102	102
135	135	56	16	135	56	89
46	77	17	94	61	94	94
90	90	82	106	82	90	82
134	122	91	19	106	19	19
30	24	24	135	24	73	30
104	41	115	14	115	115	139
179	54	179	30	138	30	54
82	125	50	168	141	50	50
105	38	105	38	73	26	26
104	101	164	104	85	101	164
28	68	137	100	28	28	48
77	64	20	77	77	85	85
124	157	98	16	157	86	23
167	128	26	26	167	26	167
112	17	17	112	164	17	77
148	46	117	57	117	148	46
125	125	15	15	15	125	125
151	79	79	151	110	151	79
51	52	28	51	53	156	183
86	86	86	85	85	60	158
41	135	42	42	124	124	41
106	38	158	150	158	106	150
185	31	185	168	12	160	96
182	169	42	87	169	75	50
17	137	31	157	56	58	42
91	163	131	155	170	125	180
145	137	189	92	133	13	92
183	183	183	60	46	48	25
11	11	168	23	135	11	34
19	153	19	153	63	36	63
136	124	124	134	134	134	124
12	128	12	12	88	138	88
53	53	24	24	53	24	104
154	156	143	69	20	13	69
121	108	99	84	82	12	154
61	61	10	106	61	10	10
53	110	99	152	13	187	144
121	135	48	135	135	48	48
152	70	152	132	79	117	152
64	40	182	182	182	64	64
131	39	87	55	55	87	39
166	166	134	134	20	105	134
37	138	114	136	114	123	114
80	61	129	129	42	80	61
38	38	62	69	117	38	45
29	121	98	20	142	113	89
71	112	27	112	27	27	112
170	91	71	172	126	26	132
53	123	123	123	45	16	166
107	40	164	164	99	119	157
33	95	60	70	95	177	85
27	81	27	27	48	81	138
38	13	65	148	117	72	148
95	38	33	33	95	95	33
175	84	53	89	108	175	175
175	119	175	175	119	63	119
168	65	18	65	65	18	34
49	102	49	102	102	90	49
83	69	83	83	69	69	66
48	21	30	30	114	33	152
162	126	47	172	47	47	104
123	143	123	148	25	49	123
171	171	171	131	56	131	131
132	132	76	66	11	155	132
94	157	58	157	89	68	87
147	27	27	27	34	181	192
92	53	88	92	92	149	51
101	33	53	182	115	187	157
25	147	73	73	25	73	147
147	149	147	135	149	135	173
150	81	180	71	159	85	144
126	65	122	65	11	66	27
178	94	73	31	176	58	58
48	49	19	40	102	188	188
17	178	20	95	59	112	59
91	91	25	91	40	25	25
72	75	27	77	81	43	77
15	143	42	143	180	143	13
150	85	155	128	171	128	128
164	40	47	121	47	188	145
61	119	119	45	45	119	72
83	29	29	141	155	22	73
115	18	115	115	63	18	18
75	74	106	165	157	80	75
22	132	167	130	138	76	22
177	122	176	170	69	54	117
172	187	101	84	93	89	87
24	24	153	153	24	57	153
137	137	137	21	21	21	130
158	99	43	99	51	158	158
92	92	114	92	117	118	157
191	191	118	19	191	200	170
121	27	9	27	53	27	121
166	93	137	81	40	42	65
29	93	59	80	180	59	11
32	107	67	53	154	43	154
34	34	92	29	34	29	161
74	74	65	128	65	62	128
28	17	17	128	128	32	28
115	115	138	115	138	77	138
14	14	15	12	14	84	135
19	19	116	116	19	183	116
85	133	133	152	53	133	34
102	102	57	66	66	66	102
102	38	38	102	38	37	102
18	81	81	155	44	64	156
39	39	39	176	66	141	101
178	115	28	133	115	25	71
13	144	144	155	121	153	156
32	165	156	178	49	165	17
110	112	110	112	112	99	110
85	42	35	182	85	141	17
49	11	92	78	100	28	108
55	164	103	164	164	55	55
101	141	170	95	182	170	99
159	149	159	136	30	136	149
53	148	41	107	177	29	95
39	39	39	72	72	94	115
144	126	169	120	144	32	169
73	33	101	137	64	33	168
67	103	72	103	106	141	45
150	51	107	148	45	93	107
139	139	36	139	36	146	36
89	89	66	62	62	68	62
189	178	29	83	172	91	41
30	188	30	188	188	30	156
53	34	24	34	80	185	34
32	32	32	140	140	21	140
45	162	45	74	162	45	162
184	55	55	55	184	184	44
180	106	106	106	123	180	180
75	28	75	87	200	75	127
185	48	185	16	16	185	16
22	22	9	14	14	22	49
15	26	26	15	15	150	26
153	173	173	72	123	84	173
12	190	119	43	119	82	119
62	62	62	62	142	107	193
160	84	188	168	133	84	84
155	123	56	106	26	78	73
44	122	99	99	38	43	126
60	136	36	133	55	174	15
85	67	85	44	85	67	67
172	103	162	12	11	131	184
122	25	27	144	20	27	27
102	62	46	181	70	70	82
25	25	127	78	127	25	127
71	71	59	71	85	118	85
90	22	16	156	10	67	90
146	142	146	142	146	142	54
83	33	163	163	33	163	33
112	112	112	175	175	66	175
33	33	33	31	190	114	10
117	54	126	145	77	126	10
159	39	78	20	78	20	106
19	45	32	145	53	176	32
108	56	142	53	53	47	166
94	128	139	37	51	185	33
136	169	136	169	170	169	57
112	129	45	17	59	109	17
28	172	162	37	157	146	172
178	194	103	194	194	200	133
110	122	110	22	55	110	13
126	78	78	48	87	109	78
97	55	55	84	176	76	132
86	86	131	53	86	101	150
104	138	146	146	144	101	99
98	34	92	148	92	92	118
39	39	41	82	97	39	41
107	107	160	107	35	35	35
96	68	57	44	96	57	96
166	119	166	56	119	166	119
128	17	42	44	128	17	42
117	104	56	178	28	190	29
34	100	115	159	144	132	89
135	93	72	84	162	130	130
49	102	49	147	51	49	182
175	32	163	163	32	163	32
154	89	83	87	87	89	83
25	156	137	137	156	98	98
56	99	151	43	99	43	56
126	57	106	126	126	22	22
103	25	103	174	141	174	141
149	141	149	105	84	159	145
176	141	145	38	77	141	80
120	44	135	53	78	74	93
37	39	104	39	104	68	68
175	113	65	85	30	154	109
171	124	128	128	79	128	28
90	48	89	48	90	48	90
86	42	182	148	136	144	144
71	154	27	67	154	155	111
171	120	98	173	90	145	62
88	133	178	178	88	133	99
64	107	107	145	145	64	29
79	78	133	186	54	90	121
114	31	78	78	78	31	31
38	141	82	143	60	141	141
117	128	144	122	46	24	80
32	42	101	150	111	32	152
92	179	179	41	179	41	41
127	46	140	22	104	61	148
169	73	48	173	160	48	48
130	146	130	130	146	107	146
90	90	198	12	177	90	60
18	101	86	153	153	153	70
39	157	39	23	157	23	135
85	85	105	105	92	87	92
177	166	113	121	121	18	98
182	182	182	139	34	157	186
77	73	128	48	41	41	141
106	174	106	102	170	50	178
122	119	64	119	110	189	133
175	124	168	105	175	159	175
144	181	181	42	181	42	42
58	158	158	58	176	158	58
110	110	97	63	169	12	15
48	141	48	48	128	128	128
133	97	133	148	61	148	148
34	106	156	34	34	156	156
150	150	32	32	32	150	54
90	149	52	89	156	74	90
133	24	133	118	21	133	21
103	103	103	81	131	127	81
122	145	122	63	145	122	145
79	40	109	44	148	56	48
150	152	200	200	138	200	39
54	52	163	144	141	33	132
73	13	73	73	13	13	93
142	116	147	116	167	142	167
115	145	145	136	155	180	100
99	55	122	99	111	99	27
103	103	46	46	46	34	103
167	57	167	167	68	68	68
185	124	14	40	167	168	40
71	85	85	50	50	126	71
165	133	52	80	157	179	74
124	124	167	167	167	124	73
173	80	50	80	107	32	22
75	25	158	25	54	69	25
14	40	33	33	47	113	33
170	67	70	172	83	83	109
156	45	156	156	84	84	84
36	177	121	36	162	177	121
41	82	82	40	69	95	39
155	135	127	123	123	127	127
64	64	93	23	23	23	64
93	174	174	139	101	13	21
153	153	22	153	82	82	82
129	160	109	76	159	50	157
53	29	53	35	115	115	29
71	35	168	168	179	168	49
109	34	129	30	28	170	82
16	101	48	174	28	101	101
163	179	127	127	163	179	145
113	137	137	137	75	75	75
170	163	163	17	153	64	163
135	160	160	135	160	166	135
76	72	53	53	53	76	76
19	60	19	148	19	12	163
138	138	153	138	123	153	153
96	123	100	159	104	37	96
95	90	149	10	161	67	34
55	186	13	63	124	138	55
63	48	69	69	69	100	64
62	151	35	166	62	35	151
70	70	133	27	54	28	80
65	82	193	82	82	140	179
120	84	120	178	58	178	84
23	52	135	82	108	66	82
15	106	136	106	107	136	107
193	23	93	53	41	41	41
139	111	110	110	110	121	148
10	19	19	115	115	19	115
17	81	159	58	58	58	94
30	115	17	146	25	30	86
38	23	38	26	26	26	38
105	33	135	61	131	92	166
33	122	122	20	20	122	20
181	159	178	171	76	159	177
146	146	99	146	85	76	179
117	66	80	80	66	80	66
97	161	97	95	85	95	85
83	74	35	138	185	28	129
165	112	100	107	133	133	71
26	121	19	81	81	148	80
48	48	77	77	128	77	48
59	96	26	104	106	132	167
28	145	145	165	165	145	128
162	144	58	153	162	162	30
44	98	115	115	104	44	98
154	177	140	164	12	116	177
152	75	55	87	71	71	137
79	187	79	56	15	136	122
86	43	86	11	43	114	86
75	44	160	75	44	75	44
147	134	114	27	174	87	114
91	97	114	91	85	195	91
70	106	82	106	56	23	145
153	90	65	65	110	65	153
150	144	83	57	150	144	57
196	83	70	154	70	70	153
29	73	71	29	104	99	82
58	145	20	145	58	58	145
134	159	165	134	134	165	165
182	103	103	103	98	182	182
178	178	102	120	136	178	38
170	49	80	63	63	46	28
94	25	164	29	163	164	163
170	11	145	145	107	54	180
88	64	10	88	87	64	88
138	103	32	40	138	13	40
95	24	24	97	97	24	97
23	78	96	146	28	38	102
130	172	66	64	30	67	186
159	159	46	60	60	159	60
146	146	66	121	121	142	142
117	117	86	86	86	81	117
129	25	191	118	73	118	118
164	125	152	29	189	113	120
13	139	139	13	139	37	13
179	164	64	86	34	152	152
137	121	130	130	137	137	130
94	94	146	146	116	94	146
175	175	163	146	103	103	163
107	88	189	121	181	121	121
16	188	16	16	188	188	126
181	35	14	98	12	35	69
65	65	127	90	19	65	65
47	129	129	100	157	47	129
101	112	47	16	29	112	87
34	133	180	153	147	33	158
73	183	120	179	38	176	172
64	112	53	58	53	112	64
119	139	139	139	80	119	119
48	98	104	183	151	126	105
111	105	178	35	96	96	96
156	34	34	63	63	34	63
76	76	76	81	81	81	66
48	60	31	118	73	31	75
39	165	26	26	39	39	26
86	138	86	138	86	138	105
135	86	167	154	150	133	21
194	133	194	95	194	34	89
187	50	50	50	167	100	44
156	124	32	39	92	25	159
48	102	65	30	102	128	87
80	8	13	68	13	13	68
39	39	30	30	48	30	39
123	143	62	49	126	73	73
94	55	55	94	32	94	107
30	105	30	147	105	105	30
37	114	80	158	154	14	71
46	13	199	199	199	10	84
149	167	166	144	144	32	143
179	22	102	145	79	15	34
7	53	151	7	151	151	73
144	154	41	140	41	140	140
155	131	64	165	33	35	107
42	23	173	48	48	48	93
18	12	78	16	80	134	16
135	135	135	135	63	135	135
129	27	168	163	117	139	123
46	62	83	66	98	117	98
27	167	10	114	79	10	10
196	85	132	85	99	85	72
87	46	127	87	159	127	159
11	42	67	34	34	10	131
39	46	67	29	131	190	117
168	171	112	144	171	171	105
101	166	101	101	166	32	166
77	103	135	49	151	179	90
35	18	35	35	46	18	18
8	104	8	83	59	59	8
107	169	17	101	19	45	44
50	139	104	24	190	97	28
83	181	182	108	135	135	88
198	16	198	70	93	135	198
52	32	95	40	32	40	95
116	114	109	146	45	152	176
18	130	26	84	107	187	26
161	180	136	108	136	41	79
82	125	117	82	161	166	155
73	188	188	188	81	146	130
77	132	121	81	69	103	73
161	188	28	161	188	161	188
55	55	159	55	101	101	101
95	95	35	95	35	40	35
149	11	11	149	27	149	11
113	169	141	74	112	141	141
149	80	176	157	149	149	163
114	83	83	114	153	114	83
191	89	72	144	45	89	89
185	20	185	107	188	63	175
92	156	119	119	92	92	119
109	34	109	60	173	122	36
39	20	20	39	39	20	134
122	121	61	43	110	13	121
79	79	79	79	57	57	57
119	108	155	174	190	149	54
63	125	63	63	125	125	99
82	166	122	179	146	146	174
161	152	100	152	152	112	103
35	109	93	175	62	62	63
160	96	113	34	34	21	34
89	106	147	106	147	147	106
162	11	123	51	155	122	32
172	177	58	58	44	20	131
34	144	179	179	100	183	80
164	18	18	132	82	145	18
36	26	123	26	26	149	149
100	21	21	21	100	100	135
69	117	53	69	69	53	53
68	68	14	14	130	68	14
156	56	175	118	118	178	64
38	65	139	42	65	139	99
66	129	129	75	129	75	75
74	135	34	115	155	135	180
142	142	109	86	22	109	86
186	133	145	186	186	145	145
165	165	46	46	46	142	165
170	146	146	39	96	39	96
142	119	12	63	91	21	163
34	157	118	34	34	180	137
169	159	20	23	123	85	145
33	120	21	30	163	33	33
17	17	38	38	17	165	38
138	18	135	18	135	135	18
155	12	105	105	105	69	12
18	189	106	45	94	106	106
67	102	107	32	107	151	31
48	74	113	58	94	58	58
84	84	79	141	141	79	172
131	157	108	108	179	151	88
179	74	74	74	63	63	63
158	178	178	114	178	114	114
55	91	116	30	14	172	156
148	37	74	135	148	84	168
31	58	58	83	58	83	83
170	133	170	18	18	170	143
11	11	53	11	33	53	56
170	170	157	115	115	157	69
187	80	107	74	46	80	180
129	104	70	36	48	104	98
79	59	79	115	59	77	59
157	124	143	143	62	90	136
64	150	16	115	23	67	111
157	137	105	179	118	118	56
38	163	129	52	38	129	52
112	51	145	134	130	18	112
190	37	190	82	37	37	190
170	58	58	125	25	24	142
172	71	17	86	134	179	172
60	159	119	115	115	119	115
95	45	45	95	66	12	95
45	45	43	43	97	43	72
113	13	157	74	44	152	13
58	112	112	23	58	160	23
152	100	105	74	99	155	147
172	172	54	172	26	58	37
62	179	38	147	179	179	170
69	170	170	143	69	170	69
176	133	108	160	29	101	103
189	65	100	73	114	37	104
69	16	114	114	177	70	29
21	133	21	186	55	130	99
122	12	155	171	171	53	14
102	169	133	38	133	133	102
108	141	84	141	48	141	31
24	163	122	155	155	155	155
24	58	60	197	24	24	54
16	176	65	112	112	176	16
164	158	132	72	72	72	82
18	152	161	18	152	18	136
176	44	177	27	10	67	126
172	39	155	170	37	99	155
88	86	88	45	86	88	86
79	99	181	61	99	139	121
15	128	11	162	128	15	15
128	128	92	128	92	92	42
64	102	111	170	64	111	64
58	69	88	88	19	58	88
99	67	143	86	143	135	143
163	163	163	176	12	174	38
75	114	75	17	143	31	71
96	159	97	55	99	150	175
107	107	92	92	92	107	123
117	189	153	171	117	83	58
76	133	182	182	154	182	184
138	161	153	39	100	31	174
54	74	73	73	85	85	74
40	40	17	40	17	128	17
110	184	176	27	37	98	169
125	177	49	49	49	177	177
122	104	46	46	122	122	46
174	37	58	162	55	55	55
142	75	142	142	20	142	20
86	34	128	86	34	78	78
178	178	142	34	133	25	78
158	18	18	158	28	158	168
168	97	7	155	97	155	155
89	89	117	102	89	102	102
18	117	122	117	85	103	136
114	196	139	114	165	114	64
87	123	56	160	160	86	160
110	25	63	25	63	147	147
177	153	56	162	173	153	67
74	85	58	96	96	54	47
34	125	86	31	125	187	53
145	109	109	109	145	145	60
180	112	126	112	135	126	135
108	61	42	40	185	121	90
42	74	23	97	23	188	92
33	59	48	23	48	88	113
102	27	124	60	65	38	124
26	26	57	60	185	103	33
145	76	145	170	145	103	92
19	40	19	141	58	187	95
61	88	61	61	160	42	167
69	112	112	70	56	69	69
37	73	37	38	37	180	114
164	121	16	121	151	121	16
168	74	84	57	92	38	168
63	179	95	95	60	179	60
105	12	138	133	46	190	57
47	47	97	22	22	22	47
110	50	110	110	24	50	50
13	111	176	71	47	47	120
15	165	135	15	54	64	63
168	126	61	24	29	128	23
149	129	84	112	59	158	118
129	95	21	21	90	32	151
93	70	19	156	70	149	166
137	124	61	122	49	53	53
68	93	108	98	42	25	10
183	45	66	112	53	85	77
184	17	152	184	184	46	90
118	112	112	74	112	118	118
168	55	102	43	180	55	148
139	43	169	56	56	56	110
92	35	35	14	35	166	26
167	134	172	18	79	180	79
64	29	29	112	112	29	112
24	65	112	122	93	159	112
103	109	44	44	153	103	109
73	13	82	103	118	13	13
56	47	47	56	47	103	56
197	40	40	45	181	40	137
19	11	110	110	19	110	134
68	116	44	44	141	116	68
92	110	168	141	80	60	101
110	120	69	161	31	69	129
43	153	62	62	169	43	157
54	38	95	139	49	112	54
53	107	107	53	53	107	80
59	22	103	57	167	20	17
102	116	102	84	102	116	116
138	138	41	138	41	138	41
43	65	146	43	177	113	39
80	80	39	17	39	39	80
139	121	30	96	30	119	30
134	99	23	55	99	55	23
61	132	179	179	179	102	177
194	87	194	131	194	182	15
50	70	33	74	56	12	188
133	36	56	170	125	146	144
109	11	11	54	109	11	109
167	51	116	51	51	167	167
165	131	165	129	129	136	136
32	32	177	65	32	65	65
88	32	142	128	128	88	88
17	119	17	73	73	17	73
36	97	119	36	97	97	36
158	158	130	39	130	130	66
150	151	200	180	114	151	151
76	187	187	129	71	187	33
60	122	89	89	122	89	122
170	31	170	79	79	79	6
74	129	160	84	141	84	122
44	167	44	107	167	44	167
113	190	10	50	16	68	67
105	142	16	146	169	126	46
100	100	148	151	100	145	27
108	44	92	108	151	108	145
160	173	37	169	77	37	37
154	41	141	154	151	41	151
103	152	15	118	104	168	30
84	95	47	83	95	95	90
44	44	47	172	27	46	70
20	57	20	74	74	20	74
88	88	146	164	125	164	146
90	90	132	90	125	101	63
102	134	127	103	127	169	104
125	78	105	125	125	105	105
25	76	142	108	106	171	22
181	34	34	34	172	181	181
30	47	92	164	92	65	19
21	153	49	21	79	21	120
53	91	189	91	189	189	91
97	80	178	178	97	178	97
119	121	82	156	145	93	166
160	165	73	123	73	73	160
189	75	37	75	189	189	75
81	144	109	81	162	81	100
120	108	67	108	67	67	108
138	60	51	113	167	110	178
150	112	187	89	78	20	112
133	20	178	20	133	92	92
27	104	104	104	22	117	175
110	110	11	13	110	13	157
115	45	45	25	25	25	45
76	141	36	141	76	128	36
90	90	17	83	120	17	120
26	113	96	72	113	96	72
129	190	108	153	43	130	129
179	140	179	140	140	140	179
21	106	21	106	39	106	38
40	40	130	20	40	115	96
175	66	175	175	109	66	66
133	135	44	44	60	135	133
80	80	130	45	35	130	56
37	139	172	54	16	153	126
55	55	181	32	24	52	178
23	18	162	34	167	173	162
150	38	38	116	116	116	38
31	154	154	31	31	154	125
153	156	181	52	153	56	106
154	156	32	195	154	154	108
42	25	163	25	87	42	163
133	150	30	155	127	150	15
131	131	130	86	131	130	27
36	22	22	36	22	73	36
160	73	10	10	10	144	160
7	120	145	104	104	145	145
31	149	23	149	100	23	31
87	25	92	47	31	47	171
14	164	119	113	113	178	11
92	102	131	131	11	110	102
107	67	67	107	147	67	107
88	164	164	120	88	93	93
36	140	138	135	15	138	82
156	17	163	186	186	148	33
48	82	48	82	82	13	48
61	61	155	155	176	61	155
69	136	69	39	136	136	69
95	174	111	107	173	150	186
139	9	144	144	144	9	147
77	137	137	146	111	137	169
62	67	67	62	67	28	62
71	19	123	123	19	19	123
148	135	135	148	135	148	41
23	159	142	22	155	94	150
15	177	177	177	177	177	177
125	118	125	118	127	118	125
31	99	72	90	126	158	15
176	92	60	36	38	26	124
135	143	133	143	197	143	125
142	72	135	79	27	135	105
148	131	64	18	73	73	119
174	75	129	173	11	106	110
29	98	46	85	121	139	29
152	134	28	43	134	28	134
117	128	117	69	128	69	69
136	62	168	132	132	143	22
165	105	105	105	12	12	12
159	15	167	84	71	75	15
107	117	54	117	37	186	106
190	150	186	173	186	168	39
57	57	49	35	35	57	35
182	70	186	131	115	20	131
168	51	106	69	110	69	69
35	74	74	152	154	186	74
106	11	57	13	96	66	107
136	68	149	136	152	152	136
143	78	139	78	78	78	78
147	80	116	80	158	80	76
61	121	79	157	85	170	162
105	62	62	62	105	105	87
51	133	51	48	133	27	133
161	185	161	20	115	169	61
82	58	58	167	167	58	167
72	18	141	48	97	131	114
143	141	171	188	171	94	116
164	164	153	23	23	94	153
187	41	187	187	41	65	41
71	138	138	138	89	165	10
150	178	178	150	178	150	30
40	171	171	159	93	144	74
175	175	147	110	175	110	110
154	75	91	111	31	52	52
127	127	131	131	127	15	131
18	72	18	72	37	72	18
105	133	84	106	190	175	97
86	140	63	16	70	86	59
63	17	84	63	94	105	94
71	54	135	54	54	169	143
38	84	138	149	164	96	149
69	63	144	115	150	110	151
112	22	64	188	39	18	64
145	85	22	65	122	141	107
9	150	79	150	11	150	9
189	189	10	189	10	10	49
28	70	28	186	115	120	62
32	134	51	51	113	30	14
89	134	38	29	34	34	43
84	89	180	180	132	84	132
23	23	83	127	127	23	127
118	52	16	188	74	52	32
173	173	45	101	127	173	128
129	73	73	119	129	169	119
73	148	73	171	73	44	74
21	66	132	150	21	32	98
145	152	179	152	145	152	145
151	24	151	73	77	152	117
93	93	62	93	62	35	62
152	29	29	29	165	10	50
100	45	70	153	31	81	100
106	20	158	135	135	121	135
47	47	83	184	184	38	60
35	154	154	154	179	179	179
38	39	97	38	97	38	97
150	127	150	109	127	127	150
172	127	127	172	160	172	127
174	102	98	139	152	185	152
114	84	70	159	190	114	115
149	79	44	132	35	79	151
51	75	35	157	100	119	135
159	98	98	159	109	98	159
13	136	61	108	108	31	117
55	26	85	57	85	74	22
166	83	35	35	88	88	88
145	145	83	162	84	124	67
18	17	49	18	95	18	55
73	65	43	73	43	73	105
41	69	128	121	64	164	59
172	140	81	172	20	87	158
86	161	103	86	86	161	161
14	137	14	14	190	98	200
32	170	32	32	170	170	31
147	151	141	18	180	71	50
129	129	24	24	103	129	24
69	71	69	71	87	69	71
60	60	178	19	60	122	135
110	142	142	195	106	142	182
11	164	31	75	53	147	75
189	88	88	46	17	151	88
72	183	47	105	20	110	183
139	104	104	153	163	139	104
37	126	120	37	126	37	146
52	67	142	52	142	152	67
136	92	96	60	185	24	116
95	133	82	56	82	133	56
137	107	146	137	137	60	127
138	75	41	91	92	41	52
118	27	118	118	96	96	96
146	94	94	146	146	94	37
66	66	120	66	132	120	120
130	61	58	112	61	130	112
13	139	38	131	38	187	181
63	124	63	28	68	124	63
44	88	88	78	73	78	44
161	38	152	182	47	140	31
174	97	174	40	40	174	40
11	77	11	77	41	11	149
151	93	44	151	151	93	93
108	51	101	108	108	51	51
15	24	184	127	73	187	101
16	56	56	16	118	16	56
127	155	15	101	105	83	127
183	114	183	196	112	13	183
181	67	124	70	141	29	124
18	186	186	122	105	82	186
42	48	84	149	42	84	84
42	71	42	128	71	71	57
64	86	165	64	153	93	59
113	113	85	179	179	179	113
159	159	95	95	95	108	159
9	142	31	9	89	9	142
34	46	46	34	34	85	46
89	142	142	112	141	66	84
72	137	72	38	91	126	112
83	128	108	165	128	182	90
52	22	153	148	24	178	83
45	87	45	45	123	123	123
125	144	125	82	82	82	8
121	141	172	153	10	50	140
30	30	55	29	71	30	71
29	195	29	178	112	103	29
80	145	55	172	101	87	136
85	164	39	145	85	85	101
124	141	139	124	124	23	98
32	64	137	32	104	64	104
129	118	113	113	129	106	106
168	175	168	155	17	17	175
25	169	98	18	156	134	98
190	52	109	145	38	38	71
56	36	56	36	158	36	56
10	10	10	141	84	84	84
179	101	101	190	101	14	69
83	83	83	13	32	76	194
121	200	11	121	135	121	114
92	87	92	87	87	22	92
47	48	48	42	48	195	141
55	54	54	147	54	147	147
164	133	57	185	128	55	157
157	157	32	39	32	144	157
77	68	185	166	63	172	63
66	66	117	117	133	66	117
86	150	74	101	110	86	189
53	32	32	53	149	32	53
147	71	147	194	80	147	195
67	68	174	80	124	67	188
17	76	120	76	76	120	120
118	100	45	118	45	100	108
142	91	139	124	142	142	175
186	164	164	38	120	35	154
15	101	66	48	88	88	88
23	151	155	151	170	123	181
12	68	12	26	73	26	12
58	110	99	94	81	169	58
140	110	127	142	142	110	140
96	149	87	88	51	51	51
164	164	21	100	164	21	100
101	125	32	125	58	182	13
61	136	151	56	48	48	168
29	29	38	133	104	104	38
34	87	134	68	146	44	187
57	40	40	40	135	57	57
152	101	30	68	152	107	24
70	65	21	21	70	65	102
160	27	59	26	136	27	27
115	115	73	115	11	76	26
45	36	36	24	45	57	45
147	83	147	151	144	130	40
16	148	16	16	149	149	149
169	120	160	109	93	109	109
135	85	116	135	85	85	135
89	182	89	182	74	89	182
154	154	143	154	111	111	111
69	48	137	54	50	190	104
33	33	188	188	188	33	115
146	40	37	177	37	37	59
189	189	70	189	70	70	94
78	83	53	87	152	130	47
155	18	94	18	94	94	18
39	10	51	78	43	161	119
25	26	26	165	177	44	113
80	24	24	165	165	128	165
32	13	140	46	165	10	39
16	65	155	65	103	178	45
168	126	66	66	66	107	190
38	134	134	78	100	134	78
157	45	44	45	157	157	45
109	32	42	182	25	117	182
32	107	139	139	139	107	107
169	30	130	26	169	169	161
125	125	181	125	178	178	178
111	16	111	69	147	78	71
174	185	163	105	163	183	173
72	12	119	46	135	42	169
40	36	16	36	36	16	16
95	75	156	95	156	75	119
121	50	43	121	121	43	43
138	128	81	138	73	117	29
55	65	55	65	55	65	146
22	21	21	24	154	191	21
40	40	124	45	116	124	124
73	50	47	48	74	105	47
153	108	87	90	142	71	108
146	169	16	55	166	55	33
189	168	162	162	189	189	162
57	86	118	56	57	118	118
76	45	84	76	76	114	45
150	161	117	150	133	139	168
55	55	34	10	146	128	132
104	104	30	104	44	29	94
57	176	39	57	155	97	179
14	93	153	146	119	153	164
12	25	25	112	12	12	25
133	38	135	60	135	87	135
187	61	42	29	160	140	29
170	23	178	55	149	169	88
141	141	134	141	134	134	134
32	14	56	110	58	184	75
80	80	119	127	88	162	80
111	43	158	158	34	62	147
163	163	76	76	32	76	163
92	62	87	62	92	62	92
50	155	50	50	21	155	155
119	170	185	48	170	121	10
176	30	20	16	46	95	171
108	108	190	18	108	18	18
55	55	113	110	111	111	113
55	55	55	108	105	17	105
120	13	120	15	13	13	15
126	118	118	118	118	113	118
128	128	43	144	144	128	144
82	100	100	27	54	199	100
54	101	54	54	101	95	101
74	150	123	123	166	124	123
92	92	6	6	6	35	149
47	152	28	152	96	152	114
55	80	167	145	56	105	104
121	38	38	49	49	38	49
76	179	51	173	152	18	179
183	122	183	161	87	90	97
40	13	40	13	13	40	98
179	72	83	71	71	83	179
105	31	87	186	178	178	178
163	97	51	51	101	107	63
157	167	19	19	167	146	146
10	136	171	38	78	101	56
71	90	71	90	71	99	90
42	68	54	75	146	79	104
137	59	109	15	43	55	15
107	155	107	155	186	107	155
125	21	55	137	137	94	171
26	26	106	26	174	153	38
168	19	61	102	114	102	102
163	183	167	72	72	41	174
141	186	76	165	22	118	168
6	77	59	59	139	77	59
64	83	162	54	116	135	190
17	114	183	104	104	147	137
132	20	155	61	157	108	171
112	112	112	20	20	20	113
151	151	156	156	25	16	16
131	131	131	68	99	103	103
137	172	137	150	189	46	131
153	127	24	24	62	24	139
92	145	154	92	145	145	92
109	109	103	83	103	136	109
59	131	59	131	59	131	61
63	49	11	92	94	170	63
57	111	111	128	128	111	39
170	91	63	147	147	147	91
120	34	177	34	69	73	34
166	88	61	67	88	181	88
81	81	128	81	65	45	142
74	54	41	41	41	179	88
172	97	103	97	97	103	103
200	149	70	200	167	182	200
186	88	49	101	99	99	99
86	12	40	21	163	128	36
44	82	46	78	82	82	63
147	152	39	98	21	152	152
187	90	187	145	145	187	145
93	127	163	93	183	104	57
161	161	24	151	151	151	161
41	99	90	179	129	34	90
20	112	50	20	112	50	112
77	77	77	47	47	47	134
111	145	111	166	111	168	145
48	173	89	91	36	34	48
146	43	148	43	91	146	91
178	54	23	177	67	104	36
114	46	120	5	120	114	120
104	71	127	110	104	104	36
112	71	84	102	170	132	104
171	38	182	134	134	104	134
20	136	172	82	165	86	114
25	108	131	25	108	131	70
112	115	112	76	98	76	115
173	180	180	61	128	180	84
64	84	84	64	100	170	100
171	144	163	188	171	92	143
136	101	92	164	101	110	173
173	81	16	138	82	173	173
170	70	117	170	14	114	170
153	120	92	16	153	35	153
47	47	95	163	155	47	155
138	86	86	86	138	120	138
125	175	61	56	91	61	182
107	107	49	52	107	52	52
67	67	117	91	118	67	67
21	21	142	142	21	118	142
94	94	41	78	151	94	41
16	99	92	67	51	51	51
34	46	107	132	169	46	56
95	16	47	171	101	112	77
66	66	66	163	163	155	163
65	127	73	91	65	127	65
182	138	98	169	14	114	182
107	125	40	99	71	106	80
66	66	96	96	31	93	31
47	148	140	49	155	82	126
147	195	97	147	147	81	38
128	128	119	135	149	76	128
30	45	30	45	30	45	75
23	23	76	76	37	147	115
39	114	105	116	39	116	114
136	179	94	86	187	98	86
44	44	40	31	40	37	40
35	35	35	57	90	57	57
110	141	143	141	141	75	42
54	152	21	21	146	152	54
151	180	195	97	195	195	48
27	91	62	115	91	177	56
143	72	143	72	143	72	157
81	132	49	123	88	62	88
45	114	45	114	45	75	114
187	118	187	161	156	44	186
51	108	93	72	140	36	157
129	10	34	83	18	97	81
140	140	87	140	152	134	158
70	38	38	58	171	168	17
189	39	176	141	141	142	95
136	136	148	52	49	141	161
50	118	158	102	23	14	102
133	71	71	133	84	133	161
29	131	38	165	165	77	165
85	145	145	125	36	74	175
173	141	147	153	58	162	53
172	123	51	51	28	153	51
83	27	151	27	143	27	175
58	64	64	178	185	10	13
66	85	29	75	98	44	44
90	183	183	116	154	183	179
176	18	83	83	136	141	148
52	20	69	158	92	158	103
142	63	142	142	129	129	129
139	139	139	197	57	18	178
25	53	132	26	114	162	97
118	118	179	107	179	179	118
153	106	31	185	162	157	60
23	114	23	114	15	23	114
101	109	109	101	109	72	101
101	161	161	65	122	106	130
58	180	14	14	92	46	153
111	19	111	19	148	19	111
24	24	24	102	35	60	165
68	68	68	197	40	162	179
150	132	65	150	111	111	132
74	92	34	167	34	34	163
106	106	106	170	121	43	153
175	85	175	85	175	174	85
64	169	179	108	45	101	108
178	32	161	190	161	161	70
152	152	64	152	64	171	64
52	70	197	52	44	81	52
143	126	19	92	172	138	73
135	26	60	129	174	136	70
33	33	11	166	33	82	70
18	46	18	159	47	159	46
25	93	25	165	19	88	121
157	73	55	133	152	40	138
29	95	177	126	28	126	126
122	120	10	85	18	56	89
113	113	35	145	145	113	145
67	89	74	107	107	107	14
141	146	174	188	173	43	43
105	97	144	100	129	20	48
93	40	93	140	12	49	93
69	49	40	142	163	153	174
74	29	92	112	74	124	15
107	101	178	178	101	107	133
12	12	189	12	189	127	189
60	139	135	126	139	139	126
140	148	120	71	58	158	30
20	104	20	67	67	169	169
56	22	56	153	56	199	52
152	54	83	191	152	152	188
19	56	41	56	157	56	198
119	142	119	79	119	74	79
133	143	48	48	143	48	143
34	183	79	14	181	14	49
42	129	93	129	129	93	117
164	57	7	164	7	158	7
158	44	44	44	135	158	158
40	34	102	102	102	74	176
167	42	141	167	141	141	167
115	112	112	92	124	33	90
188	22	188	154	61	21	43
56	175	56	74	95	95	175
92	92	92	104	102	104	86
120	45	5	5	120	97	120
147	147	158	158	170	158	147
176	112	80	178	17	112	17
165	67	11	90	113	69	119
11	51	24	116	199	199	199
47	37	71	37	165	37	50
83	22	22	110	22	83	83
88	77	11	46	66	153	80
145	135	82	136	45	136	136
13	83	80	158	126	13	13
95	62	95	118	118	95	118
85	91	87	37	14	95	103
118	108	123	151	139	70	123
148	34	36	148	110	40	23
57	35	99	48	57	113	57
95	48	141	144	21	50	50
157	148	92	65	92	30	70
150	57	38	182	182	182	176
82	154	164	55	135	161	97
142	38	142	116	28	28	38
169	188	111	34	94	94	24
182	101	121	101	101	121	121
155	154	86	166	108	80	166
121	70	121	138	121	121	155
65	142	142	170	101	129	142
172	171	171	107	184	50	171
155	155	86	79	79	155	79
102	24	67	139	139	127	67
145	30	109	190	118	155	118
29	156	97	189	97	83	97
41	41	21	41	11	11	29
16	32	55	32	16	32	16
91	106	71	51	166	183	183
58	63	114	71	153	71	139
130	46	141	97	67	164	67
150	84	150	150	17	17	17
158	158	22	40	40	158	40
42	101	131	42	77	26	42
52	41	92	175	101	50	110
138	176	138	104	51	139	117
44	44	136	96	129	101	139
177	122	188	177	122	177	122
63	176	176	176	106	63	63
185	116	168	176	24	125	125
81	81	146	146	34	81	146
43	132	43	30	198	198	198
131	131	59	85	90	178	43
63	92	54	30	152	63	63
28	184	109	184	28	184	28
37	178	60	123	10	10	186
98	169	163	112	55	27	183
127	127	139	184	184	127	184
63	136	165	76	63	59	62
29	177	70	27	177	61	177
18	143	18	21	143	143	18
118	23	91	190	190	29	19
72	116	103	72	67	116	103
86	38	38	86	86	109	38
83	43	43	144	144	144	43
176	160	188	49	127	176	80
63	63	63	160	160	160	97
84	84	146	41	84	146	146
154	19	114	89	19	19	164
179	187	139	171	168	17	72
26	35	22	12	84	78	84
108	26	22	123	42	112	134
142	103	154	123	103	170	103
155	139	155	53	139	155	139
177	72	89	106	153	106	169
168	48	48	48	149	168	168
112	142	142	118	93	93	112
141	22	47	129	114	154	147
29	77	77	29	77	29	92
152	30	30	30	112	29	29
56	136	24	49	126	183	36
194	85	116	110	72	72	72
30	136	134	24	136	90	94
74	74	160	185	74	176	102
136	34	161	90	35	75	113
115	115	31	115	31	31	129
75	34	143	38	190	59	190
47	181	153	37	47	159	47
150	158	37	183	183	183	122
64	17	64	25	192	73	64
68	190	188	190	61	190	160
96	114	87	125	38	84	125
169	136	169	140	169	140	140
27	102	177	18	102	168	93
167	15	99	167	99	99	167
140	81	14	14	14	196	60
22	122	22	122	22	121	160
75	164	43	21	26	173	43
105	64	169	147	136	107	65
32	76	172	98	76	165	59
44	44	44	95	95	95	117
40	77	40	77	40	137	77
85	115	115	28	28	28	122
9	162	162	106	162	106	103
41	107	98	98	29	176	156
26	33	185	189	14	100	85
18	142	18	150	18	138	56
62	62	48	111	41	102	162
118	85	114	114	85	85	114
81	134	134	81	74	134	81
159	115	166	34	166	34	166
79	80	168	176	60	37	129
60	116	88	42	116	88	88
120	120	160	160	160	120	56
115	115	87	36	103	36	103
190	190	174	70	174	190	174
25	171	116	36	187	80	63
140	126	126	97	97	126	97
61	127	169	127	79	169	79
90	72	53	55	80	168	164
31	81	169	123	135	123	63
36	13	82	180	36	55	11
98	19	98	119	119	98	119
169	93	125	155	169	108	169
133	133	22	54	54	54	133
141	48	162	193	42	141	141
72	93	93	61	61	61	93
98	162	138	127	160	59	109
150	68	68	40	66	93	153
19	185	40	120	120	46	120
55	34	152	70	70	152	70
68	23	113	151	31	170	120
49	143	143	11	35	143	108
70	178	12	12	12	182	103
44	79	44	141	44	144	141
140	122	119	195	119	119	19
6	144	130	72	144	130	130
96	131	32	67	67	67	67
52	196	92	52	52	94	130
126	176	126	100	176	176	126
69	69	124	69	124	28	69
92	92	166	31	134	55	118
35	36	192	104	73	104	104
135	133	113	12	117	11	133
128	128	15	97	97	128	97
155	127	127	155	43	43	179
155	155	186	167	154	28	155
69	197	176	69	129	97	69
26	26	162	18	55	30	177
87	104	104	87	66	74	66
160	119	40	42	160	42	40
10	63	150	180	51	20	130
172	31	133	31	31	18	174
126	125	174	186	29	179	14
36	24	111	99	17	173	24
177	142	142	177	177	120	142
16	58	175	153	58	31	177
178	109	79	90	69	135	76
165	112	67	161	154	91	123
83	60	179	183	187	40	162
140	110	185	29	102	172	77
169	169	105	61	61	40	169
67	114	67	167	172	151	156
31	14	31	138	133	46	103
80	87	80	87	80	87	88
55	94	55	94	55	87	94
143	143	128	59	128	128	128
135	162	182	135	135	182	182
25	140	39	11	115	170	25
183	181	152	183	152	78	135
160	23	46	46	46	23	23
174	124	46	40	190	174	124
104	131	131	50	133	110	133
32	55	55	164	164	164	55
60	183	183	133	111	60	48
151	182	179	103	29	154	88
88	29	69	61	69	69	29
36	36	30	30	60	60	115
106	25	24	103	31	31	31
170	140	167	170	40	170	115
128	69	128	42	42	38	38
83	55	141	160	136	44	44
174	11	84	36	46	130	11
13	105	105	105	129	129	129
106	142	48	136	189	144	144
72	72	64	160	64	160	116
99	106	127	127	15	99	165
136	123	51	136	148	51	123
115	15	115	15	115	15	76
19	46	19	177	19	99	19
17	72	91	72	113	113	17
148	131	187	111	160	111	22
131	131	88	131	24	24	80
124	58	168	70	179	179	173
169	26	143	92	62	139	65
33	22	33	60	185	61	24
112	17	24	26	157	92	111
29	185	112	185	159	109	139
26	174	59	35	143	139	103
135	84	23	106	132	183	129
177	75	177	174	163	96	115
180	180	173	148	11	48	74
123	134	39	104	134	39	104
35	44	26	44	44	35	35
155	155	31	64	155	191	130
36	74	67	170	67	36	74
115	141	77	115	77	115	77
181	165	180	166	99	99	134
65	152	152	32	177	142	151
50	50	50	25	101	101	101
128	128	57	128	106	161	47
68	103	165	144	148	153	180
34	157	76	194	44	44	44
63	117	99	117	99	79	125
15	90	135	59	154	154	117
65	50	178	23	74	146	65
31	96	44	44	96	34	44
150	67	119	142	54	90	142
67	14	154	138	185	74	14
20	68	20	20	84	68	68
69	69	88	86	88	88	69
117	139	139	74	44	43	146
179	160	179	49	75	25	98
111	53	53	108	54	54	108
187	187	156	187	32	120	100
143	27	156	156	156	27	27
95	67	73	73	67	73	95
115	115	115	68	42	42	42
27	106	118	118	27	118	135
130	132	82	82	132	132	82
123	40	90	86	123	123	200
155	137	159	22	139	108	82
47	83	47	47	83	10	83
128	97	128	128	109	20	88
151	164	178	82	38	186	154
173	173	159	24	24	55	55
87	151	55	151	83	55	87
58	48	42	48	185	31	106
156	70	156	98	119	91	156
179	99	50	33	33	119	36
91	91	105	147	167	179	154
37	59	179	37	35	108	125
103	94	70	150	17	145	159
103	81	169	24	24	103	24
111	155	14	78	40	111	138
92	48	149	48	131	31	167
168	54	106	138	168	152	66
82	15	15	82	39	15	82
154	168	131	168	32	180	144
180	79	101	101	48	180	79
46	185	122	79	33	152	179
43	19	43	129	12	77	52
137	139	15	15	139	170	137
186	93	61	93	61	61	93
18	46	131	142	46	142	46
37	77	50	181	50	111	160
164	41	93	94	164	164	17
126	130	103	103	175	125	186
29	29	135	135	135	29	35
81	19	99	19	19	160	74
189	189	124	124	124	189	127
13	13	13	40	9	79	9
180	42	178	68	180	180	89
52	52	63	110	51	52	179
95	95	95	93	111	93	93
150	167	115	97	143	97	65
94	94	60	78	78	65	94
89	148	24	129	129	107	129
68	156	68	38	38	68	38
79	75	12	95	103	129	79
23	37	37	37	23	23	77
24	115	61	115	115	74	20
143	76	58	149	143	111	98
175	20	175	175	20	137	20
42	148	148	42	42	95	148
55	55	185	134	38	173	12
44	64	102	102	102	104	64
136	13	136	13	130	136	13
75	44	42	16	157	16	29
80	109	80	80	115	80	20
129	125	129	129	129	129	129
162	162	97	162	100	138	39
39	42	109	39	120	18	81
181	62	68	68	172	99	68
66	66	42	42	42	66	185
81	97	81	81	38	38	38
158	112	112	158	109	178	109
125	38	149	177	154	114	114
11	31	11	11	10	36	198
124	82	57	119	124	57	119
44	101	161	101	43	101	55
16	192	86	173	16	16	83
101	101	154	175	130	176	58
50	142	61	26	50	142	50
189	15	189	189	15	15	158
85	176	101	176	95	131	176
105	177	105	187	105	187	187
127	45	25	78	45	127	45
93	59	114	93	114	114	93
90	174	123	174	123	90	123
171	171	177	171	124	124	124
106	49	42	177	177	48	42
153	153	153	54	54	13	54
22	31	127	31	22	31	22
178	108	108	148	191	73	108
113	171	31	87	45	171	171
159	165	128	159	159	128	128
92	138	97	92	100	15	92
101	36	144	11	23	116	36
178	143	84	143	118	118	178
104	159	141	124	123	35	35
62	142	142	75	142	95	192
173	104	141	26	104	162	149
177	87	175	152	124	57	50
27	160	27	184	184	184	27
113	179	79	185	154	152	101
130	31	24	130	130	24	137
12	58	145	152	114	146	56
61	101	43	43	55	101	61
39	30	72	83	80	126	152
84	84	13	13	84	103	13
169	122	122	86	169	15	86
87	128	196	73	128	128	42
158	162	19	136	136	19	162
161	22	116	97	187	172	31
115	124	84	115	156	123	165
142	132	141	82	109	152	152
122	122	184	184	184	22	122
106	23	106	23	115	106	23
43	181	73	27	27	130	111
164	76	126	185	17	122	122
155	63	182	63	182	63	182
128	78	24	39	148	128	32
108	35	119	136	65	74	25
12	65	12	12	48	48	48
29	38	29	45	116	29	153
101	119	119	119	101	101	85
77	58	154	46	74	15	36
153	54	126	19	80	153	74
133	146	53	53	109	146	133
111	25	48	135	48	172	147
176	125	129	93	64	30	30
34	120	34	108	120	120	34
72	124	98	158	13	98	138
181	14	61	181	107	89	181
142	64	141	132	86	138	134
133	31	145	93	181	31	31
23	71	23	151	79	151	71
154	70	121	86	69	50	69
77	103	11	36	62	77	169
132	184	179	181	119	181	38
150	139	54	139	150	139	150
88	126	88	93	126	126	88
148	15	129	137	183	142	122
43	131	166	18	80	68	171
66	177	177	66	66	167	177
113	41	128	11	43	113	113
184	182	184	156	79	184	133
180	180	49	180	23	65	195
46	129	146	46	146	146	46
45	169	58	169	45	45	169
106	106	136	106	109	137	38
115	115	37	37	37	115	16
86	86	90	51	86	90	90
48	105	48	70	140	187	138
96	57	55	10	57	96	96
153	173	77	12	12	12	194
194	179	179	84	121	136	179
106	92	35	61	88	88	181
145	35	64	64	145	145	64
82	80	163	31	163	29	86
133	186	177	37	100	160	17
42	178	54	178	119	36	54
24	24	24	112	29	29	29
107	95	107	107	114	95	95
163	163	158	50	50	163	50
23	168	43	69	69	75	159
150	31	150	150	28	31	31
12	72	147	138	138	17	16
170	97	113	44	44	93	44
33	42	138	143	150	97	143
72	120	72	118	118	72	118
150	20	20	150	150	20	19
101	77	162	101	161	101	113
29	13	163	129	29	129	143
43	43	22	43	22	125	22
131	41	148	131	25	161	180
156	112	78	156	170	112	170
13	13	80	152	80	33	80
161	45	24	152	161	152	45
160	129	129	113	160	160	129
108	108	65	78	178	65	78
11	139	104	139	11	139	11
62	183	15	64	62	144	65
136	143	16	16	136	16	136
69	85	159	28	28	28	36
52	52	88	100	133	52	88
66	66	125	125	31	125	66
43	101	115	43	101	101	43
128	179	155	139	179	73	47
75	148	116	39	75	39	75
96	59	154	54	173	161	154
123	12	93	75	76	75	42
99	180	51	102	66	121	173
131	166	131	166	117	163	166
154	154	154	136	142	136	142
186	33	136	147	163	136	161
185	86	167	74	22	185	127
69	138	114	164	164	164	69
75	28	141	75	141	75	141
148	58	164	148	108	148	181
28	153	153	68	153	68	68
168	152	170	13	150	168	168
17	40	27	107	26	190	43
40	18	130	55	130	149	130
82	112	84	84	173	117	108
74	174	159	95	54	177	73
131	26	173	147	26	131	173
109	89	109	109	131	191	125
161	168	147	16	147	168	16
137	140	137	140	140	137	47
156	61	49	71	71	156	71
92	118	156	92	118	92	118
83	62	83	62	181	83	62
105	38	19	19	63	19	156
61	128	128	128	93	93	93
96	120	99	120	99	139	96
123	39	179	47	67	171	98
28	88	66	28	51	28	66
68	67	68	68	67	72	67
82	76	10	37	11	10	10
138	131	131	87	131	163	66
33	92	92	166	59	114	92
19	139	139	136	96	19	19
54	182	26	79	43	47	65
142	32	53	72	16	137	72
148	80	140	27	80	27	140
131	32	170	136	136	14	136
130	12	37	124	17	105	24
164	124	163	124	86	183	124
103	38	103	103	38	185	38
191	151	60	139	151	151	158
106	165	106	76	106	126	76
22	22	58	97	58	22	58
176	91	95	95	184	111	174
126	65	49	65	126	65	126
120	147	114	147	147	114	114
63	140	124	140	63	140	63
107	139	117	83	61	52	156
68	106	106	180	92	109	71
124	46	28	46	155	46	28
114	114	145	135	145	114	145
35	35	66	35	52	93	56
125	29	125	29	29	125	20
83	75	90	90	8	75	90
179	42	23	93	23	63	42
90	85	90	51	85	90	85
51	118	51	111	111	111	51
122	61	187	122	122	61	61
53	53	38	53	38	98	38
155	40	35	111	168	168	169
65	128	128	65	54	65	128
156	70	104	100	142	174	151
66	167	16	146	146	79	84
138	18	71	171	104	138	50
61	179	35	61	126	152	107
73	27	27	27	109	109	109
173	170	173	170	170	50	173
80	80	179	188	179	179	80
98	98	96	96	68	98	96
10	10	64	10	64	107	64
11	133	80	80	11	11	80
73	30	164	30	155	164	155
158	68	166	33	72	10	93
22	146	97	110	110	90	127
147	24	110	73	113	73	73
115	124	151	48	124	78	29
31	37	37	141	141	31	63
22	30	168	16	57	168	184
104	74	74	90	74	90	90
83	116	91	91	116	161	161
90	138	72	90	122	72	122
120	82	118	146	118	176	127
71	133	142	43	164	142	127
157	166	10	27	52	66	132
117	140	174	174	143	42	128
129	98	98	134	54	98	70
32	129	23	58	23	114	154
116	120	126	48	76	178	124
50	165	165	50	50	25	151
105	134	134	105	105	18	134
90	90	135	52	62	112	90
141	66	107	50	154	18	105
132	132	36	132	70	36	36
81	115	101	81	56	127	81
76	18	76	138	138	76	138
42	42	170	111	166	166	42
162	162	125	10	18	21	119
88	133	88	88	57	53	167
102	134	82	97	165	86	60
69	123	129	123	120	123	71
13	184	41	58	38	144	144
130	51	130	130	176	155	109
79	48	110	48	79	48	79
44	70	44	44	89	199	82
181	82	82	181	82	181	64
66	66	190	23	154	20	66
44	12	16	181	16	61	55
28	13	13	69	126	161	61
83	99	83	58	169	169	58
23	95	95	95	87	87	87
168	94	83	94	83	94	83
100	100	150	100	150	190	150
41	41	54	54	30	30	88
106	75	183	75	150	160	181
69	189	189	155	44	189	92
14	56	21	21	79	90	21
61	146	27	95	61	161	30
12	52	72	161	13	182	13
87	35	87	35	35	87	11
87	138	58	34	142	40	23
126	35	126	24	43	24	43
24	78	78	81	78	81	81
170	170	165	165	165	170	124
15	119	96	41	41	70	167
22	53	53	63	22	53	22
180	129	28	25	167	127	167
29	183	96	98	140	74	56
94	26	136	94	136	94	136
119	48	104	119	76	188	189
154	100	154	16	18	182	36
152	85	75	14	33	75	75
67	188	110	67	110	67	110
59	171	59	171	74	59	171
38	71	107	188	56	29	144
120	139	183	86	146	45	120
131	131	131	32	104	32	32
46	91	49	72	107	150	118
49	124	49	49	93	93	93
110	66	66	162	162	162	66
22	191	191	191	136	44	71
102	78	99	60	59	60	83
184	96	120	146	20	55	183
134	134	186	18	200	134	96
74	18	47	74	140	119	34
71	40	29	37	41	19	37
96	102	147	69	36	46	96
103	10	70	39	119	162	70
59	147	34	77	141	96	100
7	7	79	79	79	129	87
125	184	111	111	111	125	125
160	118	18	104	94	44	118
55	128	100	128	55	128	55
129	36	95	100	74	155	95
197	197	160	196	125	197	67
130	98	132	98	79	76	118
89	102	101	101	101	89	85
131	33	121	121	131	131	121
173	53	99	113	10	65	179
30	183	90	123	22	114	166
100	164	107	66	166	43	179
28	80	80	28	80	24	28
127	63	127	63	127	186	63
81	96	121	156	81	117	81
115	163	185	24	153	96	178
54	176	54	141	141	136	176
132	132	127	163	145	132	196
117	117	84	84	87	117	84
75	141	161	75	74	75	24
133	123	146	43	112	146	97
55	116	195	12	116	116	157
67	116	67	115	146	23	67
70	168	99	11	176	121	84
31	140	72	140	72	140	72
46	30	168	192	199	46	46
63	63	169	176	176	176	143
50	79	42	42	79	42	141
149	149	154	154	118	154	149
90	53	136	90	53	90	136
71	184	54	38	81	54	28
123	171	197	34	171	171	176
144	128	33	144	177	128	33
14	134	95	15	15	134	15
42	117	117	169	154	20	155
58	118	148	166	93	164	146
17	17	131	183	25	189	17
132	147	132	161	63	53	84
27	16	27	16	16	27	111
100	61	100	181	100	75	139
78	53	41	78	41	41	78
168	144	112	16	164	41	33
18	192	176	176	176	106	44
20	17	135	20	148	71	90
107	98	176	135	162	119	188
105	105	148	148	148	134	105
193	193	10	193	140	71	32
113	43	113	113	43	43	65
62	173	135	62	62	173	173
50	38	38	95	188	92	173
114	62	62	114	106	114	62
76	126	30	118	34	36	83
112	112	84	112	84	84	98
41	32	129	95	31	32	151
94	29	94	29	25	29	94
159	121	159	100	177	100	121
70	21	143	113	70	70	21
38	35	125	35	125	125	116
47	91	194	47	106	47	56
122	140	41	41	140	41	140
34	69	34	97	34	30	29
136	123	145	73	44	114	154
23	184	26	26	53	26	98
49	185	57	49	43	49	190
151	151	45	87	112	151	59
127	105	111	89	125	94	89
124	160	90	127	97	160	160
198	59	195	97	97	191	97
128	118	115	115	118	115	118
84	168	79	84	171	146	84
50	189	72	72	130	72	76
118	57	168	46	46	37	42
39	181	181	26	181	26	26
118	127	148	118	84	88	32
65	36	24	24	168	65	163
92	115	115	115	42	99	64
164	83	96	80	83	164	80
176	113	45	152	107	10	123
35	35	35	83	44	44	44
132	115	115	132	25	132	115
93	66	66	64	66	103	190
42	25	128	128	42	42	42
131	143	143	133	133	143	133
130	184	153	170	66	23	129
18	62	183	183	169	150	183
131	144	26	26	144	26	144
156	153	48	48	48	54	156
35	80	72	72	80	80	72
30	134	120	127	178	132	126
152	151	98	92	81	12	87
156	134	149	122	129	98	130
40	76	173	173	100	100	40
27	150	137	137	27	27	137
84	172	84	172	84	118	172
14	35	14	14	27	35	35
18	18	123	18	136	123	37
174	13	174	36	174	13	13
88	22	108	186	22	133	84
88	39	72	39	88	72	20
92	136	121	89	90	43	78
65	82	80	30	30	30	77
73	61	121	150	183	73	73
135	73	146	182	98	79	60
127	16	127	16	127	73	16
101	101	101	81	81	81	71
139	141	77	139	77	88	141
187	66	136	162	65	62	49
144	100	152	144	144	100	100
14	28	146	137	136	79	46
49	186	38	140	102	186	186
77	111	133	111	111	133	133
149	22	22	22	149	101	142
128	55	128	64	113	113	55
53	129	129	126	99	14	185
163	23	115	190	163	77	100
15	58	35	35	15	35	15
55	91	154	121	91	110	91
167	17	171	17	106	68	131
116	116	138	138	142	142	145
62	67	62	62	67	177	67
56	149	149	56	56	149	67
90	135	135	135	77	90	90
152	152	134	143	132	152	132
28	117	178	63	60	184	139
36	88	174	96	96	88	88
180	134	179	52	179	92	94
83	83	160	176	169	105	49
170	134	170	110	174	110	174
48	61	61	61	142	48	48
160	160	160	106	168	43	168
58	184	189	58	58	189	189
50	182	173	140	186	104	100
159	112	138	138	112	159	101
95	101	71	95	185	18	61
157	90	88	140	140	140	90
102	153	153	166	112	177	153
90	66	173	59	62	140	99
27	93	93	93	27	27	27
54	57	161	104	54	91	116
45	147	45	45	147	39	147
106	34	177	32	183	31	34
52	43	52	76	43	38	38
120	14	120	31	14	14	33
160	100	85	100	85	138	100
13	18	31	22	18	18	31
179	163	163	11	86	40	114
118	186	22	151	31	91	178
79	79	197	191	73	79	178
142	100	102	142	102	102	142
97	25	106	97	97	135	25
137	91	115	115	91	91	115
54	164	75	149	134	98	75
152	140	43	71	61	152	43
114	112	79	114	79	79	114
141	40	141	98	98	98	141
93	109	129	109	109	93	93
55	61	65	90	50	129	71
126	112	142	140	140	152	169
66	161	133	117	112	103	117
86	126	128	135	178	86	15
111	111	34	34	34	111	120
192	192	192	62	119	101	103
23	147	110	23	110	110	23
79	138	57	24	138	96	83
101	189	150	144	189	168	187
154	171	87	186	15	87	87
62	28	138	74	138	20	54
14	177	177	177	132	14	14
94	149	149	97	176	149	115
33	185	132	78	117	65	168
44	189	54	114	114	124	167
78	11	78	11	11	78	81
37	47	37	122	7	37	47
90	86	11	90	90	147	19
52	52	109	128	128	122	52
60	80	167	165	102	69	164
114	94	94	51	114	126	10
93	93	18	93	18	18	114
76	61	107	139	139	91	83
71	164	19	60	60	164	19
40	40	141	141	141	160	40
10	98	40	10	98	62	136
73	73	73	42	42	98	42
170	170	17	170	190	44	29
85	85	85	91	23	23	23
158	80	149	33	168	58	123
99	25	132	25	125	99	125
75	75	91	75	70	152	121
165	80	200	126	126	103	126
143	78	74	19	10	78	78
20	65	65	148	113	65	148
152	115	108	83	77	83	168
162	183	11	146	31	33	108
141	93	121	93	140	93	86
127	125	96	96	66	161	96
63	48	48	178	113	117	48
46	53	122	159	46	116	46
24	24	162	162	157	24	162
113	148	113	11	11	11	20
18	190	18	117	18	138	195
108	108	118	108	17	108	56
161	161	161	70	69	63	27
150	99	119	148	175	134	172
164	164	62	174	182	145	161
73	12	46	39	176	68	42
64	167	183	47	28	47	47
34	162	10	160	22	21	112
92	12	12	92	92	154	40
76	13	13	13	76	76	138
71	110	148	57	68	118	118
61	176	146	176	61	176	61
51	101	51	51	101	29	101
34	123	92	92	121	82	186
110	100	26	110	26	97	97
48	181	34	48	147	43	48
34	117	54	117	142	54	142
167	165	165	142	142	95	165
88	71	177	71	177	164	164
35	111	153	111	169	153	111
72	12	65	46	12	74	11
19	18	19	18	19	18	67
39	190	118	39	39	190	190
73	16	134	164	164	65	169
10	73	74	73	98	93	73
18	180	128	18	46	18	171
50	159	137	137	170	159	50
72	94	85	60	80	165	165
147	58	47	58	191	23	58
28	121	15	28	28	168	107
34	55	123	106	34	34	16
28	168	28	179	28	156	164
32	176	176	92	92	32	32
105	105	105	96	150	20	168
138	40	123	137	40	40	122
42	117	42	117	42	31	117
192	27	104	93	93	93	152
175	146	146	95	84	69	102
172	41	172	172	37	186	50
108	174	114	114	61	61	174
105	105	51	120	105	120	120
85	185	183	27	60	60	130
126	106	144	158	106	126	158
35	35	30	145	145	58	35
16	29	92	69	75	124	128
101	86	101	86	158	114	158
123	176	136	90	157	49	49
47	188	103	132	144	106	35
69	148	56	113	32	128	128
140	157	27	140	140	27	27
28	121	44	44	117	180	82
84	84	12	12	25	12	84
116	155	154	155	187	47	155
176	129	80	40	176	179	184
170	147	27	75	35	11	24
35	150	67	67	32	32	150
42	131	42	131	175	175	126
45	111	157	136	29	45	112
55	174	55	27	20	148	55
169	52	52	98	169	169	52
190	47	100	173	34	190	190
25	53	87	171	26	31	85
98	50	50	76	98	98	50
138	105	138	105	138	122	23
104	104	56	83	56	93	93
17	185	167	17	17	168	169
49	45	48	86	81	81	115
139	106	160	187	106	167	18
117	52	52	10	117	117	52
88	20	20	39	39	39	20
31	187	103	57	133	10	141
55	146	190	55	193	111	55
139	166	15	133	156	67	164
27	122	27	102	102	102	27
130	130	165	26	126	151	144
43	45	43	155	43	155	155
19	167	61	19	19	137	43
14	33	124	121	172	33	33
97	49	153	15	179	11	151
110	187	93	14	93	63	93
172	185	185	35	172	185	172
30	188	146	124	87	139	183
158	133	31	134	74	132	74
49	23	61	61	19	61	49
19	19	96	96	182	19	96
175	175	175	31	147	31	31
120	32	121	82	32	82	121
70	63	70	63	63	166	23
54	160	33	172	146	67	33
79	79	104	41	104	86	79
57	172	20	93	183	20	17
166	12	65	23	146	178	30
122	162	79	162	96	56	22
187	79	182	125	125	170	125
125	166	166	86	166	125	125
127	127	35	119	107	35	107
162	76	76	137	76	137	137
52	143	55	158	162	84	84
85	140	122	126	60	92	190
154	158	115	154	115	156	156
127	14	81	127	81	81	127
29	161	161	133	133	133	161
22	22	146	153	146	22	146
183	64	183	183	64	64	46
145	50	47	50	47	50	47
40	111	40	104	42	174	40
86	10	10	86	10	10	86
47	47	170	138	47	138	138
154	93	103	93	154	31	154
107	163	163	17	23	172	163
111	16	114	181	45	27	167
127	26	95	13	127	103	32
67	79	174	33	81	89	81
108	118	21	21	118	118	21
148	148	97	148	144	144	144
148	55	148	33	33	148	33
124	124	127	127	104	124	127
50	11	50	50	160	160	160
184	184	193	56	184	105	190
127	131	115	38	134	71	134
58	31	70	119	187	70	70
86	63	179	121	99	85	128
38	119	168	119	38	119	41
45	39	15	15	83	15	83
64	145	145	113	24	24	24
113	142	75	122	52	164	33
30	184	184	30	30	184	78
136	132	85	60	136	85	85
111	33	17	150	88	30	149
63	198	106	106	133	186	106
130	114	130	67	130	67	67
94	151	151	94	123	94	151
59	55	43	55	55	43	43
47	186	102	22	97	186	186
70	70	46	164	164	57	164
53	10	19	27	19	27	27
122	34	49	100	179	26	28
109	90	149	82	149	99	149
63	200	113	88	18	113	113
133	127	129	127	180	127	107
108	145	108	108	14	145	145
126	77	110	103	90	77	47
187	187	128	187	16	128	128
170	65	170	88	65	170	65
33	33	33	46	46	46	20
31	127	173	106	52	52	52
79	79	12	180	186	138	100
98	126	85	20	32	151	151
78	78	7	67	64	64	78
69	28	152	98	106	178	37
25	115	137	137	13	84	97
184	181	184	184	174	177	140
147	71	71	17	147	147	35
48	12	132	132	132	12	169
98	140	24	155	140	140	99
179	33	112	42	118	112	171
127	141	94	32	127	32	32
104	175	191	191	182	191	156
69	84	144	144	69	144	69
47	168	191	81	94	191	191
23	18	133	188	24	133	133
24	24	179	57	143	24	171
84	140	113	134	141	74	50
126	53	101	17	94	119	126
159	141	141	141	17	109	128
72	40	166	129	48	135	135
170	62	84	13	90	71	68
125	115	177	96	175	136	118
144	120	72	116	115	102	120
106	76	154	37	28	25	133
10	180	80	180	191	184	180
59	124	59	130	124	124	59
26	129	129	81	81	26	92
31	43	43	43	124	124	124
46	176	147	24	46	46	37
82	99	131	69	48	187	131
162	162	162	149	154	154	154
69	69	92	69	140	92	92
95	32	82	82	142	142	32
105	143	118	19	111	145	171
160	99	159	141	200	200	200
174	174	44	67	44	167	167
86	86	62	127	62	86	127
40	139	95	177	101	95	95
54	86	94	31	156	86	114
200	76	36	39	39	39	181
183	183	41	41	183	41	67
167	146	148	153	146	20	108
132	88	13	18	165	132	52
18	13	129	18	13	13	18
160	131	72	72	167	131	72
187	54	187	174	187	138	170
59	98	88	37	69	184	88
11	166	11	166	137	11	166
13	29	96	96	13	13	45
170	33	33	73	13	45	77
166	172	16	174	80	29	77
144	60	70	60	31	70	144
92	43	165	151	151	165	43
133	184	102	62	128	184	184
32	129	129	144	34	79	129
48	48	58	167	61	48	180
198	181	29	181	15	181	41
125	143	143	63	29	40	157
147	153	153	147	99	100	100
69	149	12	163	163	163	178
112	32	35	167	32	35	167
100	138	83	138	161	23	75
174	136	174	104	174	136	136
181	192	192	77	192	102	112
50	60	54	18	50	154	155
90	35	20	35	20	166	166
89	89	92	157	157	89	157
114	170	170	144	86	144	144
165	35	165	82	82	19	19
80	80	44	69	44	80	143
150	136	151	93	62	126	93
150	69	131	131	66	85	131
37	80	80	53	199	80	107
63	63	160	84	160	136	84
122	160	123	160	12	83	120
37	158	91	37	91	37	91
143	123	123	123	143	106	143
48	122	122	122	50	88	101
187	102	157	61	89	25	81
178	178	62	38	38	38	178
35	137	117	32	116	60	60
134	116	164	116	121	48	82
69	129	24	129	145	24	69
13	97	71	172	59	178	165
35	80	113	113	113	130	188
101	134	185	145	163	145	76
70	178	13	59	55	129	59
26	163	178	148	35	67	26
184	147	173	99	68	149	157
163	59	59	59	163	163	24
157	156	173	45	39	52	165
37	180	59	59	59	37	37
185	185	166	122	130	108	185
27	72	72	72	131	118	183
126	112	65	162	40	162	162
159	40	42	42	142	42	68
160	13	75	157	111	75	122
148	72	102	148	88	86	44
60	173	60	149	149	149	60
161	83	83	161	161	54	83
39	117	117	39	171	136	171
48	145	86	73	73	21	109
54	54	53	48	127	127	54
74	111	74	185	74	153	43
26	26	98	153	153	81	98
63	37	101	70	180	63	143
179	141	49	179	96	49	141
138	141	138	60	176	41	185
14	31	29	87	84	29	92
65	85	161	38	65	178	65
42	85	85	86	42	42	33
47	109	47	62	109	172	62
13	104	158	132	121	132	132
77	77	187	77	187	40	187
61	173	147	164	110	137	164
136	102	21	136	21	136	21
130	99	102	99	31	31	102
130	42	18	130	53	18	53
74	100	51	51	51	100	100
85	85	43	43	85	43	94
71	46	46	71	130	46	71
103	63	48	123	94	98	119
121	117	172	130	148	108	108
139	112	112	152	27	32	130
72	188	22	99	60	138	169
84	16	16	74	125	179	16
165	32	113	40	43	32	17
126	126	129	112	112	112	31
90	92	79	90	90	92	92
166	76	179	166	166	179	179
163	126	163	163	163	81	81
64	65	191	135	151	151	151
170	158	158	160	109	170	170
61	60	60	61	61	54	60
43	183	43	80	109	82	59
117	45	76	123	56	102	73
139	22	22	22	139	100	139
70	170	107	170	12	107	170
18	37	70	37	63	189	51
180	180	180	158	174	28	140
78	78	87	87	78	87	92
118	135	118	111	135	129	129
200	141	162	189	200	54	200
145	185	35	102	72	145	139
130	107	136	107	107	136	136
165	70	188	70	40	190	42
180	200	59	124	102	200	200
113	63	45	66	75	175	45
74	193	44	37	74	142	74
119	111	94	81	177	81	63
43	44	24	159	13	19	44
170	170	16	170	180	117	51
138	115	24	144	89	144	144
94	99	50	87	94	14	74
117	63	86	120	31	158	169
163	104	185	93	53	53	14
180	65	63	14	42	42	26
110	159	110	159	151	159	110
151	105	151	153	153	105	139
135	135	109	73	90	90	73
58	58	139	141	139	58	139
170	170	196	170	117	52	154
167	103	180	127	180	180	67
38	147	175	38	175	175	38
33	90	128	33	89	139	132
64	64	64	167	10	27	10
185	83	185	160	190	28	122
116	116	153	116	135	38	186
124	65	26	43	43	119	43
62	62	37	62	37	37	13
18	57	182	18	18	55	92
66	199	35	66	40	113	66
134	134	124	154	134	154	154
109	176	176	186	109	109	176
83	152	46	15	152	15	83
79	123	123	115	79	79	123
167	46	106	167	46	167	46
82	97	154	93	48	100	43
14	182	71	94	94	51	94
119	112	34	13	30	99	30
26	162	78	168	14	168	34
58	58	48	58	112	48	48
63	51	84	51	51	84	43
81	32	97	97	32	182	100
85	85	31	31	31	122	85
102	102	58	58	102	30	58
19	103	36	19	36	45	103
137	145	124	157	111	145	78
65	65	65	145	158	162	167
27	53	169	27	17	36	179
70	45	120	70	45	120	172
153	159	69	16	47	159	69
89	119	119	172	89	89	119
47	67	88	67	88	90	47
48	69	69	115	18	97	69
35	147	156	147	156	60	60
32	62	75	173	62	62	129
127	119	112	127	119	119	127
188	151	64	180	144	35	144
28	123	28	146	146	146	28
162	168	163	119	149	98	32
106	86	98	161	46	148	98
36	170	170	68	170	36	36
38	38	160	83	89	38	83
100	100	123	100	102	102	102
134	134	73	92	118	78	162
162	82	37	158	20	20	19
152	128	152	72	73	152	16
21	98	21	33	68	33	21
172	94	94	94	58	172	172
66	58	38	45	11	66	66
130	57	28	34	130	130	142
56	56	90	127	56	128	127
70	81	105	105	44	147	137
179	111	169	118	73	45	30
115	64	95	95	115	82	82
84	143	84	123	143	143	58
10	29	171	100	163	144	17
150	63	63	150	61	63	150
16	16	53	118	159	176	105
68	163	109	109	103	103	163
110	130	126	93	44	140	140
118	37	162	118	162	118	162
113	29	22	24	29	105	29
18	115	18	119	18	119	119
190	16	128	19	16	160	62
145	100	130	145	130	130	145
144	111	97	78	67	12	67
28	28	18	28	175	199	38
150	190	132	134	97	128	107
175	112	166	175	106	106	166
42	178	33	130	33	185	173
94	94	44	92	177	146	94
45	159	28	28	134	76	28
73	158	11	17	114	18	67
93	68	68	167	164	164	164
149	149	149	99	99	99	91
170	35	170	88	100	35	88
177	36	177	35	177	132	168
51	125	145	22	22	22	50
68	40	40	112	58	68	58
177	182	156	145	19	189	77
40	170	125	125	12	115	125
164	112	112	164	28	83	112
131	132	50	50	190	90	50
165	80	165	80	82	80	165
160	143	127	71	141	89	143
121	19	107	43	121	53	121
186	50	161	50	133	79	68
68	166	34	166	85	166	108
76	9	53	139	53	139	139
156	156	111	172	139	27	122
111	64	46	99	25	29	46
135	170	170	170	44	57	44
160	160	160	65	18	167	157
154	171	167	72	159	74	107
152	153	82	44	86	131	86
57	114	143	137	144	80	143
175	194	194	123	194	193	64
32	135	26	184	92	111	107
124	126	180	148	143	126	117
189	164	189	189	183	183	183
151	11	131	157	14	162	150
134	134	71	134	71	71	151
148	158	148	148	158	131	62
138	162	185	124	93	93	93
143	27	59	143	27	143	27
37	53	127	92	190	123	53
84	118	160	124	84	84	118
13	179	137	13	89	95	158
98	47	47	47	98	47	98
132	19	190	24	186	190	190
167	167	74	155	167	155	155
140	129	88	173	116	173	119
100	153	84	96	111	110	96
168	168	146	167	39	93	142
52	120	52	120	139	120	52
145	63	24	145	92	145	63
116	133	12	116	116	12	12
161	49	118	49	82	14	59
167	107	167	27	177	62	90
62	62	119	92	26	62	69
46	113	46	113	46	86	113
64	185	125	112	57	140	26
94	196	162	70	94	129	94
28	139	28	181	139	139	28
162	179	162	179	162	108	179
148	74	73	127	73	73	127
181	139	92	112	117	163	117
155	181	190	149	100	190	190
132	104	29	190	169	10	104
79	25	186	12	16	19	29
111	92	92	111	87	111	92
18	18	57	18	57	57	177
162	118	169	180	49	75	117
154	42	158	154	154	158	158
74	45	97	74	97	74	97
34	105	34	132	105	105	19
84	126	72	149	126	188	126
137	181	137	179	129	34	137
75	75	75	116	50	50	50
39	21	21	145	145	21	145
150	70	60	141	117	67	90
121	155	70	70	155	92	121
25	63	159	30	25	183	163
67	153	86	131	145	30	42
99	42	42	40	42	40	40
145	144	145	145	51	144	144
172	124	23	93	153	133	152
173	12	173	179	12	12	173
115	79	115	142	79	14	115
17	40	164	17	164	40	50
118	50	68	50	50	46	174
100	33	46	45	46	45	33
17	178	17	178	178	99	17
75	122	75	103	103	103	75
165	165	122	122	122	110	165
118	118	118	50	166	80	81
24	90	80	54	27	30	39
86	125	67	125	67	125	67
185	137	15	77	158	30	75
110	110	133	110	99	133	133
20	71	89	171	89	50	102
199	133	133	45	133	189	167
146	86	86	146	146	141	86
17	11	171	17	171	17	171
81	90	66	167	66	66	81
46	46	35	46	54	54	54
105	101	55	155	105	22	157
11	11	109	187	109	11	109
159	107	159	188	107	107	159
182	182	92	136	136	136	182
158	98	32	98	113	32	113
12	23	20	20	20	28	23
189	57	172	189	189	81	100
170	147	177	177	177	142	133
139	172	63	86	53	42	84
48	37	141	37	141	141	37
145	19	147	117	145	183	168
114	164	36	176	112	28	28
96	35	96	35	35	119	96
181	181	137	181	137	161	137
127	178	127	127	54	112	192
124	9	45	45	9	45	146
91	104	91	105	80	80	104
84	54	17	84	66	149	115
135	57	135	87	135	57	57
84	132	155	135	135	155	84
62	108	83	83	108	142	108
145	145	103	103	110	145	103
61	119	98	119	98	119	98
154	65	44	78	108	69	158
173	63	72	72	63	173	34
140	75	74	74	19	140	12
71	138	138	138	103	183	138
186	37	186	152	186	152	152
136	23	119	136	136	33	105
20	85	187	20	114	166	20
163	10	162	173	118	65	65
78	103	93	139	71	139	113
28	197	88	88	189	28	88
106	106	111	66	117	106	117
115	196	11	11	191	11	40
23	41	10	25	23	23	67
73	131	101	31	21	131	131
101	50	159	131	134	159	159
170	58	77	140	170	140	58
47	119	133	18	133	186	143
45	70	93	65	80	130	70
186	100	111	111	175	25	101
131	33	15	15	33	33	15
41	147	135	41	135	135	41
36	81	81	101	109	166	36
166	67	135	16	125	48	135
189	115	19	31	45	45	44
126	63	135	179	190	108	45
165	160	91	34	182	29	165
95	95	99	117	117	95	146
153	41	129	166	120	129	179
96	172	174	47	124	60	124
128	112	128	91	112	112	128
102	180	29	27	128	120	87
41	19	183	143	138	143	81
165	57	70	92	57	92	165
93	188	188	27	188	13	199
198	198	121	27	198	24	57
37	62	62	101	19	60	62
103	103	167	18	103	167	147
40	163	163	163	52	134	62
126	62	20	20	110	141	57
37	133	54	83	61	54	32
30	26	30	75	26	26	22
44	125	72	54	146	72	92
87	150	29	132	29	119	29
111	67	67	31	31	111	18
168	163	81	189	50	183	107
51	51	25	25	21	25	51
189	98	189	189	98	132	98
22	148	22	30	148	118	30
80	21	21	188	124	21	161
85	38	85	38	85	38	63
101	59	101	49	62	164	134
83	69	145	69	145	83	81
174	88	108	108	78	108	42
81	56	69	47	12	56	56
76	193	147	193	113	140	193
43	100	180	141	64	43	38
151	76	151	76	141	159	141
106	119	73	106	73	148	106
169	44	174	174	45	193	174
90	53	22	135	134	185	22
121	121	166	98	121	98	126
136	136	69	136	47	95	23
154	111	83	158	49	152	156
61	148	175	31	125	54	125
99	31	31	99	112	99	31
96	169	104	96	20	20	140
66	79	127	189	103	111	189
51	106	93	93	93	106	42
69	143	101	38	114	114	73
121	114	49	150	44	44	44
120	23	120	33	182	22	155
102	12	12	134	12	33	134
11	11	119	119	119	41	11
36	36	90	90	31	152	31
95	28	40	60	60	40	28
85	38	38	108	21	85	21
84	178	182	134	89	96	83
130	105	16	16	154	130	154
19	19	118	153	19	22	144
183	183	183	174	162	174	174
169	118	35	117	35	76	167
107	161	47	31	106	85	64
133	130	197	148	92	92	92
112	112	89	89	112	134	89
93	84	13	13	93	13	93
185	185	87	108	97	146	185
95	95	116	60	179	179	60
130	72	130	130	182	72	72
151	141	141	151	141	151	60
128	128	82	55	82	156	82
154	74	190	154	154	190	190
50	95	113	181	27	12	31
90	25	61	25	47	174	59
60	27	148	60	60	27	148
56	169	195	13	160	160	160
88	88	28	28	28	165	88
74	74	63	112	74	165	35
51	122	122	131	186	138	122
69	43	122	69	69	43	30
93	45	185	39	26	145	70
72	101	140	103	72	103	101
15	54	17	58	97	54	41
104	96	167	167	127	127	104
173	173	105	105	95	105	173
170	66	66	25	25	25	66
103	103	161	103	140	33	114
20	20	134	164	134	20	134
109	189	120	120	177	159	93
94	56	56	36	33	56	102
130	83	96	96	96	105	105
116	176	176	116	153	153	23
126	144	59	148	47	129	129
156	105	77	179	92	105	186
49	49	49	51	120	51	51
37	104	110	104	42	100	104
119	119	153	119	176	151	199
118	157	64	172	50	18	57
84	109	84	80	19	57	83
8	24	162	8	155	24	8
109	34	35	34	34	80	14
126	134	116	117	188	132	117
39	35	33	39	94	39	95
55	138	55	138	55	26	138
35	164	124	190	108	83	164
129	90	105	143	143	179	143
56	53	127	82	56	53	56
95	102	95	49	102	102	95
154	41	184	64	31	61	190
140	128	128	153	112	67	118
178	63	63	178	63	178	178
43	158	158	182	127	113	60
54	92	145	92	86	118	69
108	163	24	70	60	108	89
146	159	84	171	162	148	151
115	116	114	69	175	56	56
67	70	38	70	67	38	144
178	180	29	178	180	178	180
141	16	163	163	35	99	111
135	179	27	27	90	124	147
24	185	98	141	164	132	164
31	23	31	31	84	63	13
93	185	185	185	112	112	112
39	85	113	39	141	180	120
42	112	25	102	25	38	121
181	103	85	197	190	103	103
180	161	75	58	120	134	180
73	184	99	146	32	85	182
41	36	91	36	41	41	36
120	13	58	13	58	13	51
65	170	170	126	170	25	22
36	76	37	24	76	127	121
15	68	71	95	121	102	56
38	163	38	10	10	76	38
122	141	55	76	178	57	76
77	177	41	77	134	186	39
13	157	166	86	13	13	86
126	170	182	25	88	137	126
148	113	181	39	54	167	54
16	16	130	130	80	130	16
182	182	68	182	96	96	96
149	171	121	110	49	33	67
86	57	81	57	57	81	81
73	160	91	81	165	159	17
80	146	146	80	146	182	80
14	14	53	53	65	53	14
124	83	89	71	83	142	29
163	106	29	163	163	29	29
179	49	181	108	108	14	60
25	132	120	47	120	47	25
149	23	31	23	122	122	31
105	189	14	14	105	14	105
60	81	84	13	18	112	84
150	90	90	94	80	57	51
22	84	84	84	93	93	93
150	27	91	25	38	156	160
31	172	16	173	163	182	175
150	83	150	150	83	66	83
140	140	65	95	65	140	65
59	176	120	113	19	113	44
31	164	31	164	164	31	103
110	110	153	153	110	153	127
170	29	174	47	146	146	125
33	24	154	171	36	113	10
117	38	145	130	110	164	145
94	94	61	94	95	95	95
79	122	136	106	79	122	79
117	117	30	70	63	152	102
139	100	114	122	56	114	114
78	12	12	78	12	120	78
30	181	58	123	164	123	154
51	128	80	80	24	24	128
193	178	53	177	178	139	178
27	45	163	147	25	94	13
34	94	98	111	61	111	20
132	153	56	193	56	56	117
91	159	108	139	179	47	56
131	59	59	131	131	162	59
73	96	151	135	25	134	12
39	87	39	187	39	87	87
131	165	73	73	163	169	102
81	95	84	26	42	129	81
136	120	52	22	22	22	82
105	179	72	142	177	179	102
97	97	97	97	69	97	97
127	127	147	127	54	54	54
136	136	140	136	140	20	140
86	98	98	98	84	84	98
160	177	111	177	72	177	10
35	92	37	35	37	37	37
11	99	168	142	83	73	116
59	178	78	167	59	59	195
77	80	177	77	80	119	177
54	45	54	63	55	146	69
34	34	34	182	182	182	60
144	74	144	74	74	25	144
17	67	185	17	10	139	30
78	97	64	133	39	144	105
28	28	25	25	25	27	28
67	171	171	67	171	178	67
17	121	99	65	185	15	59
36	71	88	159	118	118	91
70	8	73	73	70	73	49
131	46	62	78	11	23	183
154	180	180	73	180	195	120
133	122	100	120	27	27	76
86	174	29	20	70	20	20
20	51	135	135	135	95	20
29	112	26	29	29	177	168
108	108	15	15	79	23	108
173	173	85	77	173	60	164
21	153	153	21	95	153	21
74	52	82	111	174	143	174
109	25	58	58	25	25	58
38	52	18	170	38	186	142
87	70	130	70	19	26	141
55	55	55	71	85	71	71
67	35	107	106	91	164	161
54	113	54	105	54	35	105
76	90	90	91	76	90	76
25	146	56	38	146	25	56
135	135	135	190	109	190	190
44	138	167	22	116	22	50
12	12	122	12	151	70	151
126	118	117	116	179	167	10
34	53	53	64	14	166	53
62	134	99	38	80	20	99
115	71	115	71	38	95	38
137	81	47	97	155	52	138
133	132	184	34	184	114	184
63	79	37	63	37	37	63
67	67	88	56	56	67	56
156	51	102	165	15	51	51
127	94	131	74	79	118	94
27	142	152	142	43	142	30
69	115	69	69	65	162	69
183	134	42	129	135	135	27
140	65	65	140	65	123	140
67	8	8	167	167	155	167
134	164	134	134	87	164	164
108	128	108	107	114	108	15
60	23	92	92	151	92	74
94	12	59	59	94	59	94
185	70	70	36	31	70	157
67	24	67	29	62	47	25
11	12	22	112	75	131	112
140	97	141	151	176	22	52
26	175	155	188	73	172	103
93	121	40	59	93	106	14
126	116	71	25	28	22	19
60	49	142	60	142	90	90
79	62	136	153	136	129	174
149	155	20	28	73	90	73
109	153	101	120	109	101	153
95	53	73	95	95	31	31
39	70	39	70	39	70	126
108	38	49	96	108	108	40
185	47	141	74	162	106	110
22	182	171	39	112	171	171
158	154	62	83	62	62	25
106	128	18	128	124	138	128
13	13	136	136	136	68	13
137	170	31	77	56	137	73
33	63	110	134	33	63	134
94	135	135	32	18	135	166
79	114	79	57	57	79	57
102	102	65	54	65	102	65
69	11	28	90	84	101	90
63	80	58	58	80	80	42
51	100	155	74	155	12	55
98	138	69	17	98	138	69
35	167	148	98	44	68	23
194	165	196	140	194	194	10
48	48	48	109	109	187	109
19	38	38	91	82	19	82
36	36	40	114	36	114	141
168	34	55	168	168	55	55
54	179	111	72	167	138	88
132	178	112	114	188	185	132
29	173	181	13	76	129	13
181	181	39	181	182	39	39
113	102	115	109	17	157	102
44	44	126	128	23	127	44
46	46	147	147	26	147	46
139	52	20	91	52	167	52
19	155	155	19	19	155	88
135	45	135	137	135	110	109
167	130	130	109	179	179	167
90	24	94	90	94	94	90
26	138	84	138	138	115	19
15	64	21	21	64	21	64
189	148	73	67	60	125	154
11	132	29	29	11	29	14
81	81	25	25	16	33	25
190	50	32	190	23	194	190
42	19	42	19	98	42	19
95	115	95	121	182	108	153
85	85	166	166	166	174	85
26	26	26	92	118	141	173
24	60	102	77	172	130	92
65	68	151	198	34	34	34
12	49	180	180	112	152	28
150	31	150	92	71	186	150
23	35	23	76	35	35	23
12	48	121	48	179	80	48
139	20	167	102	132	132	132
29	35	35	29	29	35	111
38	38	120	85	120	54	54
112	35	131	131	112	113	113
57	65	65	57	130	65	36
76	21	76	21	19	76	21
136	50	102	72	31	62	31
115	65	127	115	116	116	115
88	102	46	106	139	75	117
92	80	156	77	77	80	92
106	121	10	18	51	51	183
37	63	63	63	48	48	48
69	142	45	199	45	150	45
108	108	58	196	160	108	68
94	116	44	155	88	155	41
52	17	52	80	72	72	17
31	31	40	110	40	31	40
150	161	74	72	150	143	124
122	122	159	156	183	122	168
59	61	108	59	115	25	14
153	130	86	17	86	12	86
51	51	105	160	187	62	78
43	65	43	65	143	143	74
139	106	172	47	106	106	155
42	11	142	43	11	11	56
36	94	36	36	94	94	173
151	116	151	186	34	158	52
130	20	67	148	181	20	118
112	86	132	134	150	134	83
70	86	137	86	140	137	70
105	77	105	84	84	84	105
138	48	138	103	138	103	103
145	167	50	18	159	159	156
131	25	126	25	126	25	126
142	44	129	57	142	142	79
81	81	14	66	37	21	33
110	157	29	31	181	152	157
63	61	63	61	63	61	77
136	158	111	158	97	180	49
89	139	139	46	89	89	116
153	68	68	153	139	68	153
53	150	106	30	22	74	135
134	12	134	170	73	73	73
72	155	72	133	72	170	133
128	27	164	32	133	139	32
41	42	41	58	42	42	151
184	78	101	78	101	78	101
200	47	33	200	177	200	58
53	110	89	56	146	83	143
33	176	37	135	11	176	36
169	190	22	190	169	169	190
28	65	65	26	26	92	26
32	64	32	64	23	32	64
164	58	172	58	172	137	137
97	133	53	54	140	187	122
122	169	79	79	56	63	186
101	123	123	123	155	107	101
49	49	67	67	49	67	169
36	189	69	189	76	99	75
76	86	71	71	86	86	71
174	29	105	95	80	110	169
102	25	36	25	96	32	103
71	143	162	62	108	108	154
54	103	54	54	145	103	103
12	63	29	116	93	55	156
20	144	25	161	38	36	117
41	51	14	51	64	14	51
90	90	90	109	109	109	69
131	113	43	43	43	113	113
23	164	33	183	129	128	129
139	184	184	184	109	190	124
136	120	120	136	120	17	136
28	146	158	158	157	149	184
50	99	50	108	99	115	18
87	112	87	139	112	112	87
149	149	39	23	142	136	107
92	89	164	48	76	164	82
52	88	69	88	137	88	142
151	167	124	84	124	188	110
82	178	178	184	184	178	184
80	85	158	37	80	141	131
71	87	71	71	28	197	179
51	58	50	51	112	50	50
174	152	88	14	16	33	152
104	24	52	104	104	52	52
79	45	69	45	45	20	79
154	165	179	135	78	165	85
80	163	91	163	91	80	123
101	116	157	185	190	132	103
130	175	44	170	56	100	87
41	109	109	78	36	78	41
156	84	84	125	156	156	84
198	99	99	114	99	147	197
57	84	106	180	72	161	134
164	27	164	27	68	27	164
20	131	87	131	78	167	167
175	107	152	42	122	175	175
165	173	79	162	100	43	29
90	21	114	64	147	103	112
104	35	112	16	16	16	140
82	47	118	111	118	64	67
21	64	143	87	138	112	43
149	100	59	87	96	123	10
109	22	40	109	101	71	26
94	16	184	98	16	165	32
21	107	21	40	165	21	150
146	122	177	41	122	63	26
56	45	56	94	78	44	168
185	40	18	22	66	22	165
126	179	140	155	101	32	178
21	179	21	172	157	23	51
132	113	74	148	74	74	113
40	162	36	80	40	190	93
76	163	116	116	76	116	76
28	85	77	28	11	87	142
60	172	172	178	178	172	178
36	36	187	48	36	48	48
88	88	24	88	25	24	24
153	126	178	158	158	158	49
53	119	111	25	139	183	108
141	83	83	83	141	179	141
27	17	27	100	17	17	27
161	110	98	125	54	136	65
36	113	36	121	121	121	36
155	181	155	155	181	46	181
12	199	11	165	31	165	165
77	165	165	77	87	165	77
49	163	175	89	39	175	148
14	73	187	36	112	53	11
130	183	183	183	166	146	73
28	28	28	187	42	84	47
142	90	73	80	151	72	151
82	25	40	129	86	101	129
185	23	65	23	167	20	113
149	60	24	149	60	60	149
27	98	127	127	126	172	98
43	23	185	43	10	146	161
116	114	123	114	123	114	123
24	137	137	24	177	177	62
131	130	152	29	29	29	185
171	164	36	164	171	164	171
80	50	42	50	50	169	80
89	59	89	89	59	72	59
56	89	56	89	56	189	89
63	18	63	120	120	63	120
22	17	17	138	14	17	44
116	134	134	116	134	148	116
79	21	152	72	72	21	152
90	116	116	41	41	116	15
126	126	101	101	62	126	101
152	38	54	16	39	149	181
187	149	91	116	91	155	175
145	147	155	154	54	125	92
173	104	42	140	184	104	136
116	92	92	92	145	116	116
80	54	115	54	115	39	54
102	69	49	35	108	40	108
23	96	96	23	87	111	96
37	146	146	72	159	18	44
109	75	26	71	25	187	13
126	106	106	180	126	180	101
84	101	101	84	149	149	86
143	61	46	182	16	128	16
33	162	188	188	109	139	188
124	186	56	124	56	56	124
186	62	180	73	35	35	35
162	17	110	162	38	97	17
84	84	185	168	115	84	58
74	74	15	49	15	65	15
107	107	107	186	120	33	22
87	155	87	155	87	155	136
186	15	25	64	24	179	186
30	188	188	129	95	126	188
171	136	155	114	136	20	136
149	11	120	22	136	118	190
147	147	69	98	104	147	146
119	16	163	142	61	142	92
88	88	55	9	55	88	37
125	43	101	175	132	175	94
57	20	20	190	190	190	20
93	138	152	51	138	152	93
173	93	189	40	43	146	12
93	160	93	53	53	53	93
38	35	147	37	110	26	66
167	162	12	25	110	102	55
70	162	113	194	44	70	70
120	76	81	81	43	90	74
172	166	166	172	102	102	130
11	193	185	78	38	11	11
78	25	90	138	90	90	33
52	114	87	171	177	57	161
69	117	107	109	176	107	116
79	97	181	179	78	48	126
82	156	13	35	130	169	110
109	120	112	120	112	166	109
25	25	143	109	109	145	25
17	115	179	129	179	17	129
167	24	100	85	74	167	77
63	54	54	50	50	54	50
135	53	53	53	86	86	86
56	123	77	77	77	199	123
140	189	140	189	189	140	170
72	72	73	72	73	73	54
42	44	44	8	42	30	44
131	131	104	37	131	104	104
59	139	59	139	153	162	162
139	125	139	139	137	125	125
123	162	162	16	16	162	164
159	17	159	17	159	28	17
56	135	135	65	107	120	160
121	121	104	121	85	85	85
189	189	189	183	183	183	175
108	43	43	132	132	132	43
77	89	77	118	89	89	77
78	168	78	108	74	102	85
108	72	153	153	153	12	187
122	117	52	64	62	122	10
185	160	79	71	160	37	188
56	86	56	56	86	73	86
182	182	58	182	183	101	152
189	166	189	189	166	166	72
60	69	60	69	60	69	28
68	68	145	68	145	22	145
24	108	90	24	108	24	108
107	108	109	107	58	109	108
109	83	148	12	109	109	53
35	124	52	52	81	101	161
84	160	126	163	160	126	73
81	81	34	88	81	161	114
63	157	23	157	63	63	8
118	118	157	80	76	80	76
32	83	15	15	15	83	83
120	17	147	147	17	120	22
133	180	22	24	13	180	140
120	56	184	172	177	172	144
66	158	156	49	39	116	168
39	126	146	126	150	126	150
28	164	142	115	164	98	188
54	85	126	126	85	54	74
42	142	182	72	94	72	116
87	94	87	67	67	67	87
162	162	181	162	162	162	162
75	10	154	10	179	199	10
183	58	120	183	43	96	132
24	53	165	25	25	53	24
135	59	135	59	135	166	59
112	82	82	116	82	76	106
74	37	19	74	159	19	159
58	47	69	34	47	160	35
76	150	150	119	150	113	76
116	116	78	40	63	78	40
110	165	173	143	57	166	165
148	107	168	179	125	148	20
137	137	112	112	137	112	88
28	151	88	59	20	20	20
123	187	187	72	79	47	145
26	177	22	136	138	136	136
158	24	57	85	57	24	57
155	198	52	117	71	198	198
89	145	40	16	154	42	27
182	116	116	160	182	182	116
25	68	68	29	6	6	68
184	28	54	185	184	184	35
119	168	166	173	111	168	103
66	177	90	32	146	121	159
37	45	84	87	61	34	187
33	50	33	50	50	152	33
190	136	136	136	140	142	29
118	67	161	118	67	48	161
15	15	161	69	50	94	76
39	38	38	39	138	116	138
78	101	149	33	32	104	52
99	126	175	50	35	22	50
105	52	105	52	180	154	180
65	64	41	41	65	64	24
99	70	17	70	70	17	17
53	161	144	117	148	76	182
126	126	126	111	25	136	136
20	27	134	109	138	134	145
95	95	138	149	138	138	95
43	13	117	62	87	117	24
101	101	180	114	48	69	29
169	114	169	197	57	169	77
116	89	156	172	156	40	17
142	185	142	185	142	183	185
94	94	137	98	158	98	137
28	132	165	37	74	108	28
122	23	67	23	122	67	125
66	66	132	132	81	124	66
12	64	33	25	140	25	28
125	136	181	186	120	25	100
42	81	189	128	81	34	81
195	83	28	73	195	70	195
39	66	66	39	66	127	39
174	40	40	139	174	40	174
101	97	135	18	29	101	111
164	49	164	114	49	126	49
97	21	21	172	50	21	22
149	76	63	76	63	160	149
99	60	99	120	198	99	102
150	74	105	154	119	74	74
72	140	100	75	100	72	140
46	153	153	112	112	171	171
92	92	52	90	52	107	90
68	115	68	68	160	194	153
30	153	183	65	123	149	94
62	71	58	58	62	62	75
137	74	25	39	10	97	97
110	162	34	35	99	99	99
102	110	102	102	19	110	110
60	67	93	67	23	23	60
94	86	86	86	94	158	94
170	151	163	151	104	27	64
110	24	15	152	110	73	22
151	94	79	151	94	94	48
79	79	119	119	77	107	79
126	155	155	126	126	31	155
15	15	15	149	111	61	21
91	127	91	91	56	127	127
109	109	76	76	76	86	109
140	64	73	87	115	189	140
46	46	50	69	92	165	46
47	150	47	80	179	137	58
108	163	76	76	108	76	108
38	103	70	177	170	103	75
154	146	23	154	146	23	31
77	14	14	104	77	77	14
146	74	96	71	162	77	159
54	120	104	106	106	130	108
6	6	6	41	72	54	72
112	179	50	112	112	58	97
14	189	130	161	130	189	130
54	54	109	54	109	12	109
126	74	46	45	74	74	126
100	100	27	100	65	73	73
164	117	108	108	117	108	117
177	177	177	100	138	121	53
168	138	168	77	168	77	77
129	63	63	17	63	129	129
54	110	177	132	186	177	22
68	68	95	182	91	141	18
99	99	140	169	140	69	69
181	99	175	160	175	84	22
190	172	116	71	10	185	16
123	151	123	131	64	137	31
40	82	40	82	84	82	40
68	98	162	21	187	57	138
157	97	157	157	48	48	48
70	35	70	35	35	88	70
16	16	75	16	182	182	182
13	123	146	123	122	178	107
149	149	77	163	31	185	182
151	166	166	180	180	151	156
121	114	121	90	90	90	125
145	166	167	132	133	166	62
30	83	86	86	30	30	86
119	119	177	177	72	175	72
48	104	48	195	40	48	117
40	82	79	163	163	163	92
68	52	196	128	125	196	196
61	171	33	130	55	96	126
127	188	137	137	43	130	46
73	18	155	73	131	18	131
118	59	185	185	56	192	185
174	116	48	125	101	112	153
99	99	98	58	122	45	38
73	10	10	21	21	21	10
92	187	187	41	92	92	187
40	116	58	17	23	73	73
68	135	135	68	68	168	135
171	135	70	71	165	21	175
30	32	103	152	81	75	30
63	46	44	46	63	63	60
34	151	81	152	121	164	164
30	63	63	30	63	57	30
171	79	39	95	115	123	90
118	49	29	141	141	141	52
32	12	56	127	12	62	80
74	107	186	64	176	39	107
85	165	117	69	51	46	91
139	118	139	118	118	118	139
136	70	146	151	70	131	106
171	171	105	171	125	163	166
185	115	38	185	107	137	80
169	34	104	72	170	142	104
56	77	187	152	84	50	50
68	172	161	56	76	113	42
179	179	47	76	24	47	72
130	130	58	130	64	179	56
108	108	142	142	150	108	142
71	129	18	30	77	149	54
161	142	142	142	59	59	59
159	200	191	191	142	14	191
112	127	69	125	112	138	133
74	58	13	58	58	13	13
63	171	125	35	35	63	125
129	43	129	136	129	43	43
105	105	120	159	105	120	123
124	186	23	12	177	46	46
55	155	187	193	59	155	155
179	179	179	132	147	132	132
170	42	37	183	92	136	136
26	97	116	80	116	57	20
41	167	86	86	39	39	41
164	127	65	86	174	81	35
42	42	30	8	49	8	42
87	161	165	163	179	162	163
56	168	56	106	56	106	106
142	69	121	25	149	17	61
113	16	65	62	79	152	65
126	32	126	172	83	94	115
170	108	42	163	42	163	170
129	140	140	140	129	129	44
173	173	101	44	101	101	173
41	93	93	156	150	41	68
142	23	67	23	142	122	67
185	173	26	150	73	173	173
55	35	35	95	65	30	35
150	150	174	182	174	174	150
173	19	21	21	130	130	19
98	124	72	156	70	72	72
56	52	56	100	100	100	56
186	119	80	186	186	27	121
151	151	100	176	21	158	18
140	52	97	74	140	140	93
163	145	91	100	18	13	97
54	156	11	189	36	91	123
112	112	164	165	24	52	64
168	28	21	14	21	101	154
123	148	148	89	123	123	148
61	61	57	67	57	121	121
168	104	82	61	120	128	15
98	13	15	157	57	151	151
84	57	90	77	77	57	57
144	43	43	45	45	45	43
158	88	158	180	80	80	88
127	142	119	145	142	145	119
134	147	24	134	179	179	24
133	29	133	133	157	166	29
165	143	127	85	165	127	165
178	143	100	143	10	165	146
155	113	184	112	96	109	164
80	103	80	116	69	116	69
49	119	46	119	46	22	119
12	70	168	150	160	189	138
74	119	67	119	74	67	93
97	97	166	166	166	132	97
175	118	100	85	160	156	51
15	142	142	142	15	94	15
102	92	110	110	28	110	45
171	97	91	171	14	60	81
63	41	95	55	28	165	30
146	59	87	55	55	41	101
172	51	172	51	172	112	51
146	164	18	177	95	56	164
146	48	166	121	110	153	146
113	40	40	81	113	40	113
161	161	88	16	161	16	16
69	146	79	162	125	151	80
116	13	18	116	114	116	129
115	115	51	105	81	108	86
41	85	162	127	168	176	13
78	72	139	188	71	51	164
132	27	138	27	10	132	132
121	103	38	160	89	131	40
179	162	108	160	27	50	99
108	88	71	132	56	51	150
82	131	131	21	137	129	71
109	100	100	118	109	109	100
76	35	88	102	18	181	88
145	58	145	58	58	89	58
128	128	99	153	145	74	19
137	42	42	137	101	42	137
178	138	38	38	38	138	138
35	153	123	123	75	157	105
62	172	98	188	110	96	185
34	29	86	28	29	34	29
124	71	71	157	124	71	124
60	92	85	104	30	85	40
12	14	92	92	81	184	92
32	99	179	98	98	31	136
70	64	108	35	108	70	64
124	128	124	17	156	124	156
26	167	14	146	60	26	132
118	15	81	118	81	177	15
109	109	180	180	109	21	180
153	180	33	77	92	92	123
143	9	41	9	167	41	9
104	177	102	97	71	97	144
47	47	52	132	159	30	63
189	157	103	29	107	155	113
144	124	124	47	124	124	125
50	89	164	159	50	86	145
23	176	101	101	151	176	23
70	70	57	51	57	70	114
157	110	50	50	75	159	75
55	177	151	40	153	153	74
187	134	178	178	107	103	178
34	151	176	99	125	176	176
163	32	19	120	41	32	32
70	119	41	41	119	41	119
62	114	114	62	62	49	114
162	148	148	93	148	131	93
80	78	85	69	85	69	78
71	35	71	70	71	70	70
80	13	16	24	80	41	112
128	179	160	128	64	135	128
37	144	50	150	144	12	170
9	165	9	9	165	104	94
58	14	125	77	113	133	133
46	111	104	133	36	111	150
161	131	161	161	141	141	141
125	102	23	102	164	125	125
80	200	151	64	151	151	88
87	38	142	87	179	142	179
171	147	171	76	192	42	171
151	73	73	90	73	151	151
137	11	137	11	92	11	137
155	82	124	82	155	155	82
146	11	11	146	146	118	11
167	147	104	70	104	55	94
46	65	65	65	11	146	31
176	189	189	166	189	61	66
162	115	33	162	60	33	162
17	188	11	133	73	99	133
70	70	70	103	110	110	110
168	68	55	62	12	121	181
163	58	11	58	58	168	168
110	110	85	110	85	85	111
164	112	75	172	97	97	97
70	70	69	70	69	69	157
160	134	167	31	136	136	66
121	60	103	32	148	78	62
188	126	116	119	117	102	188
29	65	146	33	65	190	107
88	88	20	37	88	37	37
53	38	68	38	12	38	12
132	181	32	47	98	48	32
150	91	150	40	58	145	161
155	130	74	106	20	125	104
119	64	87	87	87	154	183
159	162	121	159	95	119	159
74	26	134	49	134	74	26
117	81	117	34	140	45	117
44	49	16	44	49	16	27
44	95	46	95	95	46	133
178	86	82	178	178	171	93
58	140	140	140	132	132	132
88	13	37	84	11	11	11
149	145	136	13	111	111	101
130	19	28	130	69	28	28
104	104	63	22	63	104	63
7	51	11	154	51	51	11
154	154	51	42	154	51	170
146	166	117	146	146	129	11
119	98	98	98	145	145	145
39	42	136	112	39	181	39
87	37	139	27	37	79	37
55	64	108	82	87	159	64
27	31	37	37	29	29	31
144	10	14	10	14	10	14
103	43	140	152	103	140	140
126	181	60	181	123	26	27
85	55	73	145	37	56	28
162	35	134	34	162	162	150
150	150	20	88	20	150	20
125	114	114	58	114	160	31
87	154	87	87	169	73	135
80	170	149	22	183	40	163
168	138	55	79	104	120	79
78	60	63	60	63	48	78
75	75	116	116	148	76	76
40	24	22	185	22	22	18
98	94	52	30	98	98	65
36	36	60	121	121	128	60
62	120	120	113	181	120	178
74	60	118	37	118	139	189
79	141	73	91	91	24	91
157	152	152	46	152	51	59
11	162	11	17	162	11	162
52	127	25	25	10	48	48
34	115	109	115	34	115	34
16	43	106	183	106	105	106
120	126	57	57	57	126	126
22	89	89	89	62	22	62
103	113	113	113	189	25	183
161	93	165	113	93	73	93
114	114	61	26	61	61	114
115	174	150	123	142	79	185
175	26	28	79	150	140	120
10	53	168	53	53	10	10
152	152	129	152	80	147	77
21	56	56	21	49	21	56
64	103	64	162	64	130	76
70	43	119	120	57	129	70
130	21	48	31	26	95	21
63	85	63	50	85	85	63
27	153	80	175	182	67	168
41	41	95	53	93	149	44
135	82	110	133	135	82	135
199	199	38	59	82	199	13
134	159	169	47	134	186	80
145	39	115	145	48	48	145
147	147	99	147	107	66	171
101	134	116	138	69	120	120
48	94	88	88	65	175	48
128	27	160	62	128	27	160
168	18	18	168	18	160	168
164	164	169	164	25	110	87
38	128	119	165	119	119	38
96	175	164	21	115	14	14
125	166	125	94	166	125	166
124	57	147	110	57	57	44
69	90	36	69	69	41	90
161	170	149	149	130	161	170
84	144	144	138	150	84	138
119	68	39	132	17	165	35
149	149	171	171	34	15	34
137	137	153	137	81	167	128
145	145	129	145	129	114	129
154	72	35	35	197	75	35
79	166	136	81	166	81	79
63	21	63	27	12	139	63
32	86	70	86	32	86	32
114	123	169	123	72	169	114
80	80	64	64	80	64	92
147	143	153	64	143	130	133
153	51	181	105	153	28	153
56	56	36	36	36	56	18
131	131	149	131	149	177	149
184	111	122	63	184	163	54
65	98	135	96	47	47	170
79	79	188	184	178	17	21
58	100	65	116	65	58	58
149	139	48	149	149	139	139
187	38	140	129	17	108	129
93	10	93	122	168	10	10
145	110	131	17	133	33	131
170	60	189	79	79	195	79
150	150	68	150	68	50	68
103	153	103	111	39	76	171
124	29	130	82	158	82	185
151	196	196	142	196	120	19
185	66	77	55	27	169	185
155	106	132	62	82	187	132
137	122	158	110	21	31	46
84	113	84	113	168	89	89
70	101	154	101	101	70	70
89	68	75	66	89	89	66
50	137	137	102	137	118	50
98	50	98	60	98	60	60
43	19	131	43	19	60	60
117	124	124	117	45	117	124
174	40	174	170	20	99	174
146	86	86	74	52	41	86
107	152	107	177	179	83	107
119	64	56	16	189	60	181
88	40	40	40	88	88	87
148	194	148	148	100	194	75
111	75	75	21	102	88	75
26	66	21	168	17	63	63
166	47	32	42	164	37	97
65	53	133	119	46	38	15
59	97	50	191	50	50	61
92	92	169	92	119	119	119
179	44	179	130	179	78	167
114	17	17	114	114	86	17
129	128	128	128	129	42	129
84	183	127	14	30	48	167
147	118	133	133	133	118	118
64	27	153	175	41	35	40
156	160	130	125	190	125	125
60	171	177	177	134	171	60
78	88	78	88	114	176	176
92	92	77	77	77	82	92
122	30	30	144	113	16	137
152	63	123	172	117	153	80
10	137	10	155	68	10	37
57	57	158	174	57	158	158
52	24	64	187	117	117	30
17	20	23	83	130	61	83
33	34	123	179	51	147	164
116	48	73	73	73	116	80
39	36	36	36	133	39	39
93	168	100	52	99	124	188
32	177	45	177	45	32	122
163	82	10	15	41	109	42
155	25	117	128	128	117	155
91	104	91	80	89	104	80
160	125	151	125	151	36	125
73	98	46	126	82	82	113
90	29	90	121	94	94	171
96	31	24	24	183	24	51
90	124	131	178	76	92	124
141	60	150	81	66	124	26
94	129	150	96	189	94	179
38	181	146	92	156	116	181
59	45	181	59	45	59	45
106	120	120	120	106	166	160
166	33	166	129	166	129	129
68	68	114	68	114	114	131
28	168	168	168	28	29	100
19	96	25	96	198	33	96
162	127	88	127	94	174	74
120	120	163	71	160	120	160
117	100	86	117	107	107	100
183	121	17	121	121	17	17
33	137	45	62	73	24	104
168	166	179	135	166	168	135
45	25	45	93	25	54	93
93	26	129	181	156	37	64
131	61	171	171	107	171	179
23	141	111	111	111	23	23
188	156	133	70	77	46	68
11	11	144	10	11	10	10
12	138	166	166	12	6	12
148	125	125	148	125	125	97
64	151	143	151	151	64	64
86	111	38	42	183	38	84
103	142	151	147	147	150	96
14	13	59	137	110	49	59
138	55	56	138	102	55	102
171	119	81	122	91	188	116
120	32	148	47	47	189	161
74	15	117	139	74	139	139
127	117	137	165	184	93	160
145	136	188	179	61	179	179
117	155	21	158	96	128	26
92	141	49	36	21	27	106
87	180	87	14	62	135	85
171	72	75	81	43	144	29
98	66	130	96	143	130	130
113	100	113	131	164	113	39
29	63	63	98	98	98	63
49	49	52	49	52	35	52
176	176	176	181	181	181	20
124	10	145	15	109	15	84
109	115	49	156	49	109	115
180	16	16	16	149	114	22
103	89	89	115	89	115	115
27	99	151	151	119	143	66
168	73	161	73	27	30	125
51	87	177	130	141	91	107
84	160	17	84	160	17	134
110	127	93	110	111	127	93
184	96	49	121	184	184	96
39	44	44	126	70	144	29
44	165	44	19	44	165	6
85	139	139	84	139	64	65
56	56	16	16	79	56	16
122	18	82	85	44	178	150
113	167	64	167	166	154	44
134	37	29	37	37	134	134
174	189	154	11	180	176	159
60	42	131	116	131	174	13
124	176	124	180	57	35	85
46	118	14	130	80	54	130
177	106	189	189	177	177	189
44	179	102	44	179	179	44
131	131	119	131	92	119	122
156	78	156	42	42	78	19
45	105	157	50	66	112	10
57	62	57	72	62	62	57
183	79	158	57	36	72	36
85	85	33	85	140	33	33
65	122	65	122	122	65	121
143	87	82	9	82	143	82
174	51	80	134	51	43	105
185	91	129	91	138	105	17
163	103	26	70	103	127	177
53	17	172	111	186	66	186
15	111	187	183	187	71	187
119	117	117	49	119	117	12
160	157	143	128	47	73	190
110	94	110	54	54	54	110
161	168	149	149	161	88	88
163	163	164	105	164	164	163
110	97	166	87	166	97	87
123	29	70	123	154	123	154
117	117	108	147	117	50	147
47	173	173	99	99	47	81
158	92	92	16	148	158	158
53	127	143	34	53	53	18
143	148	148	148	148	148	148
124	75	155	124	155	155	19
109	129	145	148	189	122	61
164	105	129	139	164	105	105
66	126	111	23	111	77	95
48	98	172	43	132	56	172
153	140	86	13	86	163	86
114	114	114	114	21	84	182
166	115	18	81	113	168	115
168	104	168	168	137	104	146
135	182	75	49	182	39	108
176	116	83	176	176	116	116
28	89	75	163	29	16	28
63	95	152	63	63	68	86
158	159	158	186	99	158	75
80	190	80	169	80	16	160
125	125	65	16	125	33	33
81	145	126	81	81	114	111
161	155	161	138	161	23	32
78	83	78	93	50	78	171
67	152	161	73	73	183	107
19	96	35	164	135	19	156
105	65	114	41	105	41	114
120	119	179	15	118	100	181
73	83	54	74	187	73	73
169	76	18	25	108	108	109
123	88	88	88	123	123	79
125	50	111	111	50	78	78
84	88	43	84	43	84	43
153	153	113	147	67	30	153
140	79	22	51	172	28	79
141	100	157	157	17	141	17
82	150	82	44	181	144	82
57	30	158	21	162	162	141
65	79	65	79	65	79	65
120	71	37	166	151	151	151
31	115	69	170	170	42	170
184	126	22	126	183	89	126
135	146	19	171	146	146	193
73	69	98	31	107	107	107
79	157	79	157	180	157	79
30	30	163	163	172	30	163
71	59	44	71	185	71	136
53	163	92	12	163	159	44
94	169	132	14	169	169	84
39	89	145	145	89	145	89
123	31	123	31	66	66	66
151	44	151	53	51	110	47
188	50	128	160	48	11	173
13	40	159	172	172	115	172
112	112	118	112	197	130	13
134	57	57	132	57	132	132
15	97	100	15	97	97	15
113	134	60	134	60	172	172
127	129	45	30	76	45	57
88	86	59	157	156	139	157
117	26	129	103	190	169	80
92	92	95	95	92	95	104
97	64	140	117	65	100	12
45	53	45	45	53	156	53
110	28	110	27	43	43	28
182	63	52	160	94	52	52
111	25	25	23	159	150	42
80	41	151	38	48	22	116
93	20	169	98	131	158	190
116	180	180	156	96	96	156
171	29	29	192	96	82	29
68	89	84	68	39	68	121
131	135	150	150	131	131	150
70	20	27	158	62	130	27
169	95	130	80	64	107	14
142	66	160	15	50	160	66
143	89	11	143	11	143	11
110	110	110	68	56	112	143
152	22	22	22	152	177	152
120	119	118	118	87	150	118
18	18	190	170	18	190	190
46	24	94	148	55	57	18
86	125	20	50	50	147	50
127	127	38	38	38	127	127
187	164	187	67	164	164	187
64	64	143	64	143	168	25
48	61	61	87	87	61	87
29	73	89	184	69	69	85
125	64	180	146	154	64	64
54	32	32	138	32	138	138
19	66	8	19	46	8	8
135	33	125	100	125	44	38
69	75	172	73	156	156	34
30	35	152	63	152	75	142
34	114	173	114	85	114	135
170	154	170	170	154	154	89
18	18	18	9	40	55	9
166	62	166	79	106	79	106
42	113	168	168	59	168	116
122	111	111	122	128	111	122
32	26	187	77	17	12	32
73	95	119	73	73	95	95
142	161	44	173	176	69	187
116	11	27	151	54	180	151
148	148	33	33	111	148	33
152	15	15	15	73	73	73
26	26	26	42	34	34	134
41	133	184	81	116	41	176
148	41	156	41	148	22	41
134	31	131	134	44	67	123
112	190	112	69	181	13	61
174	140	183	51	174	103	124
54	36	19	36	105	36	19
15	91	159	26	159	111	157
78	62	183	133	37	141	48
116	40	116	97	40	40	116
140	108	149	108	149	101	101
157	157	133	127	197	157	112
53	29	25	189	66	70	110
183	109	35	82	82	82	150
184	55	71	121	15	165	165
72	175	73	102	161	123	143
103	128	130	98	103	146	103
161	161	113	113	46	161	113
188	31	168	31	31	168	168
20	139	37	40	53	174	174
43	130	12	130	142	34	145
135	22	34	22	22	135	135
107	69	107	69	126	69	107
166	34	166	19	19	143	34
13	13	13	195	154	13	39
63	172	172	63	172	156	63
163	131	125	131	163	153	125
138	160	160	167	64	27	160
78	31	31	109	78	31	78
105	101	101	172	101	172	172
24	24	24	30	96	76	74
142	96	138	142	16	142	154
10	29	29	21	119	38	166
150	117	150	68	176	39	87
28	126	28	171	126	28	126
45	45	86	63	86	45	86
151	45	13	41	152	13	177
175	66	77	40	178	40	43
142	67	26	137	67	137	137
147	69	69	147	147	87	69
18	67	153	153	22	177	174
120	110	110	85	85	85	110
59	61	19	164	60	164	134
165	144	179	152	190	106	106
39	70	25	129	150	87	87
151	125	151	151	56	87	115
18	162	162	27	27	27	162
174	78	173	174	97	172	67
92	50	50	92	92	50	153
13	189	142	137	13	129	31
81	81	81	115	115	115	101
163	94	78	163	141	163	126
122	150	59	150	150	182	101
123	41	125	123	125	123	125
19	190	109	190	109	190	109
188	43	185	122	80	44	61
65	18	154	169	106	18	117
82	47	47	82	82	89	47
163	61	163	127	61	163	61
168	176	20	83	83	43	24
48	57	57	113	113	137	48
10	79	127	30	127	178	19
66	169	66	95	157	169	95
130	160	153	153	130	153	130
175	47	47	47	175	171	175
179	55	75	107	27	154	24
159	188	165	69	59	83	92
88	107	49	59	140	140	35
187	145	100	74	80	105	130
100	95	88	137	56	172	144
34	121	140	56	34	124	34
106	197	180	183	106	104	106
23	127	18	100	23	90	130
135	86	98	86	114	22	86
172	182	32	105	44	32	67
157	153	79	182	182	153	47
65	61	18	51	186	107	134
37	119	64	165	163	119	163
190	153	66	124	145	50	76
161	86	115	86	192	86	26
93	93	186	69	124	84	94
68	183	68	194	197	100	68
33	58	142	171	12	13	58
162	162	148	148	162	152	148
165	112	92	45	158	73	158
93	93	93	77	77	77	14
70	70	131	131	89	131	100
70	122	70	122	47	47	47
88	10	143	10	10	124	70
64	87	74	75	119	107	87
98	76	98	119	132	159	98
57	69	153	57	110	110	69
170	102	21	21	170	170	21
25	167	135	17	51	94	157
26	80	80	80	47	53	114
67	160	136	67	67	160	160
72	72	168	168	80	138	80
12	12	56	44	44	12	44
110	56	110	110	56	68	56
162	184	165	26	176	134	99
53	101	121	112	178	100	52
135	70	70	32	93	135	70
80	94	119	80	133	61	80
143	124	124	143	147	124	132
92	92	84	142	84	142	61
55	143	168	18	172	168	170
161	68	154	72	169	72	72
104	92	104	104	48	72	112
84	84	84	125	84	47	132
171	10	139	10	51	79	181
132	83	79	79	107	107	132
117	117	117	157	108	158	96
29	73	82	65	161	19	73
190	139	81	165	165	27	90
75	67	147	27	176	75	75
61	18	81	120	133	141	178
84	33	110	84	47	84	66
11	152	42	77	126	42	67
104	141	29	193	79	141	141
21	152	79	182	104	167	182
49	154	123	21	179	123	182
97	97	33	81	81	81	53
60	158	36	51	33	36	149
29	147	136	29	138	55	136
43	115	162	115	162	43	158
127	96	118	65	23	56	56
86	160	160	86	151	160	86
26	17	180	26	17	165	180
41	89	89	89	41	123	110
140	10	51	27	152	106	100
120	81	136	120	81	120	81
113	74	113	113	113	74	74
34	137	63	137	137	34	34
163	163	48	125	125	125	163
56	83	56	56	124	150	190
82	22	107	82	22	22	82
176	144	12	22	110	152	144
110	185	38	82	45	157	38
14	77	14	77	37	77	14
12	32	140	119	82	175	142
117	85	85	85	102	43	91
157	78	173	17	157	17	60
139	21	92	145	109	125	42
25	60	60	26	26	122	60
171	17	106	55	28	106	104
66	69	90	39	107	112	30
83	83	102	150	138	150	122
132	119	114	38	160	146	189
23	58	135	23	113	58	135
154	177	154	154	150	180	84
83	66	66	83	58	83	113
88	87	106	88	69	101	25
137	188	128	140	87	128	40
39	39	129	39	39	39	39
21	136	67	49	146	158	176
129	111	135	24	119	135	147
7	21	158	7	21	8	21
122	155	161	161	161	166	68
143	83	69	83	83	69	69
126	44	44	16	99	77	66
11	43	22	43	11	43	11
159	133	176	133	176	133	176
77	89	183	32	167	167	167
170	81	40	81	66	192	81
76	118	37	50	134	134	119
108	147	109	108	18	18	147
155	191	29	155	95	34	155
163	163	135	166	57	135	163
96	124	147	84	96	47	135
187	69	69	114	166	50	37
74	94	120	98	21	97	87
158	88	133	133	20	61	54
24	24	65	181	25	10	24
88	90	90	107	88	88	67
153	153	41	41	70	153	41
22	144	126	74	30	141	24
131	43	119	19	119	43	19
29	58	43	150	29	29	165
90	99	99	116	116	179	116
121	77	121	12	121	164	134
41	33	149	156	84	187	173
53	50	140	140	106	95	180
82	155	66	141	141	141	93
144	179	165	87	77	113	113
19	108	61	20	19	19	20
126	126	125	125	120	39	39
117	69	97	117	148	103	180
173	43	10	14	101	130	116
174	86	86	86	67	131	17
176	34	185	134	34	16	34
179	165	52	183	51	165	89
147	148	148	101	61	147	147
95	94	17	33	33	95	94
59	199	17	171	171	171	146
168	153	117	168	56	30	123
140	54	166	57	39	131	185
128	26	128	55	38	26	128
102	121	84	95	84	157	44
91	180	99	173	189	10	155
96	109	50	50	109	79	96
112	161	148	67	100	128	161
43	137	161	44	161	137	43
133	133	33	92	138	61	133
58	83	14	139	67	79	48
41	112	130	188	115	131	11
117	34	155	132	145	12	117
146	24	64	35	88	30	144
71	128	71	31	57	71	52
93	180	132	56	93	19	93
88	88	88	96	145	145	145
168	56	28	28	168	56	56
107	36	170	166	15	114	189
182	133	158	82	10	54	156
130	170	183	103	182	130	110
175	41	17	56	125	150	42
20	71	171	20	171	20	171
78	153	175	153	153	118	162
125	125	175	125	175	175	78
91	49	91	174	76	91	191
99	79	44	148	155	156	110
109	109	171	26	134	151	102
142	127	148	142	106	148	127
43	43	156	43	15	15	48
81	15	15	87	87	87	15
18	116	74	55	84	182	140
134	69	129	69	41	37	69
82	74	150	95	152	78	137
51	149	60	158	66	22	118
81	81	43	18	167	167	18
199	25	40	199	199	123	139
117	28	142	120	122	120	151
28	115	37	37	135	37	135
60	108	60	60	108	188	108
110	44	125	44	110	110	44
176	187	129	168	155	130	25
55	15	146	55	146	108	15
32	56	28	94	28	112	130
30	92	197	30	17	30	36
14	81	51	14	81	14	81
133	183	125	178	180	168	168
66	66	163	66	147	147	147
125	185	185	88	48	55	58
12	19	190	46	163	119	156
183	183	69	191	48	149	183
67	117	67	167	67	52	117
188	30	74	118	152	156	143
144	66	79	149	139	144	115
64	160	75	168	75	75	64
104	107	107	104	65	104	107
137	43	47	52	135	47	18
143	121	30	30	81	133	121
99	59	143	150	143	143	51
125	129	129	159	129	159	26
68	68	68	176	26	26	26
120	81	120	106	120	48	58
190	62	97	190	49	111	94
164	87	103	33	164	155	62
54	154	127	127	54	28	28
110	117	142	153	153	22	183
69	68	68	59	131	59	69
147	174	10	174	129	17	174
47	63	74	97	63	150	183
185	104	43	154	40	52	154
55	53	108	88	13	150	108
132	112	132	170	81	105	61
99	112	112	99	166	112	99
43	58	133	133	114	114	58
157	83	24	71	157	71	24
15	154	154	154	107	15	15
51	106	37	177	70	113	47
165	196	165	167	193	165	34
183	135	12	140	101	140	168
51	139	122	51	82	51	116
155	94	44	40	184	38	108
38	63	41	55	41	63	41
61	31	39	31	39	15	61
148	47	58	22	181	144	42
43	180	42	35	189	189	189
71	123	71	71	123	123	101
105	183	20	87	87	158	87
173	148	173	138	173	138	138
158	71	141	45	141	91	44
43	48	43	26	43	105	48
46	46	43	43	43	115	46
186	190	155	52	42	186	182
18	61	145	176	126	132	145
87	87	72	138	79	72	79
46	40	180	22	92	153	176
71	153	71	71	194	167	139
34	181	101	101	192	141	101
97	97	139	139	139	97	11
158	108	139	124	10	88	10
114	114	143	136	154	36	98
171	117	34	178	34	140	34
52	41	60	52	60	60	52
10	15	82	15	90	15	100
105	98	53	90	53	132	53
65	74	74	127	65	65	74
150	28	132	177	154	20	162
30	161	99	144	58	46	35
53	66	122	78	15	26	66
192	10	192	186	192	42	89
151	151	52	52	52	136	151
48	123	123	11	48	123	48
68	40	84	62	172	18	54
12	23	151	177	19	28	97
41	147	112	112	147	34	34
75	75	148	72	179	118	56
109	22	158	109	109	22	158
99	6	99	6	143	164	6
118	34	52	50	179	118	169
178	56	148	178	118	178	113
190	12	129	10	180	57	35
118	118	34	34	118	142	155
132	160	153	76	128	160	160
15	175	156	15	122	156	175
100	20	164	105	185	170	122
110	51	51	93	110	93	160
55	87	126	59	178	87	55
67	134	197	60	134	134	111
123	66	72	72	66	66	72
107	81	81	170	154	35	70
50	50	6	130	51	130	130
121	159	159	89	51	126	181
29	25	29	79	154	79	154
151	176	65	176	182	159	40
198	198	107	198	168	46	21
70	68	70	68	78	68	70
157	88	157	163	88	88	157
48	186	48	138	48	186	186
163	163	106	163	169	106	106
165	184	121	185	56	92	93
163	141	62	62	124	55	181
167	83	27	19	118	167	101
192	113	63	113	74	113	37
109	138	21	21	124	59	91
21	138	109	60	153	138	180
15	158	25	30	179	117	147
97	179	173	101	106	88	148
123	105	80	80	123	105	84
121	30	178	130	125	58	128
87	138	127	31	138	77	102
41	104	117	104	117	104	117
14	174	179	190	174	154	112
94	171	171	94	117	171	94
86	86	16	55	16	16	86
76	166	77	171	77	88	130
128	58	58	127	128	58	128
113	84	73	73	40	85	15
36	58	58	62	36	58	36
150	43	60	176	43	73	11
82	33	110	33	14	11	118
174	108	108	174	108	92	174
39	170	36	180	170	85	170
25	163	128	25	160	25	163
73	66	66	73	73	66	33
189	57	112	112	112	132	97
163	20	20	13	20	13	13
30	33	76	76	76	37	52
156	117	99	47	117	99	99
155	123	93	92	106	107	185
28	54	152	105	126	190	126
54	144	51	146	73	97	48
146	152	44	181	29	170	29
176	62	156	120	127	92	138
64	80	175	73	73	106	36
99	137	38	38	111	95	165
166	171	12	141	122	122	122
174	62	48	90	108	82	174
16	54	168	168	174	54	14
176	21	156	26	101	185	176
61	134	161	104	20	118	19
180	71	120	180	72	68	87
168	175	136	16	41	66	69
132	25	177	67	42	67	155
85	21	55	114	158	37	181
77	22	150	115	63	180	63
101	116	40	113	41	11	116
50	18	97	18	18	97	97
162	158	12	158	12	158	58
10	59	10	102	10	80	183
84	168	151	96	65	115	166
10	155	15	96	10	10	15
147	127	50	128	141	128	128
79	22	47	47	41	41	22
129	54	185	124	124	103	66
93	136	66	66	143	93	143
44	121	151	184	80	90	22
34	152	34	29	86	130	34
104	82	190	82	82	170	96
28	139	114	136	169	121	114
163	174	18	155	140	103	179
44	189	79	79	124	183	158
151	92	176	151	79	72	179
77	43	98	35	149	15	77
125	168	125	168	125	153	168
87	102	144	87	88	88	102
90	90	134	134	174	74	67
156	143	72	143	163	80	27
180	102	152	30	85	156	152
158	92	125	105	92	92	115
31	100	84	104	52	147	90
159	159	159	56	56	47	56
107	61	61	100	107	107	61
124	180	70	160	124	87	16
188	20	38	36	168	67	10
96	175	138	96	24	175	24
180	175	26	131	131	50	77
163	91	124	85	80	101	50
126	128	128	128	138	138	138
134	134	75	48	75	134	75
65	116	138	116	70	47	100
76	98	134	134	134	98	98
60	88	88	60	88	60	60
128	54	128	54	128	143	54
46	165	86	86	46	46	86
74	42	171	177	49	130	50
29	29	29	158	152	152	74
133	29	51	51	85	85	29
180	138	149	59	72	72	150
187	33	146	77	39	146	146
77	69	179	52	156	154	131
146	40	69	116	40	146	69
77	38	114	38	38	77	26
41	97	113	108	119	118	76
40	88	32	182	40	101	143
141	67	164	54	67	32	37
19	107	107	55	55	55	107
18	157	18	173	173	18	173
108	139	19	108	139	139	108
131	111	66	179	111	114	111
123	140	142	142	123	140	140
157	63	63	160	63	157	90
171	140	28	137	184	141	154
56	56	165	162	162	56	110
64	123	118	111	118	58	50
82	82	70	70	32	70	82
110	69	184	136	113	136	63
11	17	19	157	37	88	43
112	129	129	156	35	35	112
37	62	42	37	13	13	13
180	180	84	84	84	180	130
134	77	77	140	157	134	140
98	124	72	118	118	118	98
167	157	21	93	23	130	16
39	39	56	146	146	90	56
73	29	182	29	28	132	19
19	144	144	96	144	96	133
76	116	81	47	59	132	81
151	151	111	116	116	151	116
41	176	159	159	93	159	191
116	124	157	193	157	157	69
129	129	12	181	44	24	10
106	122	43	35	156	187	123
51	35	75	68	51	109	187
46	165	34	38	46	147	158
102	173	173	126	126	102	41
89	63	63	63	67	67	67
21	104	193	72	21	154	21
183	19	183	183	71	19	19
146	146	159	23	23	23	114
90	123	180	180	53	52	166
43	77	77	43	43	88	77
145	80	80	153	145	145	80
14	79	22	121	44	121	58
116	116	82	170	159	159	116
171	154	171	181	100	158	171
46	31	127	31	124	53	38
84	20	20	71	43	87	20
94	169	98	14	94	36	117
91	42	42	89	42	70	83
175	170	170	56	56	170	56
126	49	49	140	126	116	49
165	60	76	190	102	60	172
85	44	85	44	39	85	44
55	37	100	55	74	117	101
149	20	176	62	149	29	174
13	185	13	148	13	148	148
53	27	21	21	133	21	164
157	63	44	17	113	144	24
152	110	118	80	118	184	118
134	88	114	90	67	184	134
171	171	170	171	62	82	36
19	84	75	114	26	114	171
30	186	30	30	186	186	30
39	120	120	158	39	120	54
152	101	72	187	53	36	92
108	48	46	80	46	80	108
156	149	89	149	68	189	29
90	90	186	75	186	90	186
90	146	146	90	90	146	85
179	46	12	46	46	15	73
21	161	23	161	23	23	28
71	117	80	117	134	180	117
57	85	31	31	57	31	57
138	144	156	89	138	138	101
114	127	76	127	71	127	48
24	55	113	133	133	74	49
137	87	83	114	127	169	169
31	91	28	29	29	160	30
189	13	53	153	66	189	189
34	17	34	21	72	21	72
17	72	17	109	153	153	109
188	133	189	100	145	24	91
148	14	99	119	57	158	186
93	156	156	156	102	93	102
114	106	106	156	156	106	156
140	145	170	10	120	23	169
112	53	39	53	53	39	39
155	168	167	168	92	107	168
138	51	30	138	138	51	51
162	143	19	64	63	13	63
124	130	130	75	124	30	75
129	182	25	154	36	21	145
136	136	90	50	136	105	90
81	34	81	81	34	34	82
169	16	16	182	182	182	16
130	61	168	106	83	139	37
136	196	93	66	66	94	66
86	123	43	17	114	17	186
164	48	75	75	48	49	164
182	182	182	12	88	130	171
30	140	178	140	91	91	150
139	139	28	28	90	90	30
144	10	52	17	57	133	13
85	169	152	152	11	85	85
147	28	140	33	165	125	86
27	27	42	27	24	126	190
178	10	10	86	86	117	93
63	74	33	145	176	33	154
100	52	183	41	38	50	100
138	36	179	41	138	179	36
171	41	94	131	11	154	94
166	75	111	111	179	179	75
150	111	150	131	52	126	179
38	38	167	144	144	167	146
79	49	152	152	18	127	29
140	30	140	69	56	140	66
154	133	154	142	142	154	142
20	15	15	124	82	15	33
162	61	61	61	111	148	37
129	172	38	144	38	38	162
176	25	141	141	141	176	176
157	116	21	157	20	72	86
33	35	23	48	35	33	35
130	112	87	87	71	71	71
29	106	95	97	29	95	97
106	42	42	89	89	89	42
161	161	146	146	146	155	161
49	33	33	33	49	49	187
120	141	141	141	72	35	120
31	81	81	81	21	21	21
72	105	105	107	107	91	91
69	101	62	62	139	146	24
107	107	147	147	147	46	107
59	133	189	64	175	64	146
190	86	86	86	145	97	184
100	171	46	27	100	100	139
64	81	156	172	189	139	112
54	158	158	89	53	125	185
164	72	88	158	136	164	36
67	104	143	28	104	148	104
138	138	30	138	30	188	30
108	53	52	140	137	52	102
138	133	35	49	132	35	87
122	167	122	122	123	54	169
17	88	163	88	131	117	105
143	152	143	19	22	143	125
126	31	24	156	27	31	166
164	39	164	164	39	174	39
30	114	183	189	32	61	139
20	139	183	94	87	20	67
109	57	109	160	152	188	109
82	146	82	82	68	120	167
93	16	68	68	93	162	16
159	188	159	19	94	159	155
49	43	175	55	43	49	175
42	56	126	81	168	126	16
112	140	36	100	112	117	14
108	164	97	108	83	97	97
62	189	15	138	62	91	89
85	103	103	103	85	85	181
152	138	75	38	162	171	138
75	75	67	82	26	159	87
194	44	174	44	26	44	62
173	134	160	200	70	173	173
127	28	145	139	161	145	137
36	64	182	64	64	15	12
62	124	69	10	43	158	47
20	114	21	20	21	114	103
12	49	173	64	173	176	115
165	82	165	78	82	165	82
193	193	193	183	200	68	91
91	119	91	91	119	119	16
21	22	40	27	40	22	27
137	120	33	74	24	24	24
71	162	65	30	97	47	108
170	132	170	136	154	170	164
108	108	72	72	72	108	159
89	20	145	20	192	20	92
164	35	109	149	81	149	167
193	17	193	164	193	56	160
97	20	64	97	20	52	52
35	35	174	13	71	35	54
17	110	156	47	17	92	177
164	24	130	130	130	24	40
87	87	88	88	82	87	88
154	90	119	119	144	119	144
110	125	52	35	52	35	125
19	43	148	89	43	82	13
53	32	30	32	32	30	30
80	32	106	32	135	135	106
105	55	64	64	166	18	35
90	77	77	87	77	131	43
60	60	171	37	37	60	37
177	33	177	33	62	62	82
99	18	18	99	99	18	184
40	25	54	61	40	79	48
19	77	77	95	95	95	77
20	49	49	20	20	49	92
183	170	183	170	170	35	183
12	146	146	12	146	53	12
88	161	51	188	88	143	37
55	163	163	163	55	55	72
43	125	73	43	43	188	166
101	99	126	101	101	99	99
20	35	35	35	54	54	54
53	62	62	132	132	131	53
63	63	51	168	66	163	107
136	134	65	36	136	38	136
20	169	181	92	181	136	149
106	185	106	30	177	19	106
49	170	49	136	136	132	170
89	101	103	27	38	27	136
182	111	13	128	145	145	123
135	27	37	27	161	27	37
107	42	103	103	111	103	111
154	148	148	154	98	154	148
155	74	155	118	135	118	74
140	140	51	169	30	169	51
40	110	61	51	40	62	37
182	136	182	136	136	19	182
108	183	108	165	108	165	165
158	48	48	158	75	48	158
52	94	65	65	125	94	52
117	117	10	37	37	91	37
75	171	75	171	25	75	171
186	21	162	44	145	102	12
55	30	55	106	106	144	30
96	124	191	189	189	116	189
166	104	103	22	103	104	166
107	25	25	25	65	73	43
145	105	83	151	83	83	145
175	180	175	195	34	55	175
117	50	117	122	142	27	60
23	147	14	98	135	92	23
60	108	150	95	54	57	130
59	113	113	113	161	59	59
96	114	96	69	114	114	30
42	42	74	13	13	42	13
60	181	54	11	181	63	143
21	122	170	107	107	170	107
160	11	160	20	20	68	20
135	67	135	174	174	67	129
98	140	64	98	98	140	140
89	78	155	155	155	78	78
62	132	132	36	59	132	62
133	152	152	123	152	133	133
76	141	53	53	60	133	60
73	135	73	135	73	161	135
141	182	105	40	145	79	130
156	88	183	124	124	142	124
85	105	105	132	158	132	158
99	103	114	58	83	176	114
28	156	25	105	175	126	147
89	89	145	29	145	89	145
112	169	117	112	84	169	117
155	115	118	133	122	38	38
118	58	88	170	32	30	58
146	31	146	120	120	120	146
46	74	159	74	46	46	44
19	72	38	58	64	38	185
148	188	156	148	10	181	148
150	150	78	48	48	48	150
171	188	167	190	160	187	146
81	131	27	64	44	190	57
148	73	135	12	115	73	62
86	141	86	76	86	160	173
62	40	154	139	22	116	56
21	115	115	21	23	115	21
99	54	97	97	97	54	54
154	113	113	168	154	154	113
20	80	51	159	133	25	101
131	164	186	146	180	167	55
40	171	26	125	122	33	171
26	26	94	74	127	26	137
148	148	148	181	177	181	181
194	194	154	108	194	175	148
110	110	139	164	110	79	174
88	57	75	130	57	55	57
86	57	57	86	86	94	57
54	54	87	174	54	110	152
103	152	103	152	103	171	152
85	85	103	26	106	29	81
88	170	55	47	18	107	101
119	119	119	116	181	116	116
179	78	115	135	49	49	27
69	109	69	69	59	59	59
18	33	66	55	18	18	197
54	60	133	185	176	94	119
177	44	168	44	112	40	20
29	28	28	29	28	29	165
48	136	159	113	159	26	159
121	149	149	186	48	72	149
17	99	130	99	92	17	130
89	69	69	89	136	69	89
59	11	55	55	51	20	118
75	71	25	182	133	105	182
97	82	97	14	82	97	82
64	74	37	128	175	132	128
142	141	38	78	31	142	154
43	120	30	36	159	81	34
112	63	38	114	103	23	63
67	31	128	81	33	67	175
80	80	169	21	80	169	54
161	60	60	31	168	168	31
130	130	142	142	92	142	130
146	141	103	66	66	91	75
85	74	85	74	27	77	77
82	117	32	32	117	32	117
92	197	62	174	174	174	141
104	72	104	181	69	104	18
123	37	94	94	161	90	102
53	53	14	130	53	14	14
44	44	33	28	28	63	33
18	124	96	170	82	124	166
30	11	36	185	51	92	49
63	41	41	63	114	41	63
104	71	43	104	186	49	30
21	45	87	107	87	21	107
79	79	71	13	79	71	71
74	74	108	61	100	118	179
136	72	47	145	179	179	110
90	86	86	86	79	71	97
15	170	71	21	98	21	35
154	99	38	55	166	38	136
83	17	17	40	40	40	17
148	134	143	134	143	143	134
47	19	61	16	54	47	177
118	168	119	158	54	130	118
73	17	40	17	73	40	136
27	27	116	66	145	165	93
135	126	45	123	123	123	116
82	82	122	82	122	59	48
138	85	19	38	95	85	92
63	77	21	42	108	49	11
175	134	175	134	175	134	141
75	51	51	87	87	75	137
40	56	56	165	128	128	40
117	160	160	160	85	117	117
162	87	160	24	24	160	160
148	150	167	148	99	100	76
65	103	68	76	103	76	68
128	99	16	77	43	168	119
10	181	123	174	180	180	180
25	53	93	177	108	117	140
60	165	97	16	72	97	156
116	101	174	125	53	101	98
147	147	142	131	131	147	131
162	56	56	71	121	66	95
145	14	10	10	145	145	10
103	166	166	166	57	57	57
68	112	18	98	112	170	105
19	44	37	151	76	157	87
108	170	170	170	88	50	96
149	34	87	114	151	26	144
115	159	53	169	159	145	24
59	25	65	71	75	77	159
51	125	48	51	48	140	140
141	82	82	61	61	174	141
77	77	84	156	43	143	182
120	41	70	41	110	41	97
31	170	141	146	170	55	184
90	151	78	151	57	133	151
74	74	91	149	62	149	74
63	44	44	79	63	63	78
91	187	83	91	46	88	188
23	23	159	159	159	23	72
145	84	115	89	96	49	155
164	30	164	12	36	12	12
164	106	101	101	164	164	101
124	124	130	136	177	176	124
174	194	63	194	194	177	31
149	96	152	96	78	152	149
52	191	77	163	163	182	163
87	87	136	73	30	87	73
166	179	186	15	129	43	22
74	166	163	100	163	163	156
32	28	28	100	28	100	100
169	44	86	44	169	141	86
20	20	134	189	134	46	29
111	35	111	74	35	111	35
105	30	177	30	142	78	173
88	180	180	130	88	180	88
35	171	197	35	35	123	35
125	29	107	15	11	109	164
18	18	18	111	59	111	111
19	18	19	87	18	19	18
173	113	143	93	93	30	75
57	113	183	21	27	44	44
44	155	8	8	155	155	77
141	91	75	75	141	141	75
50	123	134	143	26	60	122
102	102	78	118	80	57	76
47	69	47	47	69	69	60
80	159	65	104	22	184	58
64	64	47	47	132	47	64
90	130	172	98	90	39	90
178	22	36	178	36	36	178
15	50	95	152	59	95	128
187	51	131	149	187	128	187
46	118	46	46	69	118	118
182	168	79	138	178	153	153
100	80	154	100	154	80	20
71	166	93	93	16	71	166
62	62	17	13	13	5	13
132	30	44	132	30	132	30
116	23	41	57	94	94	175
48	70	147	18	70	172	164
136	109	122	15	122	122	165
22	22	136	147	136	22	136
119	46	175	175	175	60	92
81	101	101	45	45	45	101
52	10	52	10	52	101	10
51	51	13	77	13	51	13
68	106	35	62	35	35	28
84	74	18	18	179	18	28
32	155	35	155	39	35	32
93	57	44	94	160	36	93
134	134	134	132	132	132	114
180	117	180	155	155	180	155
34	64	64	64	34	160	81
178	70	134	180	134	134	89
50	153	16	50	124	14	24
29	131	71	17	110	29	157
95	143	150	26	137	38	15
171	31	130	89	44	171	26
42	77	62	120	183	42	171
103	21	103	169	98	125	72
183	144	126	183	114	184	183
97	81	81	129	7	97	97
75	16	72	150	16	19	114
111	25	25	146	146	105	111
101	187	171	80	187	170	187
18	150	116	57	57	174	57
67	36	67	111	111	67	111
43	168	128	108	108	108	38
155	67	174	120	140	127	67
17	161	26	161	60	134	34
98	117	169	104	185	185	59
44	44	45	45	142	44	45
42	10	86	42	157	157	157
75	187	190	187	75	187	75
78	76	78	92	76	78	169
111	131	131	131	24	24	24
38	155	108	78	154	181	156
122	41	32	41	122	41	122
65	182	62	36	153	160	61
12	73	13	73	73	13	28
175	175	64	64	129	125	125
23	23	23	182	40	182	182
91	79	79	91	88	91	79
139	48	25	148	148	143	35
17	31	89	119	72	119	119
46	12	46	75	46	40	12
154	154	68	83	132	68	154
30	118	127	141	141	118	141
26	49	26	79	49	94	79
63	39	180	18	63	157	100
24	177	179	35	90	35	109
178	142	135	66	66	182	164
98	80	93	93	80	174	174
17	41	17	165	104	41	17
176	159	164	158	49	135	135
87	99	87	140	87	68	145
123	40	40	66	40	59	109
91	85	107	86	84	84	164
109	96	55	173	173	181	173
131	65	65	101	158	124	65
36	36	94	108	94	83	83
15	86	15	196	103	134	15
59	132	129	132	128	43	132
149	74	94	189	100	89	165
26	44	63	179	159	15	44
93	143	90	189	90	90	139
160	38	54	166	19	38	51
21	76	21	21	120	76	76
59	16	59	59	24	16	16
73	73	183	119	161	73	136
129	72	49	109	129	72	49
138	47	69	138	55	69	47
99	148	99	148	133	158	133
118	19	132	185	150	150	98
190	22	169	84	16	65	50
74	141	74	110	163	74	110
10	74	74	74	81	81	81
53	53	142	67	185	194	53
47	186	115	91	44	170	115
111	18	76	105	18	18	83
163	146	187	188	56	24	146
92	51	188	92	125	95	147
99	130	8	66	130	130	8
38	21	38	64	33	38	195
186	186	21	172	35	186	22
77	168	148	128	128	19	94
48	108	48	12	48	83	177
47	104	104	63	139	159	136
178	76	104	98	76	190	76
49	142	110	110	43	43	49
114	98	98	98	114	114	173
134	130	104	168	116	130	185
35	170	190	66	144	66	66
49	11	37	11	195	153	11
37	45	37	160	106	45	37
70	70	113	113	113	70	18
178	175	156	34	64	53	142
143	143	167	100	143	167	167
54	14	125	21	125	49	125
123	127	131	59	131	15	186
56	153	167	167	22	153	167
44	174	80	44	116	80	116
50	115	127	125	61	100	19
118	118	178	178	136	178	118
34	92	88	139	139	122	124
78	115	11	184	73	19	56
25	169	75	107	75	107	169
97	62	62	97	62	97	10
79	134	108	55	31	55	111
152	108	152	108	82	82	28
124	100	37	100	124	100	124
138	160	172	157	22	152	138
76	122	50	61	108	136	136
133	148	133	88	142	148	88
72	172	149	127	116	174	72
93	62	188	62	188	62	188
94	94	92	92	46	9	94
103	34	103	146	13	103	191
117	57	176	190	154	34	119
99	158	158	29	26	23	158
90	36	90	36	86	21	90
52	54	10	169	169	62	96
97	11	97	19	18	97	200
113	64	64	64	66	113	113
17	79	17	79	17	79	115
129	134	62	140	173	113	173
74	114	114	30	157	189	114
62	14	157	28	146	62	21
144	144	11	144	11	190	11
82	89	89	82	82	89	20
59	59	50	167	62	62	167
120	160	22	74	49	125	143
189	136	82	70	73	60	73
75	64	126	75	83	53	40
109	84	84	120	84	109	109
82	136	122	136	156	136	128
62	62	62	187	187	187	181
50	50	19	122	77	50	28
11	117	67	95	11	160	11
31	83	122	83	31	83	31
155	177	144	111	144	177	111
154	153	48	153	117	19	141
138	115	162	115	155	138	138
83	23	175	66	40	23	22
72	72	83	25	72	166	98
152	133	84	168	168	168	30
42	20	111	20	85	42	42
151	160	151	160	144	160	151
105	94	91	39	17	17	66
66	28	185	28	145	156	130
143	112	112	112	110	154	138
175	46	46	155	35	155	35
124	124	43	43	43	124	79
92	87	112	151	126	114	60
34	119	119	34	34	119	43
181	83	69	181	181	69	69
90	87	87	90	87	90	99
109	150	85	45	173	176	133
59	56	127	142	73	132	182
97	153	94	88	93	115	117
136	136	168	140	168	168	136
39	146	146	146	39	39	114
152	156	50	119	28	71	156
90	90	90	116	116	124	116
41	25	98	98	126	98	64
84	117	83	64	20	136	184
60	110	74	50	110	92	154
145	17	17	145	17	145	52
17	154	18	130	148	17	61
34	116	171	31	113	70	31
154	158	108	158	154	154	158
40	170	144	14	170	117	84
14	44	129	45	186	129	184
66	124	164	60	124	66	164
118	181	101	181	163	13	105
152	59	180	24	59	130	59
90	68	68	142	135	68	60
108	59	108	170	133	108	105
143	143	19	23	23	23	143
114	114	183	141	114	59	118
64	77	77	64	133	77	64
48	80	142	106	106	48	80
77	187	84	185	183	89	147
111	67	90	105	187	92	187
33	69	33	69	69	33	99
156	125	173	107	173	107	156
76	132	98	132	77	77	77
21	86	86	21	8	31	21
97	97	97	132	40	89	135
117	167	94	167	167	94	94
125	189	189	60	60	60	189
112	123	89	123	123	49	139
173	185	56	136	120	152	120
13	107	107	107	44	179	153
142	173	187	64	184	173	28
25	56	42	54	24	24	18
143	161	28	161	28	28	161
110	110	18	18	97	28	97
144	28	101	101	144	144	101
38	38	54	28	149	132	116
97	70	70	22	77	70	51
106	67	106	67	106	143	67
173	133	180	173	180	180	173
140	85	24	87	80	87	103
101	109	63	182	113	113	181
36	186	65	174	66	22	36
63	51	51	18	63	51	63
176	169	169	169	176	176	65
190	23	16	80	16	160	74
133	65	65	133	104	133	65
66	39	66	77	135	135	77
48	149	124	149	48	125	149
84	163	163	90	160	160	84
34	112	53	101	101	44	72
15	15	18	15	18	18	180
61	61	99	46	111	46	46
30	22	100	92	170	18	170
31	138	46	34	86	171	167
19	40	175	165	103	128	175
61	144	61	53	144	61	144
142	104	105	168	142	90	142
165	90	91	126	118	161	161
170	192	147	136	125	147	147
87	57	95	57	134	95	87
149	18	149	67	18	140	140
137	146	149	26	155	13	149
31	155	177	173	150	177	149
35	116	41	41	59	116	41
37	18	37	60	60	37	60
29	75	189	186	82	48	29
190	56	95	169	119	136	169
62	103	112	34	144	34	34
136	109	119	132	128	167	29
15	169	95	136	52	54	11
94	173	86	173	169	182	173
185	185	121	62	185	172	18
171	147	83	147	171	93	93
104	168	22	104	104	60	168
148	70	135	135	135	178	157
96	109	96	96	109	109	188
63	165	19	57	20	165	147
133	133	133	33	195	113	27
64	145	145	61	197	102	145
57	178	78	174	174	174	91
138	23	32	152	32	140	170
104	104	65	84	180	118	42
176	134	175	35	164	12	33
30	72	30	72	72	30	18
144	8	8	168	168	21	168
128	97	73	137	115	97	178
89	145	145	74	74	145	74
41	94	26	100	161	138	174
84	17	84	47	17	125	114
22	92	23	62	62	185	79
63	125	116	109	16	16	16
29	103	140	140	28	150	147
114	114	114	124	22	22	114
43	114	123	119	72	119	71
130	162	95	130	178	95	178
172	81	49	70	79	98	135
163	118	22	43	106	179	22
153	51	26	175	49	154	51
44	34	34	44	34	44	74
188	14	67	198	169	67	67
80	130	103	80	130	103	169
170	170	139	94	139	114	170
97	101	97	82	82	82	97
138	38	155	11	71	113	112
53	30	137	28	18	137	36
153	71	153	179	109	153	170
181	42	163	114	163	50	21
123	158	158	161	161	158	161
31	48	48	157	172	41	48
100	169	31	35	23	137	190
71	59	59	59	71	71	149
164	81	112	72	183	39	184
141	112	150	39	129	148	141
72	72	111	82	166	72	91
74	29	29	92	92	171	171
131	38	136	136	45	136	186
163	184	64	67	80	85	183
118	99	118	131	99	118	99
155	155	98	98	98	159	155
54	54	43	43	160	90	160
163	163	163	29	121	29	107
84	106	106	160	30	68	111
39	131	144	75	131	65	75
161	53	99	49	128	161	161
39	131	90	148	39	90	131
42	82	27	82	42	67	82
129	68	119	119	146	129	68
6	155	155	33	6	143	6
77	158	77	173	136	77	91
184	23	93	144	166	166	188
122	156	180	19	122	156	19
33	99	126	80	55	73	73
20	106	110	78	106	110	20
79	30	166	49	86	166	83
14	164	67	104	14	14	164
167	167	167	150	150	150	142
82	104	109	144	90	142	154
145	147	147	100	156	102	147
64	64	24	24	98	98	24
69	73	69	12	69	12	12
60	23	172	69	153	103	20
49	189	19	45	56	98	96
144	141	88	28	47	47	47
186	15	181	181	128	164	181
166	154	180	129	140	37	154
168	86	86	117	86	168	168
112	112	149	149	112	59	149
53	53	39	93	53	39	39
194	137	96	165	165	165	189
129	133	52	129	156	52	52
48	121	10	166	109	114	48
148	46	46	156	46	148	148
170	33	170	63	40	63	40
162	158	121	158	117	117	121
188	49	14	174	114	85	146
198	70	198	198	200	179	88
125	59	164	176	15	66	125
13	95	13	95	113	95	13
43	134	43	132	132	174	174
148	26	173	195	26	22	26
60	169	169	64	64	169	158
51	89	89	91	19	54	100
54	39	80	80	87	84	80
145	86	145	79	79	79	145
108	108	63	157	83	155	148
21	179	59	21	59	165	179
43	173	32	65	32	178	81
41	139	43	41	115	115	115
60	176	140	52	140	159	108
88	91	91	86	88	33	33
106	14	14	175	138	14	167
99	180	118	154	111	154	155
140	181	181	181	140	140	85
132	152	132	152	132	152	61
58	195	106	58	39	95	58
150	68	10	45	46	63	169
81	186	90	131	186	31	42
60	83	71	124	166	66	21
84	42	17	17	42	28	28
115	75	75	18	18	66	18
22	138	51	22	167	166	46
12	30	108	30	196	77	30
20	20	31	31	172	20	31
155	176	155	176	172	176	155
57	136	57	160	136	57	136
61	189	47	47	30	162	73
63	19	129	19	63	19	63
90	45	49	45	90	90	45
27	97	115	100	145	35	54
99	140	99	140	171	140	62
107	143	170	107	36	170	36
150	117	186	60	162	133	24
67	72	72	72	123	67	74
136	136	83	47	50	83	47
63	63	20	93	93	63	93
177	119	153	153	71	113	138
156	19	84	29	93	77	93
91	66	66	91	66	91	102
77	151	38	56	148	56	56
171	181	181	89	86	119	57
122	159	122	159	122	93	159
166	158	158	116	166	158	166
21	98	20	19	64	64	89
114	48	19	48	19	48	19
121	141	75	185	95	76	92
163	19	163	162	19	19	163
43	173	153	24	177	74	153
118	82	133	133	118	82	28
37	47	147	47	47	147	147
129	169	74	165	109	74	11
12	36	76	109	112	12	186
175	84	35	36	92	162	162
99	49	49	120	125	95	49
70	146	70	70	104	104	104
167	83	136	167	136	136	167
113	150	113	150	113	150	80
95	141	89	112	119	49	35
24	58	192	192	192	31	34
84	89	169	169	169	89	89
129	158	99	108	88	60	58
190	89	157	107	181	12	107
69	107	69	149	107	179	179
59	32	197	156	93	59	59
61	24	31	46	167	46	34
46	59	69	59	140	69	46
157	50	157	25	25	157	25
62	181	62	15	181	62	181
13	141	117	61	115	45	43
141	139	32	158	149	106	69
10	71	199	22	22	22	99
152	152	46	150	170	170	46
40	33	52	138	83	140	102
32	188	139	182	173	114	151
175	89	75	75	114	175	89
77	106	55	52	78	106	147
64	44	21	54	97	21	21
106	17	179	22	33	26	188
133	111	111	111	197	175	179
89	54	164	30	36	36	64
103	122	103	170	170	47	122
37	151	151	15	127	37	15
119	107	119	144	51	119	51
70	144	185	79	144	144	63
43	142	15	66	126	108	141
82	189	189	82	82	189	162
45	86	86	86	45	33	45
28	64	101	60	64	60	60
57	63	63	158	154	166	62
80	123	123	59	123	130	172
43	188	188	153	153	188	153
155	161	18	122	112	158	161
131	116	74	53	15	140	63
39	76	182	177	163	166	39
60	60	104	94	94	104	109
92	91	183	108	165	69	168
106	132	12	57	63	63	97
80	160	125	46	20	30	143
162	162	162	90	99	29	10
92	13	65	115	146	146	146
53	111	16	128	115	174	111
167	158	73	183	131	183	84
17	55	170	55	55	91	17
124	70	121	146	85	109	14
135	106	106	34	135	135	106
113	154	126	75	75	75	13
67	181	75	121	88	55	55
66	165	186	165	165	146	75
88	88	35	35	35	88	155
100	24	49	143	119	135	156
42	134	146	134	42	146	142
136	53	44	52	52	62	65
22	51	112	72	58	22	182
170	182	170	170	182	182	100
131	43	30	162	108	163	15
144	61	130	61	175	107	31
175	137	137	175	181	175	137
161	89	128	128	103	89	128
15	171	125	140	140	140	176
11	61	11	17	161	11	17
168	75	197	75	134	91	75
131	143	112	112	174	106	176
187	121	32	187	174	187	191
129	129	78	129	67	78	78
17	19	18	15	63	79	63
94	94	115	122	122	115	45
173	184	161	60	49	161	80
137	121	166	121	121	27	190
100	34	135	78	135	80	135
98	89	151	21	151	151	139
16	151	16	151	151	121	16
115	84	152	162	39	152	159
171	80	109	15	47	116	136
169	105	96	180	96	20	107
101	12	12	12	101	125	13
102	92	102	56	102	56	56
150	32	87	32	87	32	87
149	115	174	149	48	31	149
146	34	128	162	69	173	35
193	92	113	113	26	113	162
146	116	145	116	34	146	34
142	67	15	61	178	178	178
25	119	177	160	190	69	190
182	134	182	91	64	30	182
141	141	77	141	114	120	156
123	29	123	123	117	117	117
85	40	168	24	87	87	87
185	112	65	112	44	67	35
50	19	50	48	166	66	104
47	87	156	87	87	156	156
135	158	113	135	113	113	135
107	19	177	177	96	33	177
166	91	166	75	158	91	75
151	63	121	174	149	121	43
63	102	30	64	51	121	114
168	23	193	193	63	193	82
102	15	87	15	15	87	87
66	66	89	133	36	181	74
49	57	49	57	186	49	57
38	15	38	10	15	15	38
171	111	170	29	184	171	126
196	63	160	196	133	69	196
54	98	112	104	78	170	54
40	178	75	178	178	40	40
42	58	58	42	42	139	58
162	107	35	162	88	73	49
13	183	13	61	158	40	87
40	81	86	86	81	81	86
164	158	158	25	164	174	25
72	134	60	84	60	60	79
166	29	134	166	107	149	157
159	93	165	75	175	165	165
134	99	146	159	127	127	95
26	83	130	130	83	130	83
111	138	182	147	183	147	147
89	97	27	27	27	97	70
46	114	164	114	68	114	176
72	143	100	74	74	161	74
118	91	159	118	169	159	169
181	186	186	87	74	53	159
112	30	176	109	176	176	83
16	10	16	16	30	10	10
179	149	119	89	179	179	127
85	45	189	47	35	115	35
40	40	128	129	129	40	129
100	50	42	42	42	50	50
67	42	153	67	73	73	153
33	33	33	139	161	139	139
26	105	116	155	21	101	29
88	31	169	166	31	166	53
171	161	146	155	54	128	146
107	27	129	148	27	27	200
60	125	160	60	60	72	72
156	156	43	117	117	156	117
34	67	55	55	68	68	34
150	69	69	69	30	104	48
130	111	158	136	96	147	59
27	117	27	117	117	58	16
90	131	108	108	90	131	90
186	95	186	186	134	134	134
14	163	163	163	14	148	14
78	166	87	166	98	87	98
16	31	101	130	104	139	139
149	42	132	90	42	42	44
109	152	10	163	176	12	109
136	117	117	51	117	51	51
189	118	185	185	191	156	185
65	131	37	37	132	37	30
51	37	184	178	38	138	83
29	15	30	103	123	30	141
93	60	123	60	60	93	93
82	174	81	164	141	21	174
47	114	138	84	84	172	174
60	20	106	60	60	65	40
68	68	14	169	14	139	14
122	113	76	75	122	76	75
112	143	112	112	143	128	143
73	62	110	62	62	110	110
114	171	173	48	173	121	41
187	181	186	144	31	110	120
61	186	160	184	173	18	18
20	78	165	129	27	133	35
155	14	92	159	159	161	149
48	133	89	169	44	54	133
99	107	107	99	107	99	121
69	43	69	69	43	43	109
60	126	60	192	48	49	60
33	150	36	30	166	30	47
105	200	105	105	31	119	74
77	39	89	160	160	77	39
167	167	127	22	127	127	167
183	123	35	35	183	35	183
150	162	79	79	150	150	152
102	188	107	58	35	36	154
35	80	32	80	165	80	125
177	74	62	89	62	62	158
70	188	61	70	70	188	188
33	168	168	94	157	71	168
28	113	28	161	28	161	161
172	45	92	40	30	156	45
61	172	150	44	70	63	68
93	139	139	93	153	130	93
27	37	140	92	46	49	35
125	78	54	16	92	127	114
78	37	181	100	140	105	165
46	86	35	139	129	35	155
18	67	123	18	46	67	46
23	12	109	12	109	12	109
145	116	116	57	116	145	145
191	191	50	34	191	114	98
165	157	105	105	105	157	157
15	142	154	154	15	81	81
10	10	30	95	95	60	23
36	18	18	36	169	18	100
136	32	36	22	138	36	104
105	66	59	49	30	60	16
39	173	39	173	41	75	75
150	104	67	175	45	159	104
22	111	111	97	188	62	153
93	190	190	190	125	93	93
187	148	91	174	44	60	153
82	70	93	65	127	149	80
96	96	50	158	158	50	25
175	98	81	126	147	110	175
147	64	147	64	64	147	146
54	181	109	30	94	161	75
185	185	154	185	154	154	185
71	170	118	104	79	16	17
183	52	46	43	73	64	43
46	27	142	140	33	105	61
119	75	153	75	153	119	126
145	145	99	145	99	99	146
17	113	113	153	111	186	150
112	47	96	38	89	47	115
174	157	174	14	174	19	50
94	160	60	168	126	169	45
169	151	174	25	34	148	45
95	95	95	107	13	13	126
28	114	78	117	78	23	39
35	165	35	35	135	31	178
81	43	43	22	22	97	81
33	44	44	178	168	176	44
28	65	145	150	131	142	71
72	138	138	138	72	72	11
79	87	84	87	39	127	137
58	106	32	68	128	161	128
150	136	133	22	100	136	136
96	166	75	75	101	28	75
67	184	74	172	112	10	180
16	172	172	142	172	142	142
157	43	62	62	126	62	34
19	107	55	78	188	99	41
17	75	102	133	155	109	155
16	52	52	108	52	16	16
52	20	80	158	52	18	120
165	17	107	135	41	187	87
53	53	136	23	14	125	53
140	111	120	140	140	120	120
127	131	135	49	182	125	57
178	178	158	111	158	178	158
131	131	31	131	116	136	31
120	130	147	114	130	168	132
117	162	21	117	162	162	117
23	39	39	185	39	185	185
63	82	101	50	11	67	175
173	51	118	82	118	118	92
40	13	84	10	25	162	13
155	79	168	117	79	79	188
176	190	197	80	197	197	131
69	69	128	128	14	128	69
117	164	84	117	84	84	117
118	118	14	163	118	100	170
105	175	175	105	67	72	67
72	160	144	160	191	95	160
52	138	65	65	52	65	52
53	47	50	169	142	134	47
90	90	157	49	152	37	112
132	158	99	176	167	172	172
76	76	11	76	45	11	13
45	74	62	15	29	127	32
133	123	97	97	97	6	123
169	154	19	19	46	162	138
118	87	71	87	66	138	168
66	140	132	167	167	141	62
170	151	146	99	14	92	146
178	181	190	35	132	25	178
73	102	174	174	92	44	139
181	38	70	46	70	51	20
88	179	179	179	198	42	115
59	183	183	73	132	134	40
100	86	130	86	141	15	169
151	76	137	48	137	187	66
75	14	110	75	38	177	73
181	84	181	181	84	142	84
40	153	11	148	179	158	117
159	161	176	126	126	176	161
146	146	53	53	53	108	146
45	49	5	49	49	45	139
33	172	169	176	117	176	10
160	98	101	107	115	119	47
182	121	60	60	51	186	96
55	78	57	78	12	57	57
145	36	114	145	145	47	157
18	61	166	179	160	120	160
157	94	94	94	157	64	157
179	187	141	113	103	138	141
158	130	40	124	88	32	95
134	21	134	83	21	21	134
11	15	72	11	15	11	15
80	55	95	84	135	170	102
37	54	134	57	134	125	134
56	179	168	111	21	55	66
138	35	35	39	39	39	39
129	129	146	146	146	163	129
92	130	183	36	71	166	36
148	148	130	130	130	148	102
160	160	71	71	51	71	113
67	45	166	46	69	46	126
13	13	183	13	99	99	99
105	102	105	96	102	102	105
17	17	12	107	107	107	148
15	121	46	46	24	121	15
118	6	108	7	6	7	6
19	162	52	90	52	136	52
163	174	146	43	120	96	43
168	146	119	10	168	168	188
70	177	177	100	60	107	175
84	84	171	106	36	91	148
164	77	197	164	36	193	164
95	95	131	162	106	106	131
172	151	77	151	77	172	61
115	57	102	82	102	102	154
39	103	112	112	35	42	182
182	163	56	11	115	156	131
131	84	113	131	77	77	113
59	59	165	18	59	181	31
181	43	151	44	136	136	59
143	35	156	91	168	170	170
123	116	19	197	102	197	197
42	120	73	42	132	120	73
162	138	46	138	162	46	96
170	104	170	114	114	63	114
15	15	15	135	135	177	135
79	79	81	169	79	120	181
44	148	44	44	129	51	189
55	55	21	41	21	107	21
167	111	135	76	37	89	125
111	84	112	32	177	111	143
186	93	95	93	93	186	186
141	78	78	78	161	126	145
12	67	152	12	67	12	67
26	15	98	165	26	84	173
123	140	140	140	60	33	77
143	43	43	88	143	43	143
141	134	12	36	187	134	79
173	173	158	158	173	136	158
181	158	158	91	12	19	46
89	73	176	89	73	134	176
32	37	32	32	29	57	55
146	170	97	177	114	126	170
190	56	82	56	56	186	19
86	82	82	86	86	82	46
100	100	140	19	19	133	100
29	189	189	139	19	160	139
100	105	100	83	100	178	194
42	42	96	96	16	94	16
12	41	127	10	166	33	126
198	157	117	75	152	198	198
165	165	113	140	165	113	113
23	72	50	152	124	11	38
148	166	78	109	176	162	113
151	187	104	93	165	30	30
122	187	22	175	130	11	178
144	26	87	193	144	144	163
107	43	50	43	121	121	107
121	61	97	121	97	61	146
70	162	102	162	162	102	102
151	151	87	136	78	87	78
76	112	93	83	28	101	76
120	184	70	113	184	129	122
105	132	105	83	132	105	132
133	190	142	118	28	85	69
121	11	121	11	11	99	121
83	115	19	17	115	11	23
169	16	41	169	48	80	162
166	61	166	61	44	44	72
130	156	136	158	102	31	68
180	38	58	46	22	51	187
46	94	94	46	46	94	63
43	68	188	167	114	68	43
73	105	73	105	35	73	105
141	52	52	60	134	114	138
165	148	148	52	165	94	165
126	46	89	89	46	46	89
21	102	21	102	27	81	81
11	11	165	7	72	7	7
145	77	182	145	145	77	77
105	68	105	68	168	82	82
67	67	15	146	146	67	122
30	21	21	84	21	84	84
152	56	40	154	15	40	40
59	92	92	147	92	147	147
173	81	51	51	173	180	180
85	162	98	162	167	157	82
76	33	46	125	154	125	15
151	151	195	74	41	20	151
108	152	139	152	57	139	152
125	156	105	34	33	12	176
140	147	147	140	140	147	83
94	63	43	104	171	171	147
31	32	69	113	139	73	31
186	120	120	110	38	120	20
15	108	52	117	52	55	52
91	91	127	41	91	32	152
105	110	25	110	16	63	124
25	25	25	155	155	98	155
71	90	195	90	74	20	90
145	131	111	60	164	79	125
48	54	32	54	179	130	49
136	136	136	41	41	89	41
107	84	50	50	107	107	50
158	112	19	158	183	158	43
82	42	46	170	141	36	63
69	65	69	69	163	131	162
179	179	166	136	75	142	179
124	170	168	35	35	77	161
26	93	83	93	83	83	93
14	46	138	127	53	14	168
80	65	80	137	80	137	137
130	108	28	28	28	20	179
74	102	102	143	16	190	76
120	145	81	169	49	153	87
86	132	101	101	101	132	132
143	50	50	185	50	28	167
75	167	161	140	13	62	32
94	106	156	94	94	156	156
36	167	39	167	36	40	39
19	55	19	61	126	61	55
88	167	88	167	78	167	88
106	72	106	31	136	125	109
100	87	100	36	141	188	132
52	37	125	52	37	179	125
21	100	128	159	112	179	98
93	182	182	28	28	182	28
100	50	74	171	107	137	62
119	119	52	52	173	52	119
33	33	33	93	123	123	123
182	150	182	182	44	45	44
84	36	148	36	84	84	36
104	171	98	52	14	66	76
112	161	140	31	112	112	194
98	98	98	124	141	141	141
45	94	58	60	45	45	106
59	161	59	161	83	161	59
89	89	111	33	89	81	81
72	71	112	71	76	71	139
65	178	182	57	138	57	108
155	164	164	176	147	155	147
72	121	72	166	82	78	121
94	162	144	100	144	83	124
14	137	137	145	165	137	14
51	51	158	158	145	158	51
159	56	162	180	14	73	124
16	120	117	42	22	31	58
183	183	122	97	122	183	122
103	157	157	113	153	103	157
161	181	28	28	20	117	117
11	144	166	86	76	86	69
55	143	37	55	37	55	37
189	164	26	16	77	142	77
34	42	34	111	34	141	171
102	102	24	11	11	27	102
85	121	121	175	52	91	29
15	21	154	63	71	78	57
81	81	67	138	152	81	159
162	162	177	170	177	162	177
73	187	73	187	187	44	73
163	49	152	55	118	118	138
136	134	45	45	45	63	106
127	27	20	127	127	27	27
154	48	83	22	22	48	22
168	179	168	168	49	49	49
69	27	105	105	69	24	27
62	171	51	104	112	45	104
161	161	116	161	161	161	161
115	132	116	116	115	115	116
191	143	143	143	15	52	156
128	74	18	181	81	181	181
163	189	163	163	189	189	157
30	85	30	161	85	173	161
24	130	136	50	69	102	165
13	13	13	77	77	77	77
189	138	163	145	166	188	56
185	146	65	175	140	17	90
84	66	89	89	45	105	89
164	157	88	69	118	48	75
48	58	171	48	48	171	171
114	60	149	149	114	149	114
61	100	153	153	61	153	61
21	83	21	157	83	83	21
39	79	74	79	154	79	39
142	20	20	146	146	146	20
106	189	106	189	106	95	189
180	182	63	182	182	63	63
30	30	27	30	27	20	27
69	68	68	126	182	68	144
57	139	143	139	57	57	139
121	121	121	191	184	153	72
132	78	136	131	131	132	78
40	40	40	30	30	80	30
11	54	11	33	14	14	33
62	84	145	164	84	117	132
169	120	111	169	169	186	128
150	170	161	150	161	161	150
187	108	118	12	97	86	44
139	155	188	139	139	100	197
105	105	177	177	177	105	157
175	173	64	64	72	183	185
43	99	99	99	43	138	43
36	104	133	131	176	82	131
72	76	66	32	76	32	66
172	174	32	32	32	172	172
14	40	14	98	177	14	59
65	114	114	65	114	65	139
48	85	48	48	85	85	160
34	189	63	49	49	49	129
73	35	40	73	73	70	13
57	57	172	41	167	83	57
51	179	54	126	106	109	28
103	104	93	104	93	93	104
56	96	56	96	96	63	56
46	46	143	46	143	143	40
76	75	82	82	75	75	82
94	150	179	77	190	150	39
71	149	71	71	149	87	87
137	67	94	78	100	177	177
54	59	16	16	144	24	16
65	168	65	49	49	168	98
76	64	127	105	31	122	80
38	16	32	78	132	124	33
96	40	40	98	98	40	98
120	120	42	122	120	190	148
186	39	188	115	89	147	62
54	86	92	92	86	86	92
32	154	135	142	66	127	171
155	90	63	150	24	90	129
184	197	127	128	127	69	127
110	139	133	115	115	115	167
195	101	124	126	101	101	109
109	86	152	14	70	70	70
60	60	107	68	20	148	153
56	174	56	63	56	66	20
82	128	140	35	82	86	82
109	140	135	140	139	140	139
111	84	95	111	133	191	111
6	101	101	150	92	92	92
150	115	150	97	57	32	150
150	172	96	150	86	88	96
16	34	16	134	134	134	16
97	175	32	32	175	175	32
147	77	77	77	95	147	147
34	95	27	165	151	165	171
31	28	47	20	41	64	128
43	135	120	120	43	43	120
80	31	132	132	11	110	115
102	102	71	102	71	71	118
65	173	93	173	65	65	173
65	15	15	15	137	137	137
164	21	200	200	200	18	37
189	189	140	174	127	85	189
161	164	43	81	50	81	104
150	132	178	43	61	139	178
118	125	141	85	131	157	125
187	172	187	170	40	132	44
74	74	139	56	74	74	56
123	89	141	164	60	137	148
64	37	55	118	84	38	140
164	164	86	16	164	86	86
138	175	102	175	138	166	102
122	174	47	47	174	106	122
93	93	93	93	93	21	93
71	156	156	71	164	71	156
44	188	188	90	115	105	188
35	50	119	183	10	48	82
118	81	83	174	70	65	65
178	92	111	92	92	174	137
78	107	21	107	134	107	78
187	166	51	39	118	187	164
51	104	51	156	100	100	156
113	41	101	118	101	41	118
84	53	51	84	155	84	112
137	79	79	19	19	79	19
146	68	68	136	180	170	185
19	55	70	64	72	55	165
20	199	50	20	20	173	145
15	15	160	15	160	139	160
134	134	150	189	43	119	92
110	24	110	50	89	110	112
63	77	56	162	183	154	66
40	144	40	82	89	82	144
102	131	87	24	131	110	134
129	79	71	142	166	142	142
50	170	80	170	170	156	93
59	60	147	55	87	88	147
21	43	63	21	21	79	109
87	128	55	87	26	159	37
115	115	85	166	115	85	85
179	86	55	86	86	132	150
37	102	166	37	182	181	37
185	51	97	109	109	15	98
159	123	101	11	68	116	123
33	58	58	58	59	148	98
43	43	115	70	43	115	115
172	172	25	183	107	36	162
40	40	51	63	51	155	63
25	91	169	109	84	132	169
22	122	82	150	104	136	169
37	37	37	62	106	62	62
39	145	153	111	25	25	107
143	49	165	179	143	51	18
109	68	68	118	118	118	68
177	104	123	49	177	156	24
137	91	119	44	91	119	137
18	105	96	68	46	28	105
64	81	31	126	81	95	102
74	134	56	19	113	86	190
115	94	71	115	115	71	71
116	175	106	175	134	105	175
19	19	178	19	178	135	178
90	120	120	90	138	96	96
23	120	120	85	85	23	69
84	188	146	134	38	36	38
33	33	98	155	153	82	33
135	139	70	172	70	32	70
164	89	38	38	79	89	79
38	146	53	29	53	117	53
29	184	188	184	184	29	29
43	53	80	138	80	179	169
148	27	34	77	27	34	62
80	29	59	59	59	29	29
175	128	175	95	55	119	175
55	64	126	72	95	42	140
42	58	44	60	35	117	42
134	25	129	123	151	51	151
27	165	57	138	147	116	116
129	97	97	32	97	32	32
121	121	14	121	14	139	14
59	42	142	146	81	171	29
151	151	79	33	79	125	33
118	15	15	20	20	20	10
25	15	118	25	137	164	25
12	170	43	175	14	175	18
54	125	54	116	54	81	125
22	55	14	85	20	20	20
95	98	114	112	63	41	168
119	56	119	18	18	83	56
119	25	86	86	86	106	44
31	177	75	31	31	20	79
101	172	114	62	86	86	86
190	128	15	15	15	128	128
15	158	136	15	136	15	136
69	141	69	141	156	69	141
73	129	22	22	22	108	188
109	155	75	70	167	167	47
52	127	30	151	28	133	124
137	137	17	134	17	137	17
73	181	36	110	18	104	99
79	160	160	181	34	160	39
157	157	13	13	187	157	13
125	19	166	144	144	22	180
54	95	137	45	137	69	73
59	41	125	40	59	59	109
184	66	108	184	125	79	69
55	79	170	15	79	79	170
179	94	116	94	160	28	176
107	189	33	141	137	95	57
23	79	120	79	114	156	120
10	171	160	10	10	171	171
176	46	46	176	24	46	176
187	141	185	185	185	187	187
37	182	182	182	64	172	171
79	64	126	169	64	126	64
39	112	17	184	112	97	15
60	116	26	42	69	69	81
93	118	67	118	118	55	97
125	52	125	52	52	125	107
63	50	172	183	45	50	50
172	161	110	126	110	109	33
85	36	36	36	85	85	33
97	109	123	108	74	108	74
45	33	33	45	97	33	45
167	133	78	78	133	78	78
178	178	88	178	26	26	26
21	66	21	111	49	100	45
119	172	29	172	119	105	105
167	113	58	113	187	113	45
76	16	127	76	76	100	60
10	10	139	10	54	54	54
195	107	191	107	107	23	65
55	68	55	132	54	69	119
41	22	46	69	186	21	134
33	10	146	146	88	167	79
44	31	153	157	148	157	80
127	161	127	157	157	157	127
67	169	181	166	49	49	49
119	183	50	119	19	74	169
15	15	86	86	86	15	156
119	50	50	147	119	42	119
111	66	54	66	66	186	13
46	173	51	177	140	137	43
157	144	23	96	188	23	72
124	50	108	82	108	50	108
36	36	82	82	36	123	82
146	65	49	173	173	39	24
165	138	165	135	165	135	135
23	23	84	46	162	84	46
81	30	30	144	144	60	81
163	80	175	39	175	163	39
103	104	133	133	107	58	133
96	130	41	41	96	41	96
88	138	124	102	181	44	141
75	110	46	110	110	75	75
174	26	11	58	91	172	10
36	148	82	45	126	125	172
83	134	134	134	83	83	124
180	180	163	97	172	180	25
30	30	34	153	30	80	66
132	45	81	146	23	45	161
55	98	121	28	156	175	100
118	171	118	98	21	180	12
172	94	138	187	94	178	120
147	154	147	164	24	180	147
81	128	163	81	103	56	149
10	175	111	17	49	62	19
133	19	21	21	133	133	21
23	186	23	34	172	26	38
30	30	68	77	30	77	77
189	77	77	86	77	189	189
135	79	184	122	56	122	116
185	156	154	93	62	47	156
30	161	161	116	161	116	55
115	131	140	115	106	115	115
170	102	170	102	130	130	114
51	113	88	88	88	51	51
146	178	171	127	49	182	130
64	26	49	99	94	114	31
106	143	88	148	165	100	143
41	33	157	145	41	153	79
95	35	95	96	65	133	62
101	128	101	63	34	34	34
197	172	172	172	115	141	98
185	173	38	31	115	173	72
87	62	88	177	87	88	62
39	39	89	39	89	89	90
73	72	12	73	73	19	131
100	178	100	178	70	178	100
49	177	90	36	143	29	70
129	153	120	28	29	111	82
168	131	19	19	72	86	19
154	25	165	24	68	178	95
89	194	194	89	26	194	52
114	102	74	43	140	43	41
117	60	130	117	130	149	60
62	144	54	50	50	148	50
141	113	18	113	113	141	141
87	178	34	178	34	178	34
62	119	54	156	86	38	20
116	111	116	111	116	41	111
115	124	16	129	104	97	16
106	13	37	84	15	97	13
76	114	55	114	76	114	76
148	144	30	64	84	135	144
68	68	68	150	150	164	150
183	141	183	141	25	183	141
136	144	152	177	24	181	155
160	160	160	162	13	162	154
32	113	27	56	57	76	28
124	124	124	113	163	113	113
113	93	41	41	113	41	113
186	185	18	149	18	18	172
74	21	56	77	56	56	168
29	148	29	25	51	34	36
122	170	101	133	40	58	189
112	114	57	57	114	138	138
111	91	152	152	152	16	22
92	161	151	129	46	131	184
78	62	134	153	185	162	62
175	175	39	166	39	166	104
119	168	22	105	16	181	97
153	153	153	164	115	91	115
35	55	183	98	69	98	98
50	119	102	119	112	119	134
172	92	28	172	92	92	172
117	54	67	157	180	17	138
61	103	58	103	58	73	61
118	145	112	169	114	67	84
171	173	70	70	171	93	187
92	34	92	34	34	92	62
21	68	68	68	126	31	126
109	145	31	109	70	70	145
107	14	94	137	94	10	73
175	92	33	33	120	175	92
140	128	169	10	140	115	26
18	159	67	31	151	190	52
114	173	55	133	55	158	55
118	15	15	106	15	106	106
150	150	150	87	75	87	87
124	117	73	70	73	73	124
162	119	14	142	76	128	35
22	156	187	20	20	180	20
75	58	69	73	79	74	73
159	140	124	184	184	172	184
43	54	125	125	54	125	54
91	169	60	91	60	91	60
72	152	72	119	72	50	152
171	69	28	28	109	109	171
171	93	83	70	179	124	124
194	194	183	83	121	194	52
163	119	46	163	119	163	84
27	89	183	81	31	173	19
80	80	185	80	42	42	42
185	185	185	163	163	163	189
59	115	84	93	185	59	59
183	164	164	164	183	92	183
110	137	163	92	110	137	163
51	51	51	90	157	11	157
43	59	80	16	46	125	126
35	35	35	181	17	200	70
106	106	97	58	171	115	175
94	177	144	36	144	133	80
99	99	71	82	71	71	99
90	138	143	51	108	49	157
74	68	68	74	68	127	54
163	78	67	163	152	163	68
151	79	159	77	77	159	151
177	164	164	177	83	177	164
81	95	28	183	95	19	89
137	91	91	17	17	97	97
153	153	55	120	170	153	55
113	24	84	96	183	127	156
10	150	10	59	174	104	82
131	131	114	85	131	85	131
74	18	33	33	27	36	170
82	128	106	28	128	183	31
117	148	190	57	148	147	82
37	53	132	132	132	33	33
31	103	37	188	120	103	112
31	26	36	26	26	31	31
167	47	150	76	167	30	185
110	92	110	110	92	92	109
131	10	10	105	112	112	10
59	94	38	38	169	59	94
107	152	152	107	107	152	92
62	23	40	19	40	189	69
107	107	107	93	123	153	81
18	18	101	123	18	20	26
76	124	76	90	18	15	76
19	179	71	19	142	19	175
92	186	77	173	26	101	96
20	104	104	20	104	20	24
167	159	76	159	77	80	87
26	26	11	60	60	26	60
72	68	121	175	47	128	71
149	126	137	22	98	126	56
165	45	18	45	165	18	72
24	85	85	85	24	98	24
14	101	36	32	174	25	14
13	102	16	177	80	89	14
171	159	175	130	171	69	57
100	92	131	47	134	169	134
173	100	94	56	146	152	28
86	27	19	77	150	55	25
32	73	89	32	32	73	73
78	148	164	60	152	114	101
182	136	59	59	129	124	59
176	155	158	176	110	176	73
70	66	111	111	57	140	98
131	131	131	125	10	47	83
176	55	12	129	66	59	154
153	42	61	76	148	76	130
150	168	29	150	150	29	29
161	181	16	153	161	91	161
112	11	184	169	175	169	184
167	107	167	138	175	73	143
105	128	105	78	7	128	105
15	147	15	15	147	115	147
39	160	111	39	111	39	111
80	80	80	99	70	166	166
131	117	95	21	166	82	73
102	145	165	145	58	102	58
115	81	81	121	81	178	70
77	39	58	178	121	67	39
157	44	10	123	151	169	132
21	70	70	171	70	21	21
200	12	139	134	103	103	103
31	143	95	123	166	31	31
179	46	15	179	24	94	179
19	33	39	194	20	39	39
178	95	178	178	91	62	200
21	71	21	21	181	181	181
145	145	145	157	157	157	15
183	12	122	184	102	112	94
82	21	62	82	82	62	62
198	55	55	40	34	181	55
34	61	59	15	124	15	130
82	34	102	133	102	22	169
188	95	95	188	95	188	82
60	60	145	138	133	69	61
28	24	20	39	88	145	167
52	35	35	115	31	115	115
93	72	93	172	172	31	72
37	23	42	142	188	97	97
146	57	146	57	146	57	156
140	140	140	138	138	92	138
26	111	46	70	70	103	28
25	25	82	84	84	84	25
73	73	73	31	49	49	49
19	126	152	12	100	126	42
92	30	52	86	22	162	159
26	75	75	89	75	26	26
73	16	198	16	98	177	16
188	140	140	88	102	93	48
11	11	70	70	11	70	133
199	182	19	25	182	147	182
87	116	116	149	87	116	87
119	58	79	15	119	119	119
167	122	38	143	61	100	63
75	88	26	41	41	88	26
133	72	72	92	92	92	72
62	62	81	62	17	81	35
162	11	144	14	82	179	53
180	174	177	188	180	103	187
93	121	157	93	54	157	54
181	34	136	34	181	181	34
186	74	74	74	90	186	186
28	92	108	92	69	171	140
151	151	22	20	11	163	136
87	147	47	47	147	47	147
168	80	80	49	168	168	146
123	116	90	171	176	142	136
136	146	146	136	146	136	99
37	37	53	145	53	37	53
141	127	169	169	22	103	51
155	64	87	130	28	164	85
95	129	95	93	93	120	120
157	85	157	111	85	157	85
19	189	153	135	58	153	153
184	184	31	31	108	31	184
160	131	130	164	113	34	109
20	77	22	77	77	144	78
136	136	116	69	136	172	87
20	15	64	15	16	64	20
169	169	146	30	68	30	146
31	45	135	45	135	45	135
98	98	156	104	104	104	108
153	59	59	140	16	151	59
82	131	11	108	108	140	86
23	69	23	136	23	104	69
153	117	176	146	40	146	146
18	18	55	138	18	157	168
116	161	116	161	161	55	116
117	130	83	104	130	78	130
97	83	136	164	161	49	164
98	46	167	140	168	98	62
107	60	60	107	60	137	107
62	61	62	14	61	83	61
130	181	130	130	21	71	54
56	138	187	91	148	169	110
184	107	160	110	80	126	126
74	137	74	17	87	137	137
67	15	67	15	15	67	67
17	136	22	106	153	184	174
164	163	92	79	79	164	163
126	31	128	126	28	28	31
33	65	33	52	33	65	127
89	131	131	162	148	148	131
119	113	81	175	159	175	95
37	117	177	104	117	104	37
83	113	52	52	33	173	33
58	58	110	163	163	58	163
150	25	94	161	107	107	74
73	46	179	167	167	25	167
163	132	163	11	116	67	163
126	151	47	110	157	11	10
168	168	168	41	41	41	184
168	179	118	94	102	95	102
152	21	146	144	144	144	192
178	160	30	80	68	160	115
155	62	155	62	62	155	155
20	156	14	20	69	59	78
58	65	48	30	72	115	65
26	59	190	26	10	161	106
154	154	190	75	81	41	154
112	112	32	32	32	133	112
100	27	50	159	44	182	51
31	129	31	78	78	174	129
143	122	145	156	179	75	100
140	41	59	41	59	70	140
22	22	83	22	83	83	49
63	131	63	63	129	130	145
170	151	170	36	170	27	79
109	61	109	109	91	181	101
92	126	14	92	92	14	14
82	111	183	111	129	132	156
91	44	155	47	141	24	102
99	146	8	99	8	99	55
143	143	69	42	143	42	42
20	36	77	28	20	101	50
189	189	78	130	112	97	121
96	147	12	96	147	147	147
178	170	55	178	178	131	25
60	190	190	60	190	60	99
44	42	80	53	110	120	53
73	88	88	88	70	70	70
84	42	84	152	149	133	181
115	115	131	115	41	131	131
128	172	58	178	58	58	151
107	64	9	74	74	9	9
97	38	170	54	34	115	38
71	23	106	106	106	71	71
158	158	101	126	158	185	14
118	126	20	92	36	132	132
90	90	90	29	117	29	29
57	25	139	57	139	57	139
13	89	116	89	176	160	89
51	52	63	16	52	48	144
122	168	91	138	135	16	91
147	179	28	28	147	179	180
169	32	32	136	136	32	97
160	76	45	95	129	45	73
92	68	58	58	92	92	58
152	18	152	163	132	163	132
115	31	135	156	115	129	115
184	174	27	82	19	78	32
27	50	50	27	27	159	50
149	199	199	10	87	199	194
80	35	176	142	160	106	160
169	44	104	89	18	18	18
38	159	159	38	38	24	9
63	63	65	132	63	167	167
123	29	29	123	123	67	29
54	21	177	54	54	121	163
105	77	133	133	133	35	31
62	62	64	62	64	28	64
170	170	34	149	134	170	175
29	56	87	87	10	69	154
14	14	67	67	67	14	186
137	59	59	15	137	150	59
66	25	76	131	14	26	38
112	62	120	95	120	149	63
49	171	28	155	29	82	130
21	80	180	21	177	127	68
108	152	94	94	132	108	132
18	129	150	68	18	112	69
161	76	77	180	180	180	189
51	104	102	20	51	102	20
100	136	158	26	158	158	199
107	69	103	89	134	90	139
28	89	93	30	28	89	93
177	150	137	177	49	136	118
82	163	71	151	163	65	127
102	102	17	112	112	102	112
92	163	162	16	42	58	161
106	106	156	66	74	185	106
185	153	14	185	185	183	177
165	165	33	15	165	184	47
60	104	116	116	116	193	60
118	118	160	38	27	93	171
133	47	148	148	143	47	133
59	122	177	82	76	105	177
176	47	83	44	187	39	59
142	81	142	144	142	81	81
132	105	86	99	113	63	90
81	52	169	81	52	52	152
52	125	52	125	125	92	52
183	190	190	183	123	183	190
175	170	138	170	138	84	175
164	23	84	23	23	120	30
82	187	31	151	33	127	23
26	178	178	35	132	42	162
130	97	147	147	147	130	66
25	21	109	71	25	36	151
38	68	84	96	157	151	38
103	129	69	69	40	194	69
175	174	175	11	11	11	175
64	162	64	122	64	122	111
112	184	93	13	30	11	75
130	50	107	150	130	78	119
144	97	25	97	97	25	149
131	179	63	52	102	176	20
157	35	157	157	103	35	35
55	71	173	10	188	15	103
191	171	33	33	33	17	81
71	71	125	125	125	71	134
159	64	71	64	71	29	29
178	37	91	37	178	37	178
32	32	138	20	20	104	104
88	165	133	88	102	133	102
70	127	177	177	127	127	177
176	29	181	29	32	79	29
12	186	100	163	166	25	182
50	21	50	157	178	50	51
181	42	181	181	42	133	42
119	111	111	138	72	111	87
16	118	118	31	135	16	31
187	27	187	109	27	187	27
10	130	130	55	10	10	130
143	28	28	10	88	26	28
56	140	56	13	13	56	13
106	36	110	68	177	58	75
122	122	189	128	189	189	122
27	27	94	94	94	27	125
73	79	73	79	73	79	121
96	64	166	123	96	96	90
71	19	71	19	123	71	19
62	75	10	95	10	10	169
175	44	166	14	14	164	116
143	150	96	96	96	147	71
61	90	54	61	90	171	168
170	148	148	170	148	170	88
187	27	29	48	27	31	27
43	49	14	183	49	50	165
33	11	165	171	171	158	85
113	102	102	22	102	113	113
116	116	29	116	82	114	29
146	134	106	134	15	146	146
50	78	108	78	50	92	108
28	28	71	54	54	71	55
178	162	166	32	123	140	52
118	84	158	159	158	118	159
60	60	164	164	164	60	22
87	123	155	178	61	11	87
58	89	49	178	108	178	170
36	156	12	12	12	117	150
166	163	187	28	51	51	51
135	135	161	39	135	39	39
139	108	44	44	44	95	108
130	100	19	27	27	172	151
162	44	157	121	44	88	91
23	13	175	129	89	113	50
111	143	88	88	111	111	88
177	50	123	80	172	186	164
67	102	148	102	156	163	113
104	136	32	89	70	157	96
39	119	178	51	62	34	94
171	126	82	129	111	140	133
21	87	193	142	142	142	13
47	83	54	71	31	54	105
192	178	16	16	101	16	193
24	24	24	66	42	42	42
94	152	88	19	99	138	142
85	85	160	85	180	160	160
200	165	200	116	56	200	152
181	163	117	163	28	163	116
20	87	12	87	21	87	12
121	121	148	102	102	148	120
186	186	81	44	44	44	186
100	87	84	41	46	150	150
116	101	175	101	101	175	175
184	62	24	184	44	127	183
179	179	135	69	114	69	135
33	33	50	50	38	33	50
146	26	119	119	101	88	82
131	173	132	132	173	132	173
168	23	102	132	102	94	39
60	88	99	88	17	136	64
125	172	158	172	153	172	109
16	119	167	68	157	55	119
116	158	33	181	181	81	181
80	174	107	118	80	107	174
102	25	134	97	129	172	102
61	61	31	31	183	61	31
166	97	122	122	97	97	122
99	61	27	148	118	27	71
152	22	149	149	182	98	64
155	78	78	39	78	14	32
179	174	151	151	28	179	174
30	30	11	149	155	30	77
116	103	16	28	116	116	28
174	87	47	42	160	132	83
24	15	115	115	115	58	57
53	53	196	13	53	13	122
172	49	82	49	49	172	172
70	82	114	83	148	148	148
177	71	101	170	133	170	83
184	150	184	150	18	150	184
35	119	119	119	35	35	175
130	130	22	22	130	25	22
133	32	93	106	183	170	147
108	18	25	132	75	87	132
51	115	115	51	174	27	174
41	23	79	53	25	99	122
125	86	125	163	117	97	125
15	11	120	117	40	137	113
56	107	137	90	137	47	137
25	73	61	16	73	16	61
89	169	89	27	80	134	188
167	99	27	134	167	172	172
160	170	75	75	75	19	23
189	147	78	183	171	160	78
121	85	185	18	10	165	37
45	169	76	58	169	74	97
70	135	70	126	147	147	126
90	40	40	40	90	90	161
12	24	12	19	24	24	12
114	114	24	113	84	114	197
167	83	83	167	92	96	92
123	189	158	123	189	189	123
122	75	122	140	122	75	170
98	127	118	98	88	118	98
22	68	68	141	78	78	22
38	125	45	90	131	131	105
58	133	22	166	166	133	58
39	146	167	125	146	146	39
11	109	86	55	74	55	55
64	46	64	178	47	64	91
21	127	83	83	83	127	127
149	141	11	56	140	91	140
123	149	123	149	111	43	43
19	14	154	54	154	154	165
48	73	48	48	73	73	38
113	16	81	103	122	42	183
144	173	103	77	32	134	142
34	80	108	176	179	31	155
67	98	22	164	164	164	42
111	65	111	65	73	111	65
193	141	40	193	193	163	41
151	28	175	175	28	61	151
11	31	147	43	30	55	55
31	155	51	88	98	31	67
139	16	177	54	16	16	70
10	62	46	58	85	133	134
115	19	139	19	139	58	115
36	107	92	85	12	92	92
60	24	69	69	24	131	131
184	134	179	162	120	147	120
181	109	181	181	27	27	27
91	142	132	132	36	87	12
20	136	190	148	145	148	148
45	159	106	87	139	28	90
76	134	34	112	85	88	84
98	66	66	66	98	98	25
46	168	90	69	181	179	173
31	183	155	124	174	139	168
121	134	173	63	173	121	63
23	22	189	23	196	158	23
25	85	85	45	151	25	85
22	59	160	97	38	163	102
187	130	50	135	183	187	43
33	33	108	104	33	13	13
116	46	116	46	129	116	46
174	118	45	88	174	174	118
73	26	72	73	191	73	67
81	61	110	161	81	161	161
8	73	153	73	8	8	29
70	70	60	130	70	193	142
154	137	90	33	33	90	90
42	65	30	176	71	12	20
104	23	151	20	134	90	129
44	44	51	103	105	25	36
144	64	168	64	17	144	17
154	153	153	37	98	55	87
28	28	157	141	88	88	28
52	186	186	85	52	186	52
60	67	36	130	58	122	58
71	101	71	182	182	182	71
152	151	77	113	113	152	113
96	60	96	41	60	149	41
94	124	94	129	80	182	174
168	118	183	127	158	92	92
87	184	27	184	162	119	184
147	162	162	173	25	115	98
34	30	34	34	39	39	39
104	132	132	132	74	104	104
162	104	162	162	186	104	104
27	34	176	50	10	169	34
62	41	67	41	67	41	67
180	137	76	70	107	76	96
115	115	171	34	148	78	115
94	58	112	70	70	188	160
177	27	27	177	177	19	27
51	60	51	51	163	68	96
148	183	148	80	148	183	183
185	152	71	104	152	152	40
60	130	175	75	175	63	95
90	69	39	88	45	115	88
73	57	57	83	184	40	68
118	187	187	86	187	187	153
27	142	142	37	27	168	37
72	99	72	166	179	99	166
172	166	62	172	166	172	166
136	136	62	62	62	136	69
194	184	155	183	188	184	184
132	95	95	126	126	95	126
107	115	192	110	107	107	36
116	67	91	156	67	152	67
15	15	15	28	104	183	15
200	93	200	151	83	85	200
188	11	11	49	16	131	34
95	148	85	181	95	145	40
169	104	136	73	58	48	41
124	124	117	124	149	117	117
128	128	75	74	103	128	184
110	183	181	110	52	75	174
75	156	165	165	126	89	145
153	197	26	183	197	155	197
138	121	121	66	121	138	138
103	174	37	81	174	162	174
71	165	71	166	166	166	81
188	42	49	102	176	42	42
57	82	51	93	93	102	184
52	169	68	187	114	169	169
72	145	65	98	57	187	108
113	11	27	110	74	98	121
143	102	106	81	115	14	146
27	158	96	59	96	27	158
200	200	66	46	26	89	200
11	99	23	23	23	47	135
147	168	169	87	87	87	130
39	182	80	118	139	129	83
148	158	163	96	158	148	96
56	156	109	156	154	148	167
105	112	10	27	112	170	69
142	45	142	85	45	142	45
163	138	134	115	115	115	52
118	118	169	140	147	111	174
158	136	57	57	136	57	136
86	133	86	133	99	133	33
108	116	197	122	108	51	108
118	118	118	136	95	95	95
89	89	31	49	89	31	31
49	91	157	49	186	137	41
147	60	60	161	60	111	94
162	156	36	162	36	36	75
91	74	163	74	160	133	72
47	174	47	17	47	84	159
111	150	164	132	150	150	178
48	11	123	148	97	174	144
111	145	145	21	21	126	21
34	128	101	84	118	185	174
158	85	85	158	138	138	53
151	120	33	33	33	12	12
157	90	45	10	61	107	107
102	42	64	64	102	64	102
116	116	48	120	5	5	5
169	96	131	190	105	70	11
158	68	68	145	66	66	68
64	78	40	40	129	105	40
105	167	167	155	155	167	155
98	23	130	106	98	12	15
110	99	177	21	21	21	27
25	102	117	73	90	25	20
47	70	66	47	133	47	66
140	140	16	162	84	50	162
17	18	18	98	147	98	147
15	150	150	35	15	15	150
117	102	21	21	117	117	21
151	61	37	151	123	172	109
66	162	156	66	149	164	66
72	65	65	72	37	65	72
39	11	28	39	70	26	38
159	90	23	197	23	23	76
173	190	114	114	114	173	173
50	117	50	50	149	21	37
49	49	74	76	76	76	49
119	120	65	119	154	65	120
137	171	137	171	137	171	126
128	89	89	70	191	89	139
20	131	123	20	92	131	123
117	108	111	108	170	179	167
172	22	173	37	172	37	22
125	42	57	65	188	103	13
182	89	15	15	105	76	15
130	115	115	130	115	98	93
93	172	97	21	80	134	91
124	124	67	67	67	65	124
192	114	12	177	12	105	12
104	52	104	39	39	52	145
169	15	27	25	169	25	27
137	52	137	186	89	133	159
97	97	145	155	155	97	155
34	34	140	140	34	57	25
155	19	142	29	156	135	56
153	70	165	41	36	54	50
114	55	24	55	138	17	163
180	166	160	72	75	26	41
126	80	98	80	57	57	23
113	179	157	120	154	157	72
132	82	132	132	174	174	174
96	129	132	95	96	129	95
95	132	95	132	75	95	132
13	144	60	156	121	181	156
21	176	176	122	176	18	27
189	64	64	70	64	189	189
105	105	20	65	141	141	105
82	83	40	67	22	74	67
5	5	5	147	33	33	88
57	57	30	30	30	57	135
164	101	101	180	177	177	164
170	61	61	183	183	183	61
67	42	194	89	115	194	194
158	108	96	72	108	125	118
68	16	71	149	75	89	172
42	102	39	162	42	179	18
175	48	34	175	90	34	48
41	173	173	41	41	173	30
83	87	176	83	83	87	87
111	57	57	57	111	111	57
125	73	73	106	73	125	125
87	153	121	87	96	96	121
86	86	149	149	49	86	149
178	178	135	178	135	135	173
128	153	153	187	196	153	67
84	109	85	85	84	84	85
50	28	28	6	28	50	24
159	141	80	111	34	163	86
26	26	36	194	140	26	32
73	73	109	151	73	109	109
38	155	189	182	154	158	136
128	129	129	129	81	128	128
77	85	85	95	110	142	57
130	97	33	33	97	6	97
11	123	123	123	102	102	102
117	127	92	174	175	170	114
157	17	167	133	91	53	113
117	108	154	174	107	119	154
161	73	73	75	132	74	78
162	156	74	190	190	101	190
30	180	180	54	54	30	141
100	126	20	70	100	100	94
84	19	64	33	64	33	19
41	135	96	153	96	180	28
46	133	46	133	46	89	133
135	135	19	19	19	119	135
49	42	49	89	109	120	49
167	167	167	104	45	104	158
22	71	155	49	184	85	17
41	175	175	175	57	57	57
59	130	85	108	39	80	80
53	167	200	109	109	109	172
24	58	74	56	156	45	45
94	156	94	177	94	177	177
168	181	118	105	51	153	105
142	97	60	97	97	142	142
169	48	169	48	48	29	169
96	17	17	17	133	133	133
95	69	69	69	157	95	95
66	74	102	62	112	66	12
14	51	14	115	42	51	18
54	106	108	85	106	165	106
68	48	75	75	48	75	48
45	190	182	95	112	112	116
113	114	113	18	113	18	120
148	177	177	148	177	72	148
72	72	36	36	36	90	72
37	142	56	101	79	56	56
26	93	26	26	93	93	70
35	111	29	29	35	29	35
87	167	137	87	92	87	137
53	60	87	53	50	87	60
125	18	18	125	81	18	125
63	102	85	85	121	102	102
33	132	57	186	14	180	180
73	96	157	157	153	157	28
69	68	83	138	13	83	41
119	179	154	81	160	81	80
100	172	100	172	125	100	172
85	37	85	85	189	189	189
128	65	153	157	65	128	151
199	16	37	16	137	94	16
39	93	141	111	103	31	142
179	71	93	146	190	188	190
85	85	12	123	69	17	143
54	92	42	133	32	126	125
167	92	79	141	164	181	30
122	161	77	77	77	134	131
185	96	96	96	185	154	185
160	32	100	160	112	24	178
15	112	21	132	150	142	142
136	162	123	123	162	98	136
65	150	179	65	110	114	189
111	53	101	53	196	84	53
97	122	97	16	122	126	16
164	59	119	80	95	119	104
156	53	15	65	53	156	65
104	82	37	22	37	56	37
131	123	94	94	131	131	94
59	75	15	91	80	43	130
71	71	176	176	176	71	162
188	188	51	188	51	70	51
59	42	42	59	90	90	77
38	76	197	197	174	197	161
87	155	22	48	139	50	98
186	158	54	103	92	82	54
10	183	119	10	10	119	119
103	14	86	58	61	41	61
153	153	173	153	173	173	40
45	139	33	45	45	120	10
113	16	37	16	37	36	36
168	60	60	168	168	107	60
158	12	158	12	158	116	12
156	62	90	29	29	118	80
10	140	13	24	40	54	40
155	126	85	71	34	84	177
91	17	157	70	77	186	27
22	17	17	33	22	49	17
79	57	134	134	171	134	22
76	140	76	169	164	75	175
116	113	80	80	116	139	116
94	37	49	94	37	17	37
21	12	56	58	158	132	160
179	121	121	59	79	121	190
158	139	83	158	139	139	158
109	86	162	124	178	19	158
88	88	92	88	23	23	23
16	16	139	139	139	160	16
125	121	53	90	18	146	95
42	85	85	85	103	42	42
95	129	93	95	129	95	129
182	133	180	174	172	172	147
135	149	135	64	102	120	22
122	94	94	133	122	133	68
76	18	76	76	18	36	18
79	85	81	81	135	81	169
87	139	108	121	86	107	31
160	160	164	124	62	62	164
100	63	100	6	100	29	6
158	173	84	148	115	115	16
85	121	85	32	163	113	63
94	35	106	169	26	77	35
111	25	111	111	64	64	64
126	14	14	126	126	14	135
75	106	138	91	73	187	181
93	48	107	23	154	62	123
95	147	95	69	145	25	95
129	85	30	123	123	123	164
89	154	161	172	161	172	154
13	141	92	92	154	13	13
38	164	164	38	134	164	38
104	104	123	104	123	123	11
141	13	141	108	108	108	141
42	58	40	187	164	40	132
177	11	64	16	178	126	47
91	91	123	91	132	120	123
109	109	62	108	110	110	15
24	97	97	118	127	62	170
184	132	184	165	197	184	196
44	188	117	174	44	131	104
35	123	66	178	35	119	81
49	123	22	96	43	188	139
22	145	139	49	110	22	105
66	112	123	66	112	66	112
76	42	76	49	49	49	42
94	87	48	100	140	10	95
54	50	106	80	167	167	91
56	53	56	56	53	165	53
165	104	152	22	82	108	152
174	62	170	62	174	174	62
116	116	168	63	63	120	120
59	153	123	78	14	41	86
181	175	181	55	158	181	51
102	38	66	110	67	56	123
36	23	57	63	191	63	63
138	57	138	138	117	57	57
125	123	81	186	138	77	123
104	51	91	119	91	174	91
66	50	165	182	66	30	66
65	65	146	65	38	38	38
118	96	33	86	18	137	42
145	38	146	38	40	38	145
22	131	57	131	109	57	131
35	35	47	45	71	86	11
153	88	41	29	189	93	29
106	106	37	104	104	106	164
114	39	134	32	114	114	67
20	103	136	148	103	148	20
87	116	44	44	44	116	116
63	64	74	74	63	74	132
161	161	161	126	126	126	79
140	96	38	22	22	96	38
86	86	125	37	125	86	125
170	170	170	169	168	169	169
109	28	67	67	28	121	109
177	177	118	118	31	171	171
54	168	144	148	41	148	42
82	86	188	101	111	176	71
78	144	135	102	97	24	20
178	33	114	114	33	114	33
98	93	98	98	16	91	17
118	155	89	89	118	155	128
20	83	83	20	168	168	145
13	114	188	60	86	13	13
37	25	181	62	167	134	163
109	156	75	75	156	75	156
156	81	74	156	74	73	190
23	57	23	122	134	57	57
54	15	155	54	108	154	32
140	152	101	49	184	110	49
35	35	51	101	101	101	35
74	35	121	96	26	25	184
106	29	42	77	151	156	29
160	183	116	78	116	64	156
62	27	27	27	57	62	62
106	88	26	88	88	169	200
183	183	119	183	177	119	119
13	110	110	110	91	192	118
26	26	164	164	164	18	26
131	134	47	131	183	112	131
185	185	136	95	93	61	16
121	121	80	123	27	81	121
62	146	62	38	146	146	62
19	36	36	39	36	19	19
130	140	58	88	140	167	153
69	181	59	153	175	145	59
186	178	186	64	178	186	178
38	185	103	103	46	157	72
63	188	17	129	143	93	24
183	184	183	141	183	184	184
126	108	48	148	124	125	171
47	85	25	170	177	42	177
142	34	34	142	142	26	34
175	21	64	41	138	133	64
175	178	124	81	81	153	163
126	103	85	184	12	13	55
189	189	107	112	107	107	189
60	72	157	185	72	72	121
59	59	50	59	112	131	59
105	34	79	125	79	34	125
53	119	21	21	21	62	94
20	39	39	20	133	71	133
182	145	182	145	182	145	36
53	151	53	70	81	110	53
47	170	47	22	170	47	170
170	122	122	127	170	127	159
159	144	118	104	34	101	104
72	7	122	13	13	13	122
134	168	56	34	168	34	134
139	155	148	10	148	85	148
183	40	131	103	43	107	40
53	189	196	74	74	74	106
164	42	135	139	42	125	16
63	103	63	79	103	63	103
89	14	14	14	89	87	89
70	70	127	29	29	127	140
103	185	76	76	159	122	91
104	137	123	34	104	136	149
39	119	58	144	154	144	92
143	117	117	20	143	143	117
169	28	73	167	165	73	73
119	100	165	165	100	100	165
130	168	113	135	168	139	14
89	118	118	89	118	92	89
94	32	94	147	168	94	148
111	127	93	172	148	160	180
51	118	108	71	71	108	118
180	86	75	159	86	75	159
67	99	11	48	20	67	29
179	88	142	139	142	138	142
34	171	51	18	62	99	147
14	14	152	192	169	14	99
126	115	89	90	71	129	38
83	140	152	42	57	152	120
77	154	77	154	164	51	51
19	128	127	83	34	126	185
125	90	170	45	129	135	125
128	35	118	128	35	35	128
23	99	23	99	99	40	23
127	136	124	55	124	70	110
157	52	52	52	148	157	157
167	116	130	116	40	156	30
138	138	190	138	27	190	190
118	81	103	150	81	103	118
49	183	156	172	82	183	145
85	50	85	50	26	50	85
55	55	57	99	99	99	55
164	136	120	80	164	61	171
65	140	93	140	150	36	140
180	36	40	38	26	78	98
18	23	41	107	61	54	185
76	50	35	93	137	174	168
155	91	87	91	87	87	91
143	18	111	143	132	22	161
70	56	96	165	56	165	70
69	142	59	66	25	90	25
83	40	40	162	83	83	40
77	77	62	128	77	54	123
87	80	116	143	83	83	32
28	117	142	185	117	168	19
83	180	186	180	176	121	141
183	183	147	179	179	183	179
35	166	126	35	126	110	110
27	115	93	127	121	67	156
41	142	101	41	149	134	142
98	43	43	98	167	43	98
169	69	39	169	32	32	39
101	101	156	114	64	85	42
96	176	148	117	126	94	117
149	25	25	59	149	149	25
24	14	35	21	186	82	99
91	167	180	78	143	88	52
59	82	183	16	162	168	110
88	85	37	24	137	137	10
39	144	19	48	168	55	66
82	82	169	169	39	39	88
51	180	93	173	87	38	173
82	84	71	84	84	42	49
136	172	58	84	172	181	28
133	44	186	63	43	55	133
127	39	92	101	41	127	127
26	92	78	103	22	136	136
93	18	136	18	34	34	34
35	145	189	87	29	161	35
66	146	146	66	161	66	146
83	122	167	122	103	180	122
135	67	161	130	185	43	87
127	148	158	148	158	148	158
160	160	154	138	117	154	169
78	54	18	38	78	161	117
88	73	178	14	23	178	178
130	130	130	13	109	150	179
37	37	37	184	146	184	184
170	78	55	148	78	55	55
159	140	159	140	169	140	159
183	31	57	115	39	141	141
140	46	61	32	61	29	147
172	94	89	94	172	89	64
16	95	33	73	52	95	95
106	136	25	106	106	165	31
184	155	155	167	16	161	32
169	79	113	152	147	147	147
144	144	55	144	187	12	18
169	127	166	29	57	150	129
132	132	85	59	103	175	71
101	24	96	129	100	129	129
67	19	63	158	88	79	63
165	84	46	84	84	49	166
105	105	179	121	179	11	179
134	133	84	11	67	67	180
122	111	38	148	123	123	123
115	115	115	133	148	80	116
19	60	87	87	19	19	87
72	136	72	107	69	165	174
194	66	191	191	47	51	191
126	126	126	165	131	25	163
148	132	98	177	137	166	106
81	119	81	55	51	151	118
94	95	137	184	177	52	137
52	75	29	186	149	30	59
149	149	98	98	146	98	149
76	21	76	21	76	21	76
177	156	156	74	177	74	175
37	113	146	146	113	146	113
136	136	102	19	102	19	159
44	176	44	112	44	176	176
127	127	127	41	78	196	165
29	114	38	179	44	139	21
185	73	128	73	128	128	73
44	21	170	51	161	44	98
159	83	129	13	13	13	117
79	51	10	21	46	96	21
147	156	114	114	79	114	156
157	99	99	157	175	134	175
70	83	83	11	83	11	11
88	55	93	55	93	101	88
101	117	72	37	120	95	36
172	64	64	17	44	65	64
153	166	153	116	157	153	21
119	119	119	29	28	163	113
154	154	89	136	156	44	154
135	184	184	107	72	162	165
154	21	105	127	127	127	13
127	127	117	127	136	136	136
121	75	97	56	75	13	106
135	43	81	117	81	43	117
25	37	194	37	37	175	157
183	61	33	33	183	33	183
22	74	165	74	22	22	74
126	165	126	165	165	126	15
184	28	107	67	89	185	28
136	68	133	136	194	197	136
30	177	77	48	48	48	111
157	59	94	15	156	157	114
166	186	124	50	133	123	124
54	137	153	90	122	153	77
157	102	17	17	126	157	102
40	37	37	37	140	40	40
180	133	41	180	180	121	94
63	63	151	112	10	63	55
42	123	83	177	119	177	177
95	19	141	181	101	77	121
57	72	12	108	57	24	16
114	114	114	21	21	58	21
109	50	93	20	74	31	67
43	43	43	31	31	31	165
137	137	137	35	24	35	35
91	177	177	57	94	177	143
77	91	138	34	77	77	16
86	104	183	104	104	89	104
57	90	170	45	57	130	142
157	24	30	69	30	14	84
20	165	20	165	126	165	20
14	13	189	84	14	97	133
158	63	131	167	106	167	188
75	185	75	110	108	13	75
131	28	48	48	103	28	103
121	121	73	121	73	73	109
150	70	54	72	188	184	29
18	174	18	122	121	121	122
160	98	160	98	55	98	160
95	26	157	95	26	37	157
112	51	51	165	132	112	165
77	77	77	98	101	99	31
97	109	137	171	25	70	171
17	147	17	147	84	152	152
20	164	15	182	91	20	20
68	86	26	96	134	163	166
120	120	176	25	120	176	176
77	88	88	177	86	21	88
44	68	37	25	37	25	44
86	138	86	23	37	23	23
130	135	55	130	135	135	130
174	174	177	167	85	174	78
34	59	131	28	28	130	129
38	25	25	129	38	38	25
85	79	79	179	50	179	85
57	95	64	103	152	95	169
157	175	23	157	23	23	157
120	184	171	99	24	94	104
87	161	119	149	80	28	21
153	107	76	76	76	107	135
159	170	173	107	41	189	187
160	194	194	194	49	169	159
18	18	39	18	39	45	39
87	31	44	31	31	99	44
180	40	39	40	133	125	40
20	135	153	46	63	140	135
114	114	147	147	87	114	147
84	84	84	18	19	65	65
96	14	87	64	189	96	67
91	162	116	91	43	174	73
120	76	44	40	35	35	165
188	68	188	184	177	69	26
123	110	155	124	174	26	160
179	149	149	134	102	14	27
120	64	50	120	65	50	65
56	187	187	89	130	187	182
46	14	26	26	26	96	123
39	17	145	116	145	17	39
132	166	132	34	36	166	34
51	61	51	51	107	36	60
106	162	128	162	106	106	162
96	93	59	111	20	99	59
174	160	26	35	160	160	174
88	36	184	79	50	56	185
93	157	102	93	48	44	93
136	83	47	38	83	38	47
34	88	65	151	68	30	48
57	166	185	36	126	107	36
146	58	99	125	125	99	146
120	143	143	127	91	91	120
175	83	181	174	18	106	106
90	90	160	90	156	34	165
164	172	172	48	133	48	164
34	114	52	114	46	52	114
20	149	109	109	20	109	20
152	62	62	81	58	152	152
69	86	57	21	122	94	86
49	49	112	59	49	154	41
48	134	105	97	121	51	38
132	165	105	164	15	105	105
12	12	120	90	12	90	90
19	54	56	88	41	16	88
114	15	43	114	43	118	114
103	103	176	71	121	96	114
112	57	57	96	96	133	133
112	167	112	104	112	167	167
34	19	73	19	19	34	34
38	16	16	84	81	26	16
183	183	149	183	123	149	149
65	145	129	183	129	65	129
154	18	18	84	84	18	84
57	39	114	127	173	23	79
38	114	38	59	21	114	38
47	15	47	184	48	77	165
81	104	13	137	137	24	137
186	103	103	103	166	186	186
96	78	13	13	52	13	96
98	98	19	98	104	104	25
133	183	63	133	183	133	183
171	171	102	88	102	171	102
10	10	38	50	158	10	133
104	21	153	163	104	21	153
30	57	116	30	30	57	57
178	43	36	48	133	133	135
164	164	46	143	164	143	143
24	24	38	44	44	70	24
111	160	31	67	111	31	160
100	66	52	31	31	100	66
80	76	76	53	80	76	80
66	41	66	135	89	66	16
43	43	75	48	53	129	32
112	160	160	166	160	140	140
161	117	176	78	117	176	78
71	116	141	88	141	46	87
163	51	163	168	157	164	71
124	133	113	84	84	138	64
23	112	40	40	40	28	179
16	87	158	23	92	40	87
113	24	113	113	24	24	114
81	158	11	158	158	10	120
175	142	158	158	39	175	142
113	51	183	183	183	65	22
79	37	86	161	161	161	61
72	124	124	164	72	72	124
99	44	101	101	187	121	101
61	195	117	104	195	88	195
41	41	116	106	126	116	126
99	44	109	44	99	44	99
47	78	78	47	78	47	102
84	66	84	84	170	196	39
16	162	101	101	101	16	79
76	25	108	156	108	189	66
37	82	82	108	101	82	143
145	145	64	64	85	145	64
138	82	25	148	28	138	17
54	105	198	198	198	191	49
101	147	96	189	189	82	189
132	66	150	150	66	150	66
21	125	179	146	146	86	46
122	131	119	77	37	54	109
23	136	55	55	168	168	23
72	169	169	80	85	85	72
48	133	48	169	94	134	48
49	12	175	168	90	75	168
70	65	66	158	70	158	70
94	57	120	57	71	120	94
81	81	150	88	150	138	172
81	161	160	81	161	81	161
80	112	80	112	112	23	80
139	101	139	101	101	134	139
57	75	75	57	75	15	57
18	162	156	18	18	156	156
176	47	176	21	47	47	176
59	40	20	20	40	59	166
64	28	173	115	59	59	59
28	102	167	28	28	167	167
61	96	96	136	61	61	96
79	132	152	79	152	77	152
65	98	41	92	41	106	162
118	146	118	146	43	146	118
95	89	188	185	114	55	84
189	19	64	88	64	168	88
73	83	38	68	68	95	93
44	14	44	88	68	44	40
126	46	46	42	71	71	42
128	96	61	61	96	96	61
80	80	80	145	80	145	145
69	69	28	177	69	152	101
147	140	25	11	46	94	25
122	34	34	54	69	114	71
163	176	36	107	176	107	163
76	76	17	79	59	76	59
128	112	61	96	45	96	189
56	122	122	181	122	13	13
103	93	76	164	124	164	144
74	42	44	115	68	11	74
119	145	145	168	119	168	130
120	85	106	70	77	70	70
16	175	188	149	78	12	60
88	124	166	124	137	124	76
117	100	145	145	27	177	164
30	100	100	41	41	41	141
90	111	111	58	128	65	181
84	18	29	54	44	88	89
163	74	74	54	74	163	69
182	190	156	145	87	156	156
134	75	108	53	23	60	161
21	21	101	106	101	21	101
168	105	51	105	51	51	105
87	70	90	31	96	51	32
51	90	131	24	68	42	55
131	74	16	26	16	152	178
142	41	41	142	142	151	41
177	72	128	25	84	91	53
144	89	13	56	144	100	45
54	192	164	137	55	54	54
161	182	161	31	110	142	90
75	126	61	159	67	177	78
40	40	137	40	65	137	137
200	200	79	146	54	200	145
163	143	58	105	105	80	29
17	17	17	98	79	89	79
144	168	60	168	100	100	168
101	157	101	50	75	101	100
63	63	63	59	59	59	127
97	97	97	35	35	31	35
42	95	48	11	42	55	23
106	76	105	73	112	166	11
110	74	161	49	53	188	182
153	187	91	153	153	91	91
44	72	72	96	96	72	96
150	79	73	178	50	130	79
161	49	161	129	49	112	129
186	186	29	186	64	146	174
73	140	73	66	73	66	36
119	105	113	29	113	113	55
30	39	178	30	30	178	178
167	94	175	94	14	161	53
11	11	85	50	50	11	50
17	116	31	116	17	17	183
72	146	55	46	134	95	24
118	118	51	141	51	141	30
186	25	139	88	37	132	34
81	104	51	86	151	163	40
147	23	108	147	23	115	147
121	131	47	190	52	89	69
96	187	16	96	101	65	96
135	169	176	169	45	169	109
53	182	45	134	134	53	134
24	125	24	24	125	157	125
80	93	126	93	126	137	137
51	86	51	86	119	51	86
39	147	83	158	147	156	20
14	58	135	135	14	97	135
129	103	85	58	85	94	33
117	83	83	31	31	31	146
146	16	142	146	10	140	35
97	47	89	47	89	89	47
33	87	48	145	169	86	99
165	57	76	57	76	165	22
60	147	75	124	115	75	75
109	44	109	109	44	44	179
119	62	48	128	144	73	144
141	129	66	136	105	101	106
64	14	156	107	163	101	104
48	48	22	22	17	17	141
173	132	173	132	147	132	173
196	79	72	187	196	152	196
127	41	41	127	127	163	41
126	112	62	116	112	83	73
40	49	40	86	40	99	33
158	144	98	83	114	158	158
37	94	128	38	38	38	34
77	71	12	62	62	62	71
46	159	159	15	46	159	127
166	64	31	16	104	21	16
54	104	34	110	54	104	85
28	83	83	139	83	28	28
123	96	123	96	96	61	123
165	22	98	183	76	105	165
35	10	64	128	182	39	34
148	148	143	79	148	79	79
51	22	22	139	166	22	198
162	132	132	134	134	134	132
46	94	52	94	94	123	199
39	26	39	43	43	43	39
55	90	91	55	73	55	186
98	152	98	68	98	152	152
156	65	174	174	174	156	156
160	126	15	78	57	15	104
182	84	138	13	97	12	182
88	65	12	100	171	65	107
135	55	37	25	69	60	97
79	116	137	184	109	137	173
131	55	141	131	156	131	141
190	189	76	76	26	85	140
30	104	143	30	30	148	176
39	113	39	69	100	113	69
174	174	100	105	186	11	64
54	54	138	189	189	189	54
141	82	102	126	151	126	26
19	152	19	13	48	19	44
178	175	119	84	59	146	175
144	82	144	144	183	162	151
29	99	99	18	73	99	115
187	86	86	159	86	159	159
11	136	71	95	80	62	165
112	165	20	112	104	112	128
46	143	177	141	33	102	175
91	120	91	30	30	30	91
97	132	50	134	28	132	56
38	188	37	71	81	37	37
171	17	98	171	183	133	37
38	120	120	38	38	87	120
160	119	166	24	160	160	117
120	83	153	114	29	70	159
80	101	35	101	101	136	15
36	115	171	166	54	13	183
173	91	96	96	145	13	133
68	27	134	143	10	134	134
159	125	55	30	45	153	74
175	73	140	186	45	73	97
78	64	78	78	64	60	64
64	25	111	29	95	100	111
69	125	69	132	152	69	69
171	132	29	74	109	24	132
165	15	65	74	165	74	65
78	79	123	55	78	123	79
19	24	98	24	98	98	24
117	117	108	59	35	117	138
165	152	152	152	65	65	65
55	103	62	72	152	132	162
185	92	92	186	92	46	66
79	163	46	79	163	79	163
134	31	132	132	132	114	114
123	91	159	136	43	141	145
155	33	155	61	33	33	155
150	159	175	172	62	29	132
110	110	74	121	74	74	110
16	76	35	76	16	76	16
125	39	45	152	62	82	82
80	28	28	80	28	80	48
10	162	120	178	60	10	73
51	20	20	114	51	20	51
156	40	139	23	104	123	156
19	130	99	130	130	166	157
171	107	117	107	42	97	74
146	37	142	36	115	21	82
65	26	123	62	68	69	76
149	64	176	113	147	145	156
16	78	107	78	157	107	157
148	13	39	138	148	148	20
53	163	53	53	89	163	163
162	74	151	199	26	162	162
54	46	35	138	151	24	152
146	63	22	22	45	188	22
60	92	78	60	78	60	78
34	200	71	71	79	89	71
22	11	11	74	74	74	11
169	89	65	97	113	113	82
199	10	39	10	10	181	33
38	32	38	32	38	32	142
21	134	134	28	134	28	28
120	180	95	123	15	112	109
88	68	168	138	63	69	62
138	146	83	22	77	34	83
84	157	157	90	37	90	84
93	54	146	121	97	159	90
116	14	57	200	74	116	116
61	118	172	143	16	177	143
27	185	97	107	31	31	31
98	56	94	94	56	77	77
108	55	144	108	144	145	145
70	92	29	44	178	181	132
181	28	28	132	42	110	132
114	114	132	132	165	66	132
181	184	187	119	18	18	47
148	148	115	151	84	153	153
69	164	26	26	69	164	55
16	18	18	18	78	16	16
74	166	74	43	74	27	69
96	117	117	30	117	30	30
186	121	121	140	118	37	26
26	26	145	189	145	145	26
12	12	12	143	143	109	160
89	177	99	89	177	177	89
158	172	172	19	76	171	69
124	119	80	119	119	119	80
70	132	136	14	108	21	180
144	76	42	79	58	79	133
51	96	96	96	51	51	160
59	176	70	30	57	97	57
171	171	136	136	119	172	119
188	163	173	188	188	163	163
73	118	57	37	118	73	73
116	168	116	168	44	168	116
169	98	157	130	157	98	98
137	83	137	186	123	95	133
99	99	165	165	165	76	99
46	62	130	62	30	46	30
109	170	137	103	140	95	188
154	86	116	88	82	188	141
46	175	135	89	40	40	145
88	88	51	88	51	51	39
162	129	189	135	27	184	162
76	99	76	33	94	76	122
50	70	98	98	110	44	131
121	121	173	45	121	173	173
117	37	142	117	138	133	45
87	12	96	110	168	139	60
99	98	123	99	99	98	98
13	59	134	193	41	134	134
64	146	58	134	115	141	146
91	89	89	22	89	91	21
19	183	183	52	151	60	183
17	67	77	157	17	39	149
172	172	172	14	14	160	14
108	24	108	146	59	24	59
89	89	180	38	89	180	121
19	144	144	112	112	112	54
187	151	88	187	50	39	187
88	87	147	62	147	62	88
100	16	85	158	16	85	158
167	167	167	59	18	18	18
39	103	111	111	102	39	111
88	76	164	108	67	31	99
97	86	28	175	93	188	125
129	129	46	178	178	129	178
11	79	79	11	79	148	11
94	37	94	136	144	136	37
158	149	86	36	186	155	186
9	87	85	87	123	85	85
38	164	18	164	38	164	40
165	90	108	108	90	108	90
122	106	117	88	133	69	117
46	128	122	33	46	46	128
146	139	139	79	12	79	139
137	122	148	60	101	168	60
63	114	66	28	148	50	160
176	12	20	20	121	183	14
123	27	123	55	123	38	108
147	171	171	171	131	147	147
71	118	82	174	151	71	106
22	43	113	139	115	70	174
23	31	152	121	168	61	109
139	109	75	75	139	139	75
52	16	16	132	16	16	52
115	166	115	34	115	72	108
26	16	169	31	149	188	169
144	177	106	33	141	32	125
29	168	168	106	23	85	181
83	127	144	83	144	54	54
86	86	101	86	161	101	101
193	22	193	52	193	158	114
59	24	154	68	24	195	24
95	110	95	110	110	175	95
7	145	7	16	16	7	153
31	180	194	96	194	194	47
112	112	130	112	96	96	96
79	180	53	53	53	45	79
66	18	39	39	39	21	32
128	33	56	122	27	13	62
53	44	44	44	53	78	8
189	171	71	171	151	82	109
107	113	41	57	107	41	57
63	143	63	63	143	143	68
85	69	69	41	69	145	145
97	16	97	16	136	16	97
179	70	80	91	179	70	119
103	103	103	96	14	96	96
42	133	98	109	146	136	42
56	117	56	56	56	117	117
119	182	111	111	182	182	111
17	187	187	85	85	85	187
46	74	65	165	165	28	46
18	150	18	18	87	26	96
101	62	62	147	152	147	101
16	20	160	160	119	148	160
15	62	79	15	32	32	62
122	126	47	122	71	47	126
134	186	123	55	186	186	141
19	139	45	45	19	19	45
108	108	108	162	139	139	139
41	172	172	41	172	41	18
135	191	113	189	166	191	191
98	106	53	98	18	98	57
121	121	163	163	117	42	121
45	167	167	45	45	167	114
102	31	141	79	141	46	38
176	176	65	136	133	139	176
114	160	75	12	19	188	113
78	78	178	69	78	178	178
61	67	178	57	106	88	15
140	63	11	153	131	188	131
73	35	35	22	73	122	122
118	151	189	116	47	115	189
195	137	88	131	14	137	137
172	34	172	127	172	165	181
181	136	51	54	136	96	136
127	15	127	83	142	83	127
73	134	61	186	61	19	186
171	180	130	171	171	184	56
33	37	33	33	37	58	37
57	57	30	9	57	57	57
123	67	69	153	17	123	94
14	173	65	88	122	118	39
64	46	64	46	46	181	64
87	171	133	28	30	171	158
129	63	106	63	167	129	129
39	148	39	39	70	33	11
133	180	178	133	133	90	178
90	39	26	54	54	56	70
146	140	140	146	140	145	146
102	100	140	51	183	100	100
107	143	143	172	67	89	175
47	55	47	55	115	115	80
125	178	178	125	178	41	125
70	161	190	161	168	163	78
80	98	15	15	98	98	78
18	54	124	15	124	12	124
115	60	138	138	143	144	138
42	42	109	41	41	109	154
103	157	157	157	113	12	65
11	172	127	85	172	94	172
76	176	95	176	140	64	176
167	190	151	161	94	136	161
69	130	130	69	134	69	130
146	129	89	15	102	146	123
154	88	126	13	188	188	185
42	42	110	42	52	110	110
180	73	73	106	180	56	106
106	133	70	72	111	70	36
85	105	87	105	105	85	85
172	163	172	172	132	132	132
83	71	28	157	138	120	114
168	145	145	137	34	161	148
83	110	173	93	110	83	173
64	94	94	168	67	50	51
109	109	43	39	20	109	106
149	149	127	127	127	149	131
142	65	65	142	136	21	136
132	132	18	20	132	116	116
160	96	96	28	55	76	173
198	133	113	56	105	198	198
190	187	55	150	190	190	27
62	150	119	150	62	62	150
153	153	176	78	78	78	153
63	63	188	188	91	63	188
165	17	17	131	159	17	159
145	145	65	179	59	39	183
105	33	171	121	121	121	15
170	75	177	25	177	75	25
124	166	52	52	76	52	45
75	113	134	179	168	168	167
135	144	144	110	144	135	135
150	163	144	163	110	101	129
146	63	56	38	31	77	77
16	117	16	53	16	89	53
31	56	56	160	152	31	152
135	64	164	77	86	137	144
20	179	21	49	77	171	181
184	80	51	51	184	184	51
43	39	39	43	43	39	142
124	161	124	149	182	112	115
36	68	68	68	71	26	167
96	107	97	58	81	20	103
27	133	133	38	102	150	46
86	86	89	89	89	86	141
11	132	58	173	52	52	164
143	64	143	12	12	143	12
174	174	65	135	174	65	65
185	48	158	175	18	108	72
108	156	93	144	169	102	56
158	132	128	127	79	128	11
188	59	49	45	49	49	42
18	112	29	116	161	71	37
156	156	163	37	88	156	37
107	29	55	55	109	118	55
14	162	181	162	162	14	14
123	82	85	83	103	155	85
140	185	106	162	171	157	169
89	65	65	44	158	162	174
123	175	88	108	18	61	105
169	184	143	39	39	190	39
76	97	117	166	166	166	97
9	9	17	135	9	42	135
95	114	170	111	95	118	15
77	77	131	55	131	43	77
136	172	136	106	188	69	50
155	16	182	30	18	125	66
61	71	71	124	78	56	104
151	166	188	166	140	141	166
63	67	63	63	145	67	75
47	26	177	36	113	166	154
42	18	18	18	42	42	152
122	122	122	147	147	55	147
87	95	74	95	37	46	47
138	134	98	173	98	175	119
27	93	36	37	109	174	133
130	114	85	10	151	153	165
124	131	131	131	10	151	99
61	195	197	195	134	195	77
139	139	137	36	117	72	31
171	171	98	24	169	24	98
120	75	161	23	75	120	49
168	20	173	115	47	171	58
162	149	162	153	162	61	61
57	12	79	12	57	12	57
186	95	103	147	184	98	95
124	118	72	25	43	118	130
28	91	147	18	18	91	147
147	64	64	138	64	147	147
112	62	67	92	165	172	64
94	32	56	58	78	56	110
40	109	146	101	112	120	179
96	100	168	109	129	81	109
172	172	126	126	27	172	126
104	138	104	47	47	138	167
110	5	5	85	5	77	77
178	151	151	62	148	123	151
48	91	43	126	91	188	74
7	6	7	126	125	7	125
53	104	149	149	53	53	149
79	99	124	141	99	22	87
185	175	126	126	15	135	61
163	182	182	182	163	163	110
36	69	30	69	30	69	30
21	116	147	10	96	116	91
111	64	64	64	111	61	111
129	154	129	110	159	129	144
187	54	174	39	174	62	155
31	94	58	14	181	58	11
68	47	92	68	92	68	92
11	7	34	65	65	34	34
185	144	77	21	140	140	140
92	92	128	93	92	148	14
100	135	49	161	190	110	170
58	94	94	104	156	133	18
162	11	189	150	150	148	21
26	55	26	55	26	179	55
154	154	96	154	103	103	103
44	44	70	44	20	70	70
34	100	144	100	144	34	157
153	105	153	60	60	39	39
42	117	165	28	76	117	113
57	98	98	98	57	54	57
36	187	110	49	61	182	89
103	92	158	112	60	92	111
15	110	15	15	56	110	110
136	98	98	107	107	98	107
70	141	143	143	143	141	141
167	167	146	146	146	167	32
16	23	23	116	24	72	23
130	65	41	151	15	65	163
156	157	153	163	181	30	130
70	78	159	174	197	70	70
95	46	180	65	124	141	73
170	182	124	145	15	124	28
147	31	172	31	24	62	62
31	159	31	96	171	55	28
186	162	31	186	186	162	162
141	19	19	19	181	181	181
178	79	79	20	19	79	177
173	17	19	97	112	154	117
69	23	11	23	169	23	104
133	87	27	27	103	27	87
97	91	17	81	17	91	97
135	47	163	174	112	97	133
107	127	107	107	69	127	23
44	154	200	154	33	154	56
104	128	128	128	85	104	104
57	68	36	173	58	128	120
177	61	84	177	177	53	46
89	106	99	95	97	151	179
105	36	109	29	13	29	185
117	84	159	139	49	126	159
126	126	67	126	104	200	104
38	38	79	79	129	79	38
83	17	83	62	17	68	68
134	44	90	121	44	134	90
162	154	162	154	154	162	38
58	57	58	62	95	149	67
76	169	98	171	98	119	54
101	183	164	183	183	164	164
66	117	175	184	157	108	66
13	30	30	30	13	43	13
143	28	143	143	33	28	28
145	32	7	7	145	7	170
62	158	85	85	34	87	161
174	27	122	48	90	146	48
96	37	96	96	35	35	35
84	153	84	153	152	106	106
163	116	58	116	163	85	182
146	154	189	146	189	146	189
69	174	102	174	43	113	183
120	50	130	130	120	130	120
86	163	88	91	127	105	147
157	44	145	93	157	93	157
66	78	32	66	32	32	66
14	144	107	178	107	166	107
38	102	38	132	38	132	132
50	175	44	44	175	44	175
121	72	160	72	177	171	144
129	129	129	17	123	123	123
36	36	36	76	25	165	39
33	132	33	78	130	78	130
174	174	134	111	108	108	111
27	27	27	27	8	27	91
134	120	178	67	78	36	78
142	129	187	129	129	170	117
147	28	146	181	50	89	127
23	129	129	185	119	46	153
177	89	72	115	176	72	72
32	149	62	77	62	147	189
146	59	169	144	109	144	37
181	181	71	55	21	159	128
134	140	196	28	157	134	134
95	152	21	95	34	33	144
22	129	129	29	29	129	29
175	133	133	175	118	118	111
52	52	51	142	67	142	52
198	115	15	198	48	198	49
103	21	39	146	21	39	39
55	33	73	72	33	73	55
169	56	56	27	130	130	169
170	170	58	46	126	126	170
63	112	23	23	112	63	39
118	118	163	103	163	163	118
129	186	146	46	118	141	180
12	87	87	12	102	87	12
43	176	133	133	27	169	100
41	37	94	80	94	66	162
122	66	66	122	67	122	66
58	175	175	103	178	105	150
141	141	138	166	141	138	138
93	32	53	32	147	32	156
40	23	60	57	35	79	72
122	50	21	52	21	21	122
24	168	79	80	151	124	151
181	181	81	143	143	181	143
31	93	42	69	85	69	69
21	35	109	56	97	97	55
101	94	182	132	101	38	14
149	71	71	149	71	36	38
46	36	149	46	169	36	46
181	181	23	112	112	112	181
41	123	26	106	152	106	149
58	58	27	113	177	147	25
38	151	68	179	38	68	179
143	180	174	132	56	158	109
19	189	12	60	138	138	59
19	109	109	109	19	137	19
157	107	112	112	86	112	70
28	68	51	28	51	51	28
39	128	140	44	51	140	29
8	135	135	135	111	59	111
129	151	151	31	151	68	73
56	129	56	113	20	112	56
13	172	185	39	21	161	154
90	37	90	37	90	21	37
29	106	145	106	29	29	106
44	42	107	107	44	107	44
101	58	34	174	174	34	101
178	124	135	178	133	178	111
160	160	160	116	100	116	54
125	183	26	42	178	125	22
49	145	16	160	171	171	41
79	109	116	79	189	79	114
189	167	130	120	38	178	167
73	131	28	73	73	131	131
126	113	126	147	16	113	126
23	155	32	80	105	106	57
60	151	82	82	169	192	82
58	63	44	22	162	63	176
23	14	43	63	53	43	161
156	156	156	111	156	136	165
154	46	54	141	179	101	141
94	77	50	94	116	94	56
151	156	190	190	60	190	16
15	106	106	106	91	91	91
24	24	113	24	99	47	90
19	19	37	51	37	19	37
98	139	120	103	181	175	175
129	77	19	77	19	129	56
67	94	10	51	94	27	142
31	39	173	173	173	39	39
113	146	12	155	188	155	109
115	20	136	20	64	142	20
40	117	116	160	137	67	73
97	97	131	174	174	174	97
167	185	140	190	110	162	110
78	56	78	110	29	56	110
86	52	86	101	41	86	117
35	112	181	111	23	112	87
63	63	49	96	96	70	96
166	20	45	174	162	170	45
172	56	56	56	141	141	141
111	170	34	183	83	80	132
86	148	42	42	59	86	42
78	190	146	95	150	117	75
88	90	134	154	90	64	111
156	87	171	150	150	79	69
146	146	57	57	146	99	57
23	169	169	79	19	79	23
189	59	144	59	59	144	144
84	139	160	132	139	23	30
174	168	38	53	148	174	114
96	147	96	147	96	15	147
167	12	174	12	167	12	167
198	151	151	14	31	151	111
84	71	114	71	71	117	55
97	102	95	42	137	79	137
175	146	159	186	34	159	87
187	47	47	62	167	87	47
93	136	93	132	85	93	136
104	102	66	31	147	31	19
177	172	36	80	80	108	80
9	83	9	9	131	64	64
172	172	190	190	187	190	172
35	43	43	35	43	35	139
52	58	124	105	130	180	58
143	132	153	143	167	143	153
12	95	111	146	139	132	55
117	52	117	117	52	52	48
43	123	107	107	123	43	145
51	65	119	19	46	105	163
131	125	36	135	99	159	131
45	169	106	169	45	76	76
75	65	40	40	80	65	75
101	88	43	26	24	184	100
75	77	166	137	58	20	75
157	97	81	43	52	52	123
88	88	129	109	117	88	84
83	21	156	83	28	156	28
176	60	168	79	79	95	81
104	142	185	69	69	69	76
91	79	40	72	41	64	143
125	125	91	91	82	91	108
97	107	107	41	97	97	152
118	118	39	39	6	118	25
24	147	181	49	166	36	36
154	154	120	13	154	164	36
171	171	171	117	117	117	121
68	91	91	98	68	68	91
52	52	87	87	12	87	58
38	49	31	31	38	38	31
74	185	163	32	159	178	159
59	59	76	185	158	181	135
103	13	132	13	100	112	185
36	106	159	36	134	88	88
109	50	180	109	17	50	163
129	165	159	94	56	140	56
41	135	55	143	135	143	143
21	21	77	77	138	21	170
187	176	85	139	177	97	41
43	43	175	133	107	125	179
200	18	32	148	148	148	165
167	133	30	133	30	133	26
157	182	21	58	182	182	70
131	65	67	65	70	67	70
12	163	98	123	98	98	45
121	200	177	177	177	92	158
21	47	38	150	47	38	21
61	74	61	61	74	181	74
139	103	15	166	27	33	38
39	15	15	39	120	101	101
60	139	155	139	155	139	155
158	139	136	91	131	166	19
78	38	38	23	23	38	35
152	163	124	33	33	163	163
84	84	199	129	115	190	84
188	167	81	187	128	167	31
93	51	31	186	31	31	108
183	14	182	139	34	180	34
143	137	137	177	137	143	143
37	37	37	79	79	79	63
141	174	63	34	63	174	34
12	118	168	156	12	156	156
28	124	180	181	141	141	190
45	88	64	185	48	78	45
126	168	152	126	70	77	48
136	183	86	23	46	181	23
64	181	166	37	34	90	140
164	164	136	19	172	96	47
37	46	61	37	46	37	46
131	32	99	54	54	54	108
48	48	103	48	103	103	55
119	119	37	46	119	139	178
159	92	124	124	62	79	124
97	24	24	61	61	97	142
94	181	94	184	108	47	90
64	40	64	67	83	64	107
47	47	40	30	30	47	30
91	22	168	139	131	16	31
178	37	178	37	178	179	37
115	22	139	168	22	139	139
184	172	184	90	176	116	149
47	171	139	41	184	158	93
61	167	159	62	61	159	62
78	78	43	37	37	37	78
145	97	97	198	198	43	97
144	116	144	135	144	135	169
44	124	96	72	180	96	96
108	149	55	78	28	83	70
117	109	130	62	60	134	163
56	29	42	72	72	134	72
129	129	61	61	129	22	61
71	71	71	65	62	65	65
166	162	138	89	112	30	166
121	165	132	165	17	181	66
129	129	164	153	129	164	164
143	184	86	114	77	151	143
163	105	151	156	23	72	171
164	35	63	75	144	164	99
61	145	61	187	36	115	84
39	44	166	166	173	44	173
46	17	97	52	130	97	97
11	89	89	158	89	118	59
81	124	65	108	176	26	63
165	83	73	105	105	165	73
74	103	68	126	39	121	158
130	99	99	130	107	107	27
156	111	156	111	111	156	28
48	48	48	134	134	134	26
184	99	10	31	99	26	166
145	139	65	139	65	131	145
13	167	62	13	166	200	13
27	91	47	23	146	23	109
181	181	47	181	47	143	47
145	78	54	25	143	145	145
97	145	55	131	45	102	97
52	114	59	52	59	114	15
44	60	39	44	44	60	60
59	59	44	121	149	59	121
20	150	20	150	55	20	150
136	136	14	15	136	15	15
167	38	38	154	38	160	28
137	21	137	21	137	20	21
105	128	177	164	24	22	148
42	42	42	19	19	19	10
55	70	67	24	185	102	112
60	59	59	65	70	137	118
58	108	41	108	103	187	32
52	26	26	103	52	26	52
80	11	18	11	80	11	80
155	155	130	164	130	65	155
47	47	90	90	51	47	90
138	138	68	155	113	68	113
179	64	109	168	25	25	145
88	25	63	88	196	88	40
19	56	110	110	56	110	16
74	153	169	67	37	185	86
98	98	127	127	58	98	127
102	32	102	32	140	140	145
164	80	108	80	80	17	14
125	82	125	125	43	189	91
62	148	166	114	114	167	94
96	156	96	160	49	156	160
96	100	183	138	100	172	153
48	32	120	32	120	48	32
151	63	168	30	151	151	151
55	12	107	107	55	107	55
158	158	106	133	110	133	106
78	162	144	12	137	98	177
124	42	130	71	100	189	100
185	71	190	190	157	182	138
113	71	71	168	71	168	168
120	61	83	135	177	181	120
69	140	11	61	44	82	61
50	161	161	187	187	187	161
28	148	30	72	14	53	181
40	73	164	40	168	40	168
55	126	50	55	13	58	138
82	43	107	107	82	165	107
163	75	75	163	119	75	163
154	172	143	173	56	154	154
109	70	22	22	22	51	109
23	99	84	107	168	37	89
136	34	92	92	92	37	134
148	86	23	170	72	76	118
199	164	175	164	164	200	138
77	25	139	25	77	77	25
59	82	59	129	129	116	82
114	114	114	111	111	35	111
21	178	11	77	140	154	185
140	75	112	93	156	154	150
69	170	38	38	170	38	170
167	85	167	173	166	188	167
55	181	11	132	181	72	141
26	163	126	66	66	66	29
173	173	173	187	187	135	187
188	138	188	150	150	150	188
46	46	104	17	91	17	17
109	17	144	130	175	130	177
124	76	160	76	175	58	76
120	120	45	42	16	120	167
95	88	151	95	36	109	129
42	134	42	15	175	42	108
26	150	113	150	150	113	91
128	128	63	128	63	63	156
42	159	27	84	193	27	27
134	151	145	145	45	82	75
73	143	119	24	73	73	22
186	152	14	116	141	186	186
104	106	162	82	82	52	25
141	178	13	130	61	13	178
174	185	185	49	12	93	112
48	48	48	125	43	43	43
20	82	91	153	111	139	173
86	147	142	147	178	116	147
189	189	133	133	133	189	85
81	81	106	106	106	59	81
131	109	46	72	72	72	108
138	138	67	33	67	168	168
145	145	58	89	89	145	89
98	21	152	152	152	98	98
98	98	38	8	8	98	29
47	69	49	178	45	47	47
176	67	67	179	143	143	176
27	27	123	11	123	80	123
81	84	54	112	54	84	81
34	132	132	123	134	84	132
69	25	172	167	86	183	69
63	104	99	189	93	104	91
39	39	161	161	122	122	141
29	54	54	29	29	54	129
136	113	155	113	155	124	136
35	134	160	134	172	172	160
97	138	138	97	99	138	97
142	43	92	39	92	106	149
71	127	38	143	143	54	143
190	184	132	112	112	133	112
17	14	70	70	14	70	14
103	39	50	87	137	34	162
151	21	142	150	183	150	150
177	177	140	140	186	21	121
39	89	38	122	49	89	89
167	120	115	55	115	162	175
46	171	56	179	44	13	128
90	149	90	38	149	90	149
75	15	77	187	106	184	109
75	121	180	165	39	98	75
128	128	128	181	181	17	181
86	92	78	92	170	86	92
17	148	112	148	17	17	148
130	190	137	121	58	148	58
197	30	30	30	57	172	34
68	147	114	48	45	122	190
90	189	48	106	14	162	182
109	89	58	58	58	89	89
17	118	17	118	42	17	118
76	76	76	196	137	71	164
164	160	167	167	21	169	59
83	14	47	72	72	72	86
96	73	96	73	149	73	96
115	25	115	25	148	115	25
109	109	120	95	109	109	109
134	163	148	163	122	148	134
37	38	38	95	161	38	18
51	132	132	160	160	82	132
115	78	78	78	18	148	148
120	92	120	35	65	120	51
18	106	23	69	159	55	97
149	104	51	65	106	115	132
30	154	37	80	61	30	60
163	139	94	58	37	85	181
162	60	162	60	119	60	162
77	65	179	112	77	109	90
174	48	174	120	174	120	120
84	21	84	21	189	21	84
140	128	135	128	51	128	51
36	151	96	168	96	18	158
170	124	170	117	31	169	117
26	177	154	23	26	145	117
182	166	158	178	94	182	83
123	92	33	111	33	33	41
67	50	168	50	50	67	67
46	46	71	15	46	71	71
117	117	125	125	77	125	117
177	121	85	123	112	105	147
41	134	55	175	156	80	116
62	114	15	114	28	114	15
51	51	100	100	114	100	51
116	67	34	35	35	18	35
42	112	179	42	165	114	124
7	44	6	6	7	7	123
111	11	107	178	15	60	16
23	81	57	16	56	36	56
179	179	88	185	88	88	179
121	70	80	102	98	98	120
121	38	121	38	121	82	38
17	17	17	38	38	14	38
16	74	16	16	91	42	53
85	178	194	178	39	178	92
123	123	123	39	39	141	39
101	78	91	134	129	13	78
46	186	44	46	50	80	46
84	94	41	56	108	124	20
90	90	102	90	102	102	88
126	170	44	44	126	27	27
45	30	135	157	106	173	173
116	116	33	78	116	33	33
123	75	145	63	33	153	121
144	144	79	60	79	144	79
127	105	153	173	173	46	173
22	44	44	13	22	44	22
10	178	133	76	110	27	76
157	184	43	157	25	10	104
147	70	144	147	70	70	147
100	72	79	148	173	68	72
51	51	72	72	55	51	118
41	74	21	41	41	21	152
132	132	107	83	83	179	179
145	17	59	120	145	176	145
50	132	156	60	10	40	50
67	67	44	67	128	165	196
174	54	54	181	174	174	54
106	171	106	171	73	106	171
168	114	80	168	165	80	165
159	85	157	159	159	85	85
188	71	154	45	140	140	122
114	114	114	22	114	114	114
42	84	95	166	92	95	73
79	103	161	103	79	150	103
124	142	115	64	152	107	33
107	40	112	167	112	107	167
44	62	172	10	10	32	126
87	76	87	172	153	165	151
63	90	38	63	63	112	166
133	42	54	67	111	133	15
157	37	150	70	91	61	170
86	152	175	138	106	163	175
14	183	189	78	185	109	14
182	76	92	76	76	92	92
130	130	87	130	87	87	21
87	108	180	60	143	185	164
179	179	38	91	179	38	38
92	99	92	68	68	68	92
104	37	104	104	152	154	70
56	17	93	17	93	146	146
118	41	118	144	118	41	41
134	131	134	86	134	131	131
90	112	42	42	9	42	112
24	138	10	43	55	23	81
124	32	131	171	124	96	65
29	24	29	24	24	142	29
148	166	107	148	148	107	92
141	198	198	142	47	198	127
99	99	147	99	133	147	147
60	156	27	27	40	156	49
105	105	24	146	105	146	146
176	94	127	33	116	176	176
22	134	22	153	134	22	134
58	58	33	58	23	23	23
143	48	80	80	80	143	143
49	17	49	48	36	49	80
39	130	87	36	33	159	87
89	146	154	146	63	116	46
116	170	109	109	81	34	115
104	180	47	186	63	19	19
55	55	86	87	171	24	23
120	56	163	56	28	163	56
152	110	71	18	107	63	190
94	115	42	156	100	52	87
21	172	185	172	162	143	185
78	23	68	51	125	78	78
114	95	34	80	64	52	26
88	161	46	156	184	156	156
21	114	21	62	149	103	53
56	37	37	114	114	135	56
85	23	85	110	23	23	55
36	65	65	79	36	123	123
29	76	137	118	154	154	130
122	18	18	122	122	106	18
144	41	58	97	144	144	58
10	46	69	10	10	46	46
124	193	164	156	193	150	193
129	63	103	19	34	63	56
79	99	163	162	28	28	113
117	155	155	117	103	155	103
176	157	102	102	79	86	102
157	157	82	63	138	138	82
114	185	117	127	127	188	17
108	76	87	48	76	163	153
37	46	39	46	64	64	46
78	143	21	176	21	176	78
61	71	117	128	117	71	61
173	173	173	194	125	158	18
111	24	197	131	111	111	24
32	167	172	71	32	167	172
116	116	84	84	160	84	116
81	137	77	181	113	158	181
122	83	83	12	83	12	12
84	169	54	117	29	84	19
48	31	114	31	31	48	48
45	177	45	177	177	45	74
190	17	173	170	173	91	77
33	33	113	127	67	189	33
148	45	186	159	128	38	164
179	80	170	108	179	108	80
81	119	41	91	184	85	179
187	74	164	74	54	135	135
89	29	29	73	121	29	121
68	68	126	14	129	68	106
12	12	69	88	12	88	88
28	15	121	167	167	39	131
138	52	189	45	22	138	59
85	85	69	82	77	142	131
137	111	155	152	75	178	51
62	71	169	103	71	121	165
96	84	107	82	125	101	34
59	45	71	88	21	13	149
20	196	20	185	133	20	111
57	33	33	97	138	105	45
43	97	61	43	100	100	61
62	47	159	159	47	62	20
146	178	32	77	140	55	133
132	132	63	80	144	153	132
25	19	19	25	19	66	25
81	123	81	40	45	44	110
56	157	161	198	63	198	198
87	106	108	98	87	82	90
102	186	100	94	58	25	10
29	75	129	146	36	75	53
142	160	153	153	142	165	165
39	114	163	39	79	39	169
56	56	91	61	92	56	134
173	175	150	141	172	175	175
32	32	115	124	115	32	115
113	113	113	102	102	65	103
16	65	16	174	117	35	188
97	141	127	58	149	24	141
49	145	132	113	101	168	132
11	45	186	163	142	158	51
28	101	178	15	28	141	24
19	88	170	140	54	54	188
155	31	31	42	42	31	102
80	137	190	164	62	140	141
170	170	120	188	120	120	170
70	70	64	64	16	70	64
117	22	48	174	46	83	90
112	154	104	154	154	104	104
70	71	159	163	164	115	120
46	32	30	131	131	146	164
168	11	163	188	78	163	125
33	16	18	45	45	18	18
110	43	43	56	56	87	110
179	47	10	85	38	174	21
160	19	91	117	66	17	99
146	163	107	107	107	163	163
90	180	88	184	88	188	88
77	182	75	35	130	149	77
146	146	185	146	65	98	184
92	78	131	40	44	173	40
104	178	125	94	174	32	15
176	176	148	164	104	45	104
110	76	178	76	145	126	156
37	174	130	45	23	64	40
130	71	64	54	117	165	151
69	114	129	69	129	69	129
18	18	18	84	23	153	13
108	108	182	139	139	108	139
16	16	47	140	47	138	16
174	77	164	190	77	78	148
160	74	98	97	114	58	11
137	137	152	175	24	137	154
157	75	24	84	151	75	78
108	17	78	46	108	17	46
164	80	26	76	26	84	26
158	158	119	77	21	161	149
107	147	107	147	147	107	105
71	125	146	71	151	130	71
90	21	21	83	91	168	66
163	59	54	102	15	156	163
86	134	86	86	134	134	134
171	171	45	61	61	84	84
156	81	134	44	156	144	156
147	52	133	72	38	29	190
67	67	82	119	119	82	149
137	62	166	167	62	169	10
103	164	100	50	92	184	58
115	197	44	144	90	144	144
135	149	149	105	173	35	39
60	84	24	118	84	84	60
52	52	199	109	104	52	73
107	15	107	161	93	15	107
79	123	76	158	41	41	54
38	93	55	46	38	81	21
170	73	43	170	69	22	154
180	87	11	163	116	43	180
93	23	132	139	23	132	139
144	62	175	116	163	116	182
44	125	123	123	181	166	65
124	137	91	88	28	37	88
13	47	47	13	47	77	13
134	115	134	115	121	134	115
182	35	166	122	109	109	64
189	177	68	130	76	142	177
110	70	100	94	165	87	167
151	118	62	118	101	27	118
85	85	85	36	54	54	54
35	35	157	41	49	157	49
188	91	162	189	76	185	118
33	170	122	33	33	170	170
69	168	168	124	107	186	168
40	174	198	169	160	40	40
122	151	151	151	132	169	20
170	167	159	170	16	170	16
175	141	185	185	132	118	17
144	21	101	123	21	123	101
72	82	72	82	72	82	23
68	68	33	33	99	33	68
29	53	98	119	172	52	119
67	65	87	155	48	67	44
164	35	35	107	35	164	164
176	109	129	199	116	176	176
34	162	179	179	162	34	31
141	166	166	13	87	84	166
124	89	72	72	46	47	72
107	30	107	158	30	107	30
164	47	47	11	153	47	141
126	77	32	186	126	47	171
146	39	117	53	59	53	56
169	35	185	169	169	35	35
98	135	109	91	93	98	78
37	170	65	65	58	63	13
87	72	38	38	72	87	177
128	152	128	178	178	45	152
139	54	97	147	23	71	71
117	12	46	75	117	47	66
90	21	112	62	131	119	131
103	37	51	103	51	103	51
55	75	57	102	55	47	19
95	100	106	106	100	106	106
83	36	124	53	107	36	36
33	146	192	146	50	146	145
99	152	152	37	176	173	158
25	170	66	26	136	25	97
146	174	146	66	66	156	156
140	140	140	32	32	32	92
75	75	65	94	22	75	17
20	172	81	172	158	90	76
176	139	149	26	123	176	41
83	82	23	190	86	80	70
59	77	35	81	147	10	35
190	24	74	35	42	119	111
82	117	110	110	82	89	89
179	128	11	179	128	179	128
54	137	16	54	150	53	51
70	73	123	73	73	70	70
35	120	64	120	130	120	76
174	174	174	156	93	126	174
50	50	18	13	18	18	50
47	105	134	115	155	109	105
185	185	185	133	133	133	123
25	27	67	83	67	25	27
137	155	143	115	115	44	187
48	60	60	145	60	145	145
25	74	118	25	16	16	74
41	174	115	151	174	174	49
54	37	152	152	46	152	71
97	73	39	79	46	134	134
100	182	60	100	100	182	182
154	26	81	38	26	144	184
122	109	179	167	118	14	99
100	48	48	103	110	100	110
178	75	183	103	178	177	17
187	78	187	78	187	78	78
27	59	77	27	27	112	77
79	155	62	70	138	14	163
39	120	144	174	27	120	58
94	73	69	77	109	36	69
180	60	180	45	149	150	29
70	57	57	70	147	57	70
117	82	98	85	85	88	35
65	65	65	11	63	180	58
155	51	127	19	19	51	155
176	67	26	26	26	30	85
58	129	112	58	187	186	92
62	28	28	163	62	62	28
13	94	25	117	25	80	60
112	163	126	186	97	90	124
68	68	124	114	114	68	114
52	144	52	129	52	180	169
26	132	132	39	103	109	20
55	71	112	111	133	67	106
161	40	40	40	35	35	35
133	9	54	7	7	133	7
40	172	33	33	120	120	40
60	144	14	144	144	14	14
119	55	36	55	151	68	167
186	159	85	159	167	101	112
72	62	149	87	62	152	126
20	72	108	119	50	56	108
44	144	124	151	124	151	144
78	78	28	167	83	78	167
19	53	125	158	110	189	96
58	58	119	119	111	172	111
107	172	57	172	57	61	61
65	65	18	65	149	18	18
33	33	33	67	85	35	76
104	54	134	91	87	104	129
82	95	17	94	181	76	177
89	158	163	89	95	165	19
157	187	160	126	126	21	38
28	53	28	73	173	173	73
116	129	129	160	116	116	116
106	136	138	138	106	106	80
54	107	54	54	119	79	14
153	167	29	153	114	49	153
10	30	158	10	30	30	10
36	168	168	34	44	176	36
131	36	62	62	131	62	131
68	150	56	80	80	80	161
83	93	93	93	17	83	83
119	176	119	95	161	176	161
78	105	86	105	86	78	71
17	137	176	50	106	140	17
131	82	85	62	19	19	19
151	77	93	89	95	23	95
61	88	144	61	88	88	61
81	131	136	157	72	44	131
49	94	83	49	41	83	41
154	36	154	152	38	152	38
76	167	76	167	76	167	167
128	55	55	128	55	162	128
150	101	101	123	123	150	108
59	118	63	118	118	63	63
76	135	167	49	74	167	89
42	106	43	137	27	137	137
28	76	101	14	28	125	42
82	177	147	139	102	96	67
53	53	101	42	127	53	135
56	152	152	122	76	152	60
32	111	111	111	32	32	104
13	191	191	47	108	22	191
150	127	149	126	169	82	13
134	127	127	116	127	39	182
161	151	94	40	151	151	146
78	139	84	118	63	60	148
149	149	93	149	33	33	33
120	136	60	136	62	62	120
34	24	108	24	112	151	86
25	80	163	156	30	176	30
179	40	40	179	40	10	179
151	159	80	30	28	90	44
141	102	121	199	155	121	121
45	61	45	128	61	45	61
45	123	103	148	148	143	148
154	47	113	116	55	129	113
163	86	163	81	86	86	163
96	145	82	25	96	131	13
183	183	67	78	185	10	174
133	150	183	107	133	58	169
187	174	35	28	49	24	49
30	147	101	62	179	179	21
24	113	113	54	113	54	54
14	87	70	14	87	14	87
146	71	103	32	26	78	146
22	163	43	20	175	49	77
134	64	134	68	68	111	111
103	97	125	103	125	103	125
132	87	105	116	12	63	124
29	180	12	18	50	39	132
64	64	12	153	63	64	159
189	36	163	36	92	97	28
188	61	188	61	188	107	61
104	184	135	104	104	184	184
90	90	139	90	127	89	89
128	78	43	86	180	171	131
35	86	185	86	86	35	35
105	38	111	52	105	52	38
46	141	43	141	46	141	46
100	89	151	121	46	38	38
93	169	79	169	18	53	188
111	69	128	41	40	69	162
182	182	123	123	45	123	182
179	179	16	179	67	67	67
142	137	71	71	137	137	71
30	27	177	177	27	30	81
165	11	11	165	182	11	165
134	45	113	77	65	174	13
45	45	45	133	174	120	55
120	58	13	107	179	138	65
50	110	110	30	110	189	34
36	121	85	49	84	36	36
146	112	186	12	147	113	102
17	85	17	85	173	150	150
19	148	11	19	19	11	11
112	112	62	112	62	62	166
98	150	30	127	58	150	119
184	160	24	174	184	184	141
170	104	49	144	129	88	95
116	42	173	116	42	116	42
151	46	85	46	85	97	97
179	55	105	20	105	179	20
92	92	146	126	92	126	126
136	181	105	181	181	89	146
184	140	180	180	105	188	180
106	151	173	136	126	67	45
112	139	91	24	110	28	122
126	134	134	134	126	126	164
85	155	138	56	142	129	117
99	103	95	95	99	95	99
96	42	155	113	11	113	94
190	85	85	120	85	190	190
39	105	28	73	164	129	105
117	117	117	134	47	156	134
80	79	189	80	11	101	35
146	134	27	134	27	27	134
40	172	60	106	20	83	184
110	116	150	164	159	37	117
110	68	172	45	172	172	42
42	160	64	136	45	64	64
103	28	179	109	179	28	103
71	157	157	71	186	71	157
114	157	157	57	157	57	57
15	189	161	15	161	161	15
73	82	73	82	15	44	15
115	155	35	31	182	39	51
58	85	35	53	111	35	165
72	110	110	110	72	138	72
80	26	167	102	73	65	79
107	92	42	92	92	29	156
146	128	188	46	16	82	123
102	155	94	37	94	79	94
176	80	57	12	48	22	12
13	88	57	33	13	13	33
55	97	55	140	97	140	95
28	50	84	140	176	94	176
115	184	115	160	160	160	115
62	34	62	62	34	63	34
58	58	68	42	58	68	68
48	64	97	165	48	185	177
130	17	189	125	183	166	174
28	117	91	34	76	76	138
88	111	111	90	88	45	90
108	170	170	51	14	170	158
98	53	53	63	98	98	53
121	121	143	143	121	64	143
168	176	33	41	94	176	93
97	168	183	38	69	146	177
20	71	71	129	20	118	85
128	82	138	84	146	128	128
81	38	72	156	125	81	108
150	37	13	119	16	66	168
26	118	26	147	147	147	26
12	187	98	121	135	183	134
81	82	76	82	101	111	158
179	95	95	160	184	144	65
151	158	168	166	125	128	166
177	120	84	126	30	84	10
192	192	192	61	155	123	179
130	112	15	42	82	57	182
128	84	45	22	72	123	128
165	153	61	14	70	105	186
151	22	116	145	29	173	104
12	84	50	12	49	24	12
100	160	54	54	100	160	160
29	29	29	29	29	29	147
51	41	98	98	80	80	51
17	58	84	17	17	84	84
180	10	10	130	170	180	100
127	159	62	127	159	62	72
143	130	130	130	143	34	143
151	165	24	123	134	24	138
125	133	125	16	155	36	14
133	123	15	136	148	148	29
48	48	99	99	48	146	99
30	104	47	96	96	96	165
28	120	81	120	28	62	62
87	66	76	138	138	87	87
152	181	174	18	184	24	70
145	26	26	183	104	26	55
81	187	59	156	60	47	51
186	175	154	121	174	175	175
24	108	108	108	24	24	67
31	184	137	184	170	79	74
127	63	63	156	165	165	127
160	140	65	137	179	85	156
96	31	130	130	191	81	130
80	12	194	194	194	136	34
64	140	176	156	125	142	36
98	110	113	161	110	161	113
143	78	5	143	5	92	143
144	89	83	144	89	135	135
49	63	47	47	63	47	63
191	152	148	34	34	34	42
49	20	124	50	124	49	49
113	171	170	60	63	170	15
79	79	78	12	134	144	110
182	182	28	182	28	28	68
187	106	187	111	138	156	23
44	182	57	124	111	172	124
150	139	150	61	150	139	139
59	11	23	59	57	11	59
22	22	22	55	64	169	170
36	31	15	100	100	36	36
149	164	20	136	167	136	73
110	61	93	127	110	59	145
116	108	69	69	69	176	70
135	57	37	150	143	18	146
159	84	25	32	106	32	160
140	107	166	116	81	120	57
152	99	39	115	152	14	152
99	69	99	170	163	32	76
66	94	66	146	146	146	66
23	116	23	22	22	116	79
119	18	151	119	20	18	119
148	173	77	180	179	22	167
24	157	75	72	91	72	36
96	29	96	146	23	143	129
103	27	139	15	103	74	74
115	22	22	68	120	22	40
46	85	69	69	85	94	46
166	21	21	166	94	166	21
177	170	177	177	82	99	173
106	76	31	113	31	60	122
155	47	92	23	155	47	23
136	31	129	117	186	156	111
156	156	53	53	156	53	122
115	99	104	23	89	54	171
68	122	179	122	199	122	68
58	70	70	54	51	58	54
115	128	35	115	126	41	174
67	174	174	90	54	121	174
20	20	24	20	24	18	24
60	37	153	153	171	153	126
20	92	75	48	67	99	116
54	23	109	109	88	175	72
93	43	136	93	136	136	93
89	61	56	56	61	61	56
129	65	94	190	18	129	129
41	167	13	124	167	167	41
174	138	174	144	144	144	174
69	116	169	98	114	123	34
132	114	84	179	31	134	132
186	11	136	11	67	10	67
178	36	98	36	98	36	98
67	25	67	67	25	99	25
149	41	149	41	74	41	149
170	23	170	170	23	23	153
163	40	51	165	113	40	48
134	134	46	46	30	134	134
72	184	44	72	186	45	152
39	58	133	45	41	189	41
139	139	88	152	21	21	152
18	25	25	25	79	45	45
28	85	85	28	74	28	85
17	66	115	76	158	66	112
11	97	32	32	97	97	32
122	126	41	85	180	41	41
84	84	140	43	38	140	43
181	171	15	23	14	171	137
34	44	34	51	44	34	44
115	154	61	78	26	71	71
150	103	87	150	97	83	150
56	149	149	56	149	56	60
84	118	154	185	20	111	105
51	40	163	149	40	51	149
135	162	162	162	130	167	184
43	145	136	80	81	66	81
40	139	32	111	32	90	32
11	142	142	39	38	142	142
28	125	125	93	28	80	125
87	143	190	72	111	87	124
155	36	67	155	28	155	28
195	129	195	192	195	75	194
108	158	158	108	108	158	63
127	56	127	56	56	16	127
39	110	39	39	82	113	63
151	151	75	151	192	102	103
173	176	173	130	130	55	55
130	67	116	82	169	169	116
107	185	104	193	200	107	107
6	33	33	129	6	16	6
56	22	56	43	22	43	131
182	182	41	67	150	182	103
148	33	33	47	48	34	18
192	79	150	172	147	79	79
17	158	17	17	89	158	158
17	88	17	17	88	125	88
70	97	115	97	115	97	115
30	92	11	40	11	54	11
27	97	27	177	48	32	27
76	76	138	76	40	40	40
43	66	59	66	91	117	39
149	11	48	85	94	174	149
159	171	74	76	159	171	74
74	122	74	74	153	153	116
178	161	145	107	24	95	107
125	125	125	125	165	104	104
61	49	145	19	19	18	154
16	95	69	152	168	19	16
91	89	42	120	32	145	92
148	182	182	156	118	182	67
19	179	19	132	199	19	173
144	144	168	156	73	16	157
55	128	128	179	14	98	174
79	189	118	156	53	174	60
44	165	52	108	177	108	119
117	51	164	33	51	164	117
38	122	38	122	63	122	38
42	110	110	150	44	150	110
163	163	81	59	132	115	163
54	54	178	178	54	178	14
58	53	142	142	53	53	142
114	114	165	165	46	165	114
12	123	12	123	23	12	37
31	68	14	31	39	82	134
45	152	14	109	45	127	62
77	89	89	147	14	131	53
105	66	66	103	66	105	105
92	106	92	24	106	136	106
158	35	167	177	184	158	103
13	11	13	179	179	13	179
108	184	135	184	110	177	110
96	60	62	73	106	37	28
61	49	27	27	41	139	13
185	44	185	93	66	185	113
70	48	48	70	99	70	48
70	42	88	88	42	42	88
16	7	16	63	16	62	63
56	58	58	58	56	168	56
136	111	136	116	136	155	176
103	100	40	118	118	197	118
168	113	168	91	91	168	91
42	28	52	161	52	33	170
35	86	35	141	35	21	85
29	30	30	190	48	10	30
73	10	156	102	17	36	136
45	152	27	75	27	27	37
62	183	71	79	97	34	79
37	118	16	96	14	96	96
24	24	53	53	134	53	24
60	50	185	182	86	158	115
50	57	139	50	37	103	72
199	80	199	150	183	199	59
15	132	74	176	15	81	85
50	153	29	153	102	96	56
63	23	50	180	188	63	63
10	52	135	52	52	10	10
141	83	141	62	83	133	133
48	166	48	125	48	125	125
88	14	139	117	79	88	16
119	190	98	35	79	119	98
30	52	83	83	170	30	170
180	86	45	132	173	151	140
50	77	50	158	114	152	142
74	63	129	74	94	94	63
175	143	69	21	172	139	57
28	126	31	175	178	13	39
118	76	118	139	118	139	139
128	139	25	128	139	139	128
188	19	19	52	78	128	111
114	87	114	114	87	87	124
69	69	66	109	69	144	182
141	28	28	141	121	141	28
42	168	127	43	98	19	181
77	56	100	116	95	140	77
160	41	156	142	152	23	120
65	65	181	86	65	181	181
92	161	17	164	27	175	108
150	180	180	45	46	107	180
18	113	141	141	76	150	30
143	90	92	165	95	118	167
94	105	16	26	105	94	94
65	84	163	153	41	83	153
7	39	7	39	46	7	112
169	37	37	169	37	169	49
81	64	130	14	140	106	106
125	164	22	161	124	124	137
139	45	34	79	134	71	188
130	16	24	16	128	16	101
88	156	149	23	23	88	88
17	163	63	175	42	42	107
52	52	123	52	123	124	123
78	138	119	147	138	147	119
38	38	136	123	141	15	55
108	135	90	135	108	144	144
40	20	20	79	135	120	81
83	83	83	82	173	82	82
94	33	135	135	135	33	33
94	94	153	140	46	57	58
71	116	159	108	39	116	186
10	157	162	82	74	13	113
77	184	84	161	59	12	84
145	122	145	145	122	122	106
28	28	28	34	32	32	32
14	65	14	65	14	20	65
58	159	178	147	125	68	125
119	60	87	119	119	43	31
86	152	51	164	148	112	72
57	111	28	126	87	117	126
26	60	60	60	132	26	26
148	109	188	102	40	15	184
10	10	200	10	83	82	53
183	129	67	21	63	30	40
162	126	179	145	156	63	145
134	186	129	135	184	129	129
181	181	170	170	179	170	181
187	132	93	24	90	31	90
86	86	58	168	124	116	66
126	42	42	181	193	126	42
112	155	158	116	112	112	169
192	38	38	38	25	109	112
29	134	134	29	29	100	134
74	138	74	138	74	138	28
86	63	63	63	56	44	182
25	153	179	179	25	25	179
130	155	175	130	35	26	22
33	78	154	39	32	66	78
57	103	57	144	103	144	103
93	92	70	175	139	175	110
97	136	35	126	148	136	136
98	158	98	174	79	98	194
97	119	171	112	112	119	171
43	33	43	180	43	27	11
124	188	65	70	83	83	83
17	16	14	38	81	78	117
166	95	162	107	172	141	126
123	123	129	129	129	82	123
38	100	48	146	155	38	156
132	148	136	148	148	123	123
178	25	54	183	44	54	35
61	31	142	61	142	31	67
130	188	130	32	130	188	188
60	165	165	55	60	116	55
110	187	138	84	117	187	175
125	157	13	181	13	13	107
134	135	135	100	135	100	100
36	36	19	35	180	114	36
178	162	46	169	178	172	178
70	175	70	70	175	189	175
155	37	155	47	155	37	37
129	146	190	129	129	47	171
132	158	109	103	104	61	165
160	33	44	44	155	160	186
27	49	49	10	142	183	22
136	78	78	71	45	71	136
94	76	27	175	175	76	94
21	45	112	168	45	91	154
14	13	160	107	171	131	107
164	134	164	164	134	134	135
144	166	98	98	96	131	98
140	140	110	114	114	110	29
148	29	31	29	148	29	148
50	114	100	102	100	31	94
114	118	118	114	114	183	118
120	156	120	99	46	143	30
170	172	128	170	170	64	111
51	58	58	58	51	51	89
44	86	53	178	178	39	43
131	131	61	61	61	69	131
35	35	70	16	170	67	21
39	173	49	135	49	37	23
97	51	84	153	51	153	153
115	119	115	98	186	142	91
53	187	154	84	105	105	141
115	137	173	171	115	115	122
110	110	110	75	53	75	75
66	116	29	200	29	29	40
107	107	107	199	81	154	39
178	178	129	156	156	156	178
19	88	27	81	166	166	16
105	30	147	84	69	30	147
108	70	140	92	70	144	175
43	82	43	17	17	82	129
39	122	122	48	47	19	143
22	40	22	69	69	69	28
172	132	89	89	132	132	89
74	108	148	152	145	85	121
185	32	32	113	113	32	113
167	50	95	61	23	160	31
100	95	11	61	66	43	87
146	81	146	81	146	81	176
167	188	100	80	162	85	126
90	55	39	134	89	31	66
117	117	34	72	153	34	34
109	136	136	136	71	80	86
93	114	93	114	114	93	74
11	48	11	11	151	41	64
169	109	63	109	169	86	169
88	180	123	160	180	41	80
31	55	52	187	62	110	187
10	104	129	67	191	67	67
126	126	135	61	126	135	135
55	125	197	55	55	153	13
28	163	178	163	163	178	178
10	183	183	10	183	10	141
24	66	40	98	39	89	39
177	83	137	108	171	23	150
81	81	173	110	110	40	40
124	114	111	70	114	111	124
92	92	135	92	66	135	135
180	180	138	138	154	138	180
112	77	83	112	159	112	170
38	180	180	180	90	90	90
113	96	101	101	114	137	83
51	94	32	168	98	90	172
85	15	85	142	142	142	139
20	20	20	147	147	147	113
61	61	123	87	34	61	94
142	158	23	112	119	119	124
186	186	186	72	83	72	72
185	175	49	164	111	40	144
115	186	88	36	36	187	154
143	124	124	80	143	124	143
63	63	63	128	7	89	128
134	84	37	180	14	148	180
99	87	111	13	111	111	40
35	85	31	51	35	51	31
56	101	101	101	83	56	106
76	116	148	52	26	164	107
62	128	128	69	86	128	196
118	133	118	133	133	97	118
17	17	77	17	77	149	77
126	75	126	126	70	75	75
19	19	19	41	41	41	178
80	28	67	28	128	28	133
56	86	86	148	151	151	56
157	69	173	138	173	173	133
47	97	97	134	90	59	38
163	109	118	118	163	163	118
142	132	176	176	140	19	67
105	190	110	97	97	97	63
163	120	87	137	163	163	44
174	174	33	33	174	33	86
132	171	15	58	166	131	85
72	185	185	72	185	72	149
80	147	147	147	138	59	80
27	163	200	200	200	178	48
91	83	83	109	109	109	83
13	22	156	136	156	73	156
156	98	98	156	98	156	104
127	122	25	90	35	59	170
94	186	186	186	145	159	139
88	88	38	38	88	53	38
39	64	26	64	39	39	64
154	26	154	26	154	26	151
63	138	34	138	155	138	155
143	143	58	112	58	143	58
187	126	35	62	67	187	187
72	72	190	85	160	141	36
62	132	112	160	26	68	46
156	185	156	156	25	55	189
159	102	30	85	30	40	30
147	101	107	95	128	147	169
23	126	126	51	126	51	51
139	146	95	146	90	139	95
48	154	19	141	141	188	19
174	122	84	60	66	41	71
14	160	160	15	160	14	14
107	104	131	37	131	145	131
86	106	152	168	24	67	24
68	51	42	24	42	133	42
63	138	42	42	63	42	63
133	194	85	133	12	163	133
14	125	175	14	14	177	77
38	163	56	193	26	193	193
141	18	136	100	108	117	145
74	41	32	159	88	15	41
35	56	109	114	36	64	36
116	119	117	117	39	117	191
184	119	162	10	162	162	76
120	77	29	120	114	135	181
74	18	74	74	60	122	60
89	78	111	131	111	111	52
16	56	73	170	123	170	77
121	186	186	121	121	114	186
18	18	79	187	79	79	18
120	135	76	82	177	13	150
159	159	146	159	112	112	112
118	145	145	130	145	117	171
168	163	55	108	168	168	163
179	179	125	125	179	45	125
157	187	51	187	79	171	15
124	124	58	71	76	14	124
106	81	101	101	54	81	54
59	41	40	18	117	95	95
92	74	126	74	22	161	185
129	113	36	129	194	119	129
69	117	59	59	82	64	59
12	42	42	110	54	107	134
163	163	29	10	29	29	163
172	27	59	59	27	27	59
119	43	110	135	140	110	110
117	25	39	115	42	146	68
53	141	137	25	55	25	107
89	18	163	112	18	89	112
64	70	64	183	64	152	27
116	116	115	115	117	116	115
150	166	150	166	150	51	166
115	124	29	82	20	91	91
101	97	153	148	178	101	103
174	141	141	79	174	141	174
178	193	82	45	45	45	195
183	116	200	37	183	183	26
97	105	132	97	138	97	136
17	14	17	43	17	153	197
188	190	190	188	188	190	146
186	129	38	157	147	51	63
71	71	168	71	168	168	46
18	32	18	148	148	148	18
83	138	113	113	67	128	55
183	50	174	62	135	183	62
177	121	137	141	108	181	139
66	120	151	92	152	128	105
72	81	72	81	68	72	81
10	51	181	159	26	26	87
50	119	119	119	50	106	50
102	102	126	184	118	102	87
187	164	38	38	187	38	187
70	173	67	74	101	101	101
65	69	90	65	116	119	141
44	82	125	140	136	44	97
133	78	21	178	156	85	95
156	55	55	156	156	169	55
125	125	146	161	187	142	141
121	123	158	158	158	121	121
100	172	66	25	123	123	123
142	142	63	142	137	63	63
174	174	167	174	138	50	11
45	131	45	105	37	83	45
64	104	186	125	153	185	115
61	61	109	109	168	61	109
181	162	151	123	162	164	162
104	134	184	174	145	87	161
50	65	45	79	45	171	173
139	68	31	134	94	94	188
118	54	54	118	118	74	120
92	89	174	92	92	165	65
35	35	118	118	35	118	83
88	141	141	88	142	88	141
17	17	22	65	22	65	30
36	190	163	36	78	15	36
36	55	15	36	36	55	55
42	77	157	179	177	172	40
84	84	134	139	104	64	122
51	38	108	108	51	169	169
129	178	78	58	87	78	105
52	15	91	91	34	52	15
149	149	23	95	23	84	95
88	40	53	39	190	141	95
91	108	108	91	108	131	91
121	112	121	112	112	100	121
173	158	173	158	173	48	158
141	87	87	141	25	25	143
79	55	79	55	85	85	128
113	16	95	56	95	80	74
54	140	140	54	140	54	169
127	66	57	12	57	91	104
89	69	45	89	84	94	189
132	128	63	132	132	51	71
155	146	82	82	48	12	30
21	166	21	166	21	166	21
29	58	106	29	58	29	58
79	130	11	79	173	124	150
124	108	174	108	174	108	174
115	108	83	83	83	108	108
132	48	139	48	132	48	132
162	162	48	107	48	69	69
145	145	94	163	145	112	15
113	105	105	113	160	113	105
149	139	118	76	118	118	76
105	119	33	119	119	105	105
160	120	53	120	38	53	160
41	167	120	167	55	114	95
57	153	153	37	153	106	26
177	127	85	85	127	85	127
68	68	68	83	107	83	83
118	120	120	120	159	159	159
93	159	81	129	175	11	84
64	73	169	54	169	161	154
24	184	76	185	121	24	124
93	29	140	151	136	30	47
124	21	135	142	19	21	21
96	151	177	186	96	96	91
39	176	103	39	103	39	103
130	72	14	100	103	31	104
143	194	145	133	112	133	133
157	157	111	191	128	157	25
142	114	118	142	154	142	85
132	40	40	141	40	132	132
128	73	138	130	130	178	90
88	74	58	74	74	58	58
180	64	10	114	95	64	103
29	81	135	71	131	94	97
79	125	79	125	188	125	79
156	175	51	51	156	81	81
144	177	146	130	187	65	166
126	61	142	126	142	142	126
160	164	91	160	91	91	160
182	83	57	113	154	83	154
34	110	146	60	80	34	34
182	139	139	29	43	99	135
35	91	115	91	14	115	91
33	33	33	71	128	69	158
177	177	64	177	64	64	132
60	60	60	179	153	10	55
58	104	104	131	94	131	131
41	41	41	59	157	59	59
50	71	123	137	157	145	157
28	28	28	127	127	127	149
123	36	37	123	37	73	73
146	129	189	185	153	52	110
124	124	64	64	155	155	45
42	168	168	168	146	42	42
54	86	17	17	17	179	114
76	152	148	60	148	76	76
102	38	141	102	35	102	38
43	106	106	43	106	113	43
26	60	188	59	59	60	15
28	28	15	101	113	173	158
132	38	38	132	132	38	14
153	15	119	110	153	119	153
87	87	87	89	116	116	116
74	149	149	100	74	100	58
180	168	151	168	151	151	168
99	172	88	88	27	40	57
60	131	60	131	131	60	69
54	104	64	64	64	104	104
109	110	88	110	18	139	110
122	116	133	122	151	14	122
79	173	114	92	25	127	173
114	17	102	141	114	176	19
101	188	101	188	101	188	88
165	98	24	24	113	165	24
47	161	67	47	153	161	67
18	80	93	178	93	92	73
150	176	68	150	124	68	176
70	49	130	130	121	60	130
187	170	52	113	86	113	119
88	15	172	136	135	133	174
135	135	167	78	174	139	135
88	144	73	61	187	187	187
153	51	101	51	33	33	101
131	131	117	117	40	131	117
186	180	186	180	186	150	180
93	78	77	78	155	88	115
109	105	153	74	74	74	107
39	105	163	149	68	127	88
102	55	35	189	158	133	133
86	120	64	64	120	172	86
16	129	95	171	160	95	185
56	122	13	111	37	106	53
11	45	45	130	45	11	45
93	31	112	146	177	146	134
112	137	137	195	81	137	188
21	21	163	21	131	131	131
50	50	118	118	118	50	38
12	12	31	12	171	31	31
85	85	84	85	65	84	84
33	27	27	33	33	176	27
145	159	20	75	116	145	169
47	92	63	33	124	63	109
146	88	115	130	92	88	88
84	33	125	84	81	84	125
20	82	81	151	81	35	36
170	170	114	12	115	170	88
200	116	89	140	200	200	126
142	104	151	86	86	111	58
33	23	101	137	116	93	53
90	90	146	146	90	146	108
68	49	157	186	35	85	49
177	177	17	19	177	72	109
184	184	53	163	38	184	53
116	153	185	13	44	141	116
36	29	154	29	30	29	154
137	165	81	24	154	90	144
116	54	143	143	91	91	91
155	86	147	155	86	78	86
45	90	109	76	174	73	14
55	102	197	102	112	172	102
38	33	38	90	79	162	38
52	110	52	52	110	8	108
181	109	75	75	122	109	141
80	122	80	70	42	121	46
161	46	54	190	75	99	38
75	61	187	12	75	140	75
14	26	48	26	26	14	14
123	39	123	39	123	137	39
43	94	13	135	78	35	132
130	146	146	165	146	106	138
145	10	36	36	10	36	10
56	19	65	114	124	132	179
37	98	129	132	98	98	138
99	86	124	84	167	99	39
119	10	119	10	93	10	26
72	72	96	131	131	72	131
56	56	161	17	161	161	147
194	25	78	78	157	78	116
125	141	125	141	34	125	141
143	145	128	145	143	140	143
67	38	97	98	38	38	36
54	170	89	11	11	102	159
51	25	21	170	180	51	51
151	38	38	173	38	151	151
157	143	107	70	168	48	48
98	104	104	104	98	155	98
29	94	89	29	89	89	29
156	25	128	89	89	89	165
193	143	105	31	105	105	186
66	154	174	154	167	114	99
64	64	121	64	75	17	111
144	144	68	17	112	144	180
21	146	40	21	40	21	40
147	65	23	147	147	65	65
26	26	22	26	102	102	102
97	97	101	101	101	136	97
44	44	112	112	112	24	76
91	146	182	142	142	142	165
47	70	47	47	109	124	122
169	72	25	107	68	33	77
64	143	64	64	143	107	143
38	38	161	161	38	161	34
51	34	34	132	148	100	59
160	160	153	160	154	154	154
124	124	119	88	119	90	88
140	140	140	148	136	148	148
129	129	137	122	137	137	129
132	183	196	132	175	132	188
24	112	112	35	35	164	112
196	192	187	23	23	23	26
104	53	104	160	188	100	104
98	67	49	119	166	190	128
131	152	153	108	170	108	171
96	59	49	111	166	59	133
47	133	125	181	25	186	166
26	111	95	95	95	188	129
110	121	157	23	34	46	134
35	13	35	20	35	45	45
134	134	55	48	134	55	55
16	82	80	82	33	42	36
59	59	25	38	120	59	156
79	79	61	79	61	61	181
47	118	47	83	47	64	41
183	19	183	42	101	144	183
25	65	65	25	65	25	107
105	105	138	138	100	94	100
158	36	82	71	168	44	105
14	69	108	137	75	14	14
196	74	193	79	79	67	79
66	152	141	132	184	93	100
141	181	179	141	181	181	141
152	100	165	67	67	51	116
150	150	49	150	89	119	133
69	83	83	69	117	83	69
161	123	99	159	159	161	123
85	51	42	71	83	42	42
132	140	189	21	43	137	86
103	5	103	14	44	103	5
18	200	137	40	18	101	18
127	159	45	75	95	95	32
22	41	41	140	41	79	79
159	63	24	182	159	190	159
12	12	29	98	12	29	29
49	93	93	49	30	93	120
77	71	184	77	184	77	184
137	179	53	93	179	93	53
15	41	24	76	137	15	141
94	166	132	98	98	132	94
142	171	94	117	56	170	182
76	30	66	66	113	131	60
91	91	91	187	162	10	22
52	72	18	10	120	18	181
31	167	142	105	167	167	31
123	123	169	85	123	105	105
38	35	35	141	188	16	35
35	35	128	34	68	34	34
12	86	179	166	123	11	78
94	94	67	94	129	67	53
21	189	146	39	21	194	21
74	64	150	96	19	74	51
164	76	76	76	164	109	164
160	177	160	61	114	114	177
72	64	166	42	75	97	97
121	183	44	44	107	21	23
12	36	12	138	93	120	90
120	177	133	14	14	14	128
187	38	87	92	87	133	44
158	17	29	158	62	182	159
121	113	84	123	121	121	48
83	153	83	180	180	180	83
32	39	29	142	156	72	29
124	124	56	124	130	130	18
123	58	138	189	189	58	149
132	132	32	32	132	27	32
21	21	165	165	64	55	21
49	45	49	49	14	157	31
21	117	16	9	117	16	16
148	24	148	34	43	85	43
50	129	129	50	50	120	129
169	89	187	144	26	164	61
156	156	118	156	141	141	141
91	111	75	125	33	111	96
173	99	99	194	35	162	99
77	74	164	21	170	170	35
180	97	97	175	180	180	97
162	188	188	188	186	162	162
18	182	18	94	124	91	52
73	34	73	34	77	34	73
142	123	78	78	123	123	78
43	105	102	105	43	102	119
131	13	77	22	119	119	119
96	51	51	96	134	134	140
88	97	111	149	89	89	65
18	110	22	22	22	118	39
49	112	138	112	86	112	197
38	71	71	42	71	71	71
14	29	28	148	80	115	17
120	109	138	36	109	36	36
135	140	167	135	140	89	95
138	133	41	115	23	138	86
23	172	172	62	54	172	57
149	150	150	152	147	147	150
70	18	148	129	26	26	122
183	120	120	183	183	120	62
84	190	12	133	15	21	15
33	27	140	33	61	56	33
39	82	127	127	145	22	45
88	55	83	58	159	88	186
150	16	16	46	25	156	16
139	93	121	121	82	121	82
190	100	33	100	116	105	105
90	68	172	89	172	137	172
111	39	111	73	73	52	101
52	88	67	65	180	143	39
168	150	153	150	87	150	77
91	14	50	14	130	32	130
92	160	139	146	160	159	39
44	132	46	46	151	46	132
35	125	98	109	109	109	164
58	106	185	185	185	58	58
58	182	135	66	75	139	154
60	102	39	102	102	39	39
166	166	65	100	63	142	56
80	173	168	80	168	80	168
50	85	71	85	50	58	58
53	133	53	99	168	37	20
132	151	125	189	10	177	60
30	30	108	73	30	96	92
26	64	50	81	74	14	178
63	111	107	17	111	104	155
65	75	158	162	135	164	61
22	181	22	22	16	159	120
189	189	189	167	125	107	146
164	60	81	174	86	131	189
56	69	153	56	56	153	153
34	64	175	152	19	147	18
9	9	103	103	125	9	165
156	156	94	168	94	94	156
196	158	158	194	48	158	39
157	88	96	131	182	187	43
16	154	31	180	55	42	39
166	96	105	40	31	190	145
100	70	100	70	100	13	70
26	17	17	108	103	17	108
165	102	117	102	130	140	109
34	113	164	82	34	113	82
149	17	142	17	17	142	142
69	182	10	182	69	182	69
12	18	88	29	88	32	105
73	75	12	180	33	33	105
165	66	176	81	176	81	165
115	60	52	16	57	93	79
139	26	138	126	38	93	47
90	116	135	135	116	90	84
46	153	120	98	57	46	152
135	175	159	104	135	20	12
109	71	104	43	71	104	109
98	50	48	127	115	68	115
97	156	118	21	83	20	53
37	101	90	133	103	184	148
11	125	153	11	127	165	184
55	132	55	132	179	179	143
89	90	106	138	152	105	46
155	192	54	54	54	194	97
92	170	22	151	92	77	101
165	10	64	10	130	37	169
155	6	89	155	6	125	6
47	157	62	191	176	157	157
34	15	68	127	50	174	166
123	123	21	149	149	123	149
159	107	134	165	12	58	159
146	149	172	42	146	172	42
165	75	23	23	75	75	23
25	25	128	106	128	106	99
163	112	20	96	27	140	14
114	35	35	173	114	173	115
68	44	77	80	163	107	184
97	97	101	134	101	101	97
101	159	40	159	159	101	101
161	60	16	16	194	16	81
176	176	146	150	150	34	146
140	29	195	107	195	195	197
136	60	138	171	183	60	44
97	153	13	109	153	13	13
20	14	20	162	22	147	20
53	126	141	143	64	190	129
124	97	129	182	59	97	105
172	39	79	17	24	160	190
80	129	157	44	113	121	100
99	163	84	84	163	99	112
186	124	16	148	175	52	38
18	29	18	29	29	39	27
80	142	80	36	80	182	58
63	135	63	135	113	114	63
140	11	109	165	46	16	48
148	96	148	96	96	148	87
145	35	141	141	141	145	145
105	57	154	136	105	12	154
186	96	103	186	103	186	103
33	33	33	167	167	167	158
56	44	74	167	49	16	39
86	86	124	19	124	86	124
45	49	124	36	118	36	32
38	72	148	38	72	72	38
114	43	29	19	124	108	43
102	6	121	109	6	121	6
108	164	164	71	69	108	69
169	116	98	78	173	95	20
59	122	115	25	155	155	17
15	101	15	63	15	96	187
117	76	30	132	30	92	41
15	184	107	139	73	73	63
17	83	17	98	17	73	197
132	45	45	87	40	182	101
105	105	167	111	167	167	105
92	98	155	98	155	164	92
126	22	126	183	183	183	126
169	174	192	174	138	174	126
157	83	185	157	83	83	157
139	72	59	85	44	140	19
94	160	107	112	112	94	107
69	69	67	67	69	67	124
148	158	148	117	148	119	148
22	103	51	22	112	108	142
132	132	38	65	132	161	103
146	46	86	86	119	153	86
101	196	196	194	141	196	102
20	191	196	59	59	59	187
81	81	175	41	175	175	81
183	84	200	84	84	13	29
23	23	182	182	182	23	177
103	131	179	30	74	146	179
65	23	65	120	34	48	14
181	106	71	65	117	56	181
48	172	79	172	79	153	48
74	85	85	178	174	174	178
107	144	107	107	27	144	144
98	151	184	70	77	17	66
73	46	46	150	46	104	126
128	87	128	87	128	118	26
141	62	171	119	95	59	29
22	75	22	76	22	161	130
171	16	54	171	129	171	40
18	97	97	97	18	128	18
139	139	121	121	139	121	86
56	183	104	11	148	141	134
156	156	156	153	122	122	122
126	171	126	126	107	180	83
156	156	44	105	156	8	44
61	61	61	171	171	171	24
184	109	95	39	109	56	109
27	27	157	172	27	185	116
57	58	140	140	57	57	140
69	107	69	69	142	115	142
60	106	60	60	106	106	110
15	65	173	65	95	93	151
162	126	134	196	162	162	119
140	140	105	140	181	124	140
64	83	83	92	64	64	83
11	112	123	20	123	19	62
63	52	67	32	119	32	53
130	130	74	33	130	33	56
80	111	87	87	87	48	87
158	168	103	34	160	98	136
91	27	168	103	103	90	103
166	136	24	36	125	153	153
154	147	35	76	76	147	154
81	158	114	77	89	32	77
33	84	33	113	33	113	113
102	91	116	113	11	11	11
114	77	134	77	134	77	134
124	189	76	21	94	30	30
21	102	175	102	102	175	175
25	43	36	142	160	39	141
130	136	140	91	128	91	13
62	177	161	161	177	161	177
48	111	12	134	174	48	101
27	118	86	118	86	118	86
131	122	122	116	141	122	77
23	23	76	23	145	145	145
164	29	94	123	125	125	125
48	48	22	48	167	167	167
151	62	62	62	151	151	140
25	133	77	25	53	159	69
19	68	193	147	19	28	19
28	152	150	150	152	150	152
181	175	181	175	175	181	172
189	132	70	76	27	98	82
79	125	125	125	84	84	84
45	54	84	152	84	45	45
171	113	169	162	106	169	169
81	146	58	171	108	81	163
160	56	179	174	174	81	26
89	84	16	185	89	89	180
50	66	50	18	18	18	50
131	108	37	58	186	164	150
84	45	45	45	73	111	32
150	150	82	150	76	82	82
157	94	101	125	125	182	125
75	43	25	75	54	24	11
152	175	175	20	175	152	152
68	161	161	161	51	51	51
12	187	90	12	153	13	148
73	164	164	164	73	124	73
139	115	173	115	173	173	115
26	22	135	164	183	139	164
74	170	29	176	46	60	29
21	154	136	67	181	138	99
84	126	151	163	176	66	66
140	145	145	140	188	140	145
34	58	70	37	44	37	97
185	78	78	74	78	74	74
155	150	18	115	155	155	100
59	54	106	54	127	54	198
39	76	39	39	163	76	76
37	127	156	81	128	108	150
68	156	45	149	149	149	111
70	148	78	148	92	40	148
121	121	38	121	179	23	83
144	144	80	80	144	102	80
175	152	137	95	87	158	87
163	76	141	163	76	163	76
94	31	149	46	84	31	179
93	13	93	13	117	13	93
128	59	43	151	59	162	190
29	141	29	27	27	29	27
35	35	170	36	120	36	35
17	12	155	17	12	17	12
13	24	24	66	167	51	24
128	167	167	110	167	151	141
67	26	18	18	18	26	26
169	47	164	194	164	164	72
93	115	98	45	155	111	67
10	114	95	156	185	137	53
38	128	38	128	38	60	128
106	71	106	115	47	28	138
193	85	131	100	24	24	24
135	48	163	26	63	26	63
52	117	103	74	103	74	103
31	83	146	146	83	146	83
181	177	53	137	122	91	151
151	87	179	46	134	112	46
145	142	171	185	180	179	115
179	179	74	179	74	74	86
53	13	53	53	13	13	114
73	78	140	128	60	74	140
144	44	36	68	140	173	42
41	31	41	96	96	41	96
70	64	70	34	89	72	70
144	123	144	123	143	110	110
176	174	139	156	165	165	124
167	187	117	117	163	16	72
10	25	25	86	71	17	71
101	22	126	105	142	126	98
83	131	154	154	154	83	83
58	58	159	143	101	65	41
112	65	112	65	159	65	112
102	186	134	102	120	102	144
97	73	146	146	134	42	104
79	88	67	79	79	176	102
13	194	14	47	70	14	14
135	113	73	120	113	61	113
22	185	66	116	66	66	171
162	95	183	88	33	95	95
65	150	91	136	185	90	77
131	122	122	105	122	131	132
80	97	97	97	145	80	80
190	42	78	67	141	109	141
142	145	142	145	145	69	142
82	146	74	118	143	144	12
122	21	136	13	160	53	92
72	95	57	16	95	120	95
107	107	157	157	57	106	22
78	159	178	52	185	185	131
77	88	88	77	88	76	77
69	20	67	20	69	69	20
25	25	186	74	25	64	89
83	152	163	152	152	83	83
165	48	131	100	165	131	48
28	106	155	25	96	34	28
99	99	82	99	134	95	140
32	182	182	182	32	32	67
164	125	125	154	51	125	173
38	41	110	50	179	91	179
142	106	68	37	143	52	139
66	65	149	66	173	196	66
17	56	148	17	25	184	17
135	71	71	135	161	135	71
54	46	165	10	54	10	126
89	171	83	159	135	51	51
30	29	136	96	96	29	30
73	73	116	73	116	64	116
76	168	168	178	114	163	168
34	129	34	105	184	34	190
185	80	80	93	23	52	81
87	80	91	13	102	110	72
74	111	64	10	106	84	64
24	31	146	41	175	42	93
85	176	176	114	90	90	114
115	42	95	115	178	135	128
148	133	175	133	73	10	79
163	84	187	108	10	108	114
127	72	115	169	16	71	72
154	131	154	154	139	139	139
179	29	181	34	153	87	181
182	129	129	25	182	129	182
55	55	55	112	140	140	112
169	173	119	26	46	68	96
133	120	115	38	54	75	63
88	169	140	75	78	85	125
138	76	129	138	138	76	76
33	181	159	33	139	145	142
82	54	54	17	54	17	17
81	12	24	174	112	174	174
85	85	85	100	91	100	100
113	24	113	82	24	24	113
139	37	182	185	185	107	185
66	46	103	107	81	94	46
109	40	40	109	109	159	40
88	69	43	142	82	120	173
130	146	130	174	174	146	35
19	109	141	184	161	143	82
66	66	21	48	21	136	136
184	122	26	26	149	165	13
131	106	16	16	131	131	16
64	59	82	64	64	82	82
149	84	151	17	143	78	138
198	198	41	36	198	40	184
163	94	98	158	98	94	158
45	29	32	105	105	45	29
27	27	113	22	97	117	27
84	129	116	34	90	47	188
107	40	102	107	107	40	170
30	25	120	30	25	25	30
157	28	31	40	61	142	142
115	51	139	154	115	54	150
19	103	156	156	19	19	156
61	38	59	85	59	147	59
33	124	89	124	31	110	109
35	166	166	84	35	35	117
23	138	152	74	58	70	163
97	15	59	97	97	59	59
14	76	14	170	133	14	170
177	138	146	45	186	177	177
30	176	30	179	179	179	30
43	137	37	78	37	33	144
144	19	68	108	144	68	19
37	37	156	112	83	32	136
24	28	25	62	78	98	97
110	135	25	154	187	86	154
46	119	102	140	102	100	88
173	173	161	173	164	161	161
125	64	125	64	125	54	46
87	87	10	10	126	10	148
160	120	160	118	77	71	160
38	29	29	29	176	190	148
25	80	12	27	143	105	105
58	58	58	172	58	172	172
42	77	77	42	77	42	49
177	188	150	24	58	55	150
117	34	34	104	104	104	34
41	27	92	134	169	21	113
42	32	81	32	109	159	32
100	81	23	61	182	147	81
79	88	79	112	138	60	55
131	131	164	164	131	164	131
137	154	89	154	138	51	16
110	124	16	64	185	78	177
134	29	29	152	104	107	47
120	42	87	42	42	167	167
39	39	108	39	108	108	72
44	44	94	44	17	159	141
74	141	141	162	87	152	26
81	101	72	135	57	72	20
150	66	115	66	150	150	66
121	23	121	97	121	106	149
115	177	147	135	115	177	115
66	11	34	36	127	45	124
174	135	116	62	94	94	61
33	33	33	51	51	51	86
76	44	44	100	111	16	44
75	175	38	13	137	122	171
181	87	16	105	87	113	163
155	141	71	23	155	12	155
85	85	43	161	43	85	43
147	82	48	92	92	40	49
116	104	116	92	77	103	164
182	76	46	54	41	46	156
188	102	86	45	102	152	59
65	164	102	136	103	116	164
20	131	61	131	20	20	131
132	65	39	39	132	132	39
10	80	75	80	86	80	80
98	52	21	159	183	98	16
96	58	99	92	34	99	147
167	148	148	158	117	153	24
43	117	180	142	180	180	39
65	154	48	65	154	42	48
109	127	109	127	146	127	109
133	74	133	129	74	133	74
111	147	111	111	147	147	36
179	179	180	14	42	39	84
127	188	136	136	188	138	179
114	123	77	135	114	123	77
151	151	151	124	189	124	124
99	24	34	99	170	24	143
148	169	148	81	148	169	169
48	145	165	99	85	29	157
170	158	115	170	159	20	141
72	15	55	55	167	104	55
55	99	94	83	62	47	80
98	22	98	66	149	149	22
140	42	89	87	186	184	62
107	60	116	89	166	64	17
25	128	123	43	122	25	43
160	44	85	44	160	115	85
163	115	51	51	163	163	51
154	99	154	73	99	154	99
60	65	126	35	101	146	146
56	150	67	51	74	56	84
156	88	51	84	24	67	188
111	129	64	129	64	111	174
108	69	181	98	130	110	126
32	32	67	9	9	147	9
59	59	119	49	98	63	106
60	186	107	52	52	130	52
59	62	62	62	59	62	70
82	78	60	64	32	39	64
126	172	47	71	47	177	43
72	121	117	48	48	35	151
38	103	73	138	115	122	136
162	102	132	132	132	102	102
83	21	83	59	21	83	21
93	19	171	92	133	93	89
66	69	176	176	118	168	176
115	142	52	70	115	178	49
82	59	105	105	121	59	105
127	99	127	127	40	74	40
55	121	134	55	134	121	163
11	171	166	171	171	166	166
17	122	72	122	122	94	94
37	170	138	148	95	75	52
170	170	148	104	104	148	102
27	183	27	97	121	27	118
117	77	117	71	76	14	53
98	98	116	116	116	98	20
136	161	76	76	99	191	76
82	154	102	100	184	102	102
77	143	104	143	140	143	69
133	14	125	125	64	14	125
134	159	105	159	148	105	159
164	164	155	155	146	164	155
29	151	134	98	60	107	151
167	117	167	29	117	167	117
168	118	21	78	168	21	21
139	157	58	178	58	144	17
122	114	18	166	171	97	113
51	188	11	188	11	11	188
55	55	140	48	88	120	43
21	79	28	79	28	28	79
146	116	158	24	66	37	62
49	146	146	53	49	104	146
84	84	120	28	28	28	84
157	193	158	179	194	158	158
108	169	169	66	66	66	169
12	15	56	12	28	12	60
38	38	43	68	68	76	43
132	132	53	174	78	132	139
117	140	117	117	60	140	140
99	34	99	34	34	53	89
65	93	65	65	12	12	30
116	116	11	11	131	11	116
36	36	177	177	128	145	128
24	101	119	24	24	101	56
133	52	151	126	105	52	52
133	23	103	31	37	39	107
63	111	104	104	151	104	141
144	28	168	10	10	101	10
61	168	117	64	89	162	168
12	67	153	153	114	109	160
19	150	175	120	149	23	33
64	73	84	84	120	120	73
85	148	167	112	167	29	49
66	173	106	106	106	66	66
33	108	63	82	39	49	100
111	120	56	111	99	99	56
112	112	46	98	46	112	46
117	136	161	117	136	117	136
167	119	123	33	82	119	119
49	153	181	96	66	66	66
117	117	82	73	163	82	163
11	64	156	119	177	105	177
154	137	197	16	44	137	137
79	178	111	126	168	188	61
190	161	161	190	161	33	190
45	127	186	45	40	75	139
171	111	25	82	111	127	123
153	165	107	164	153	107	165
91	75	136	91	140	176	80
106	49	46	157	196	49	49
20	24	20	20	24	24	176
133	145	128	36	145	139	117
148	22	36	130	158	145	115
173	94	123	174	124	63	94
184	181	135	189	97	189	189
127	110	165	162	156	118	80
84	84	16	16	68	16	84
91	28	28	91	91	28	76
93	93	52	113	93	19	21
54	121	60	60	140	121	60
17	52	180	66	180	17	66
35	35	35	28	177	159	139
109	154	122	176	122	131	173
119	59	59	119	59	119	112
173	34	173	160	133	87	87
10	104	10	104	104	12	10
145	129	16	119	181	124	53
43	11	135	93	185	11	11
34	79	34	79	34	79	40
127	58	115	127	55	23	127
69	69	94	53	10	69	94
176	43	180	60	43	43	85
58	58	57	58	58	58	58
116	180	180	116	88	88	146
94	70	49	40	70	35	31
16	159	93	16	16	159	159
45	81	139	139	172	139	109
187	84	46	135	188	51	188
143	143	56	143	56	97	56
159	25	159	25	159	83	25
97	116	59	188	76	28	76
37	171	167	171	173	12	62
157	176	70	65	55	109	107
74	98	67	74	12	167	17
18	115	122	100	122	80	115
112	112	108	173	173	33	33
125	26	35	135	125	135	26
59	99	113	150	99	99	150
122	51	51	109	122	122	149
35	120	35	117	117	112	112
14	20	52	118	38	14	144
75	101	75	75	101	189	101
107	14	14	72	14	72	72
42	151	177	189	74	181	149
162	22	160	177	168	54	152
22	22	100	100	84	100	22
38	79	137	35	35	136	129
91	37	164	81	87	180	152
169	154	154	96	154	96	96
12	12	114	12	56	62	105
70	57	57	92	92	70	113
111	64	111	111	64	64	184
155	35	140	69	62	138	21
185	11	128	112	37	158	38
31	31	109	20	118	33	49
155	155	157	157	155	157	46
171	165	153	18	18	165	153
56	23	179	67	67	56	179
54	130	91	122	142	130	82
48	11	11	89	11	46	134
156	62	28	184	80	78	78
193	184	86	86	86	94	59
98	98	37	130	152	98	37
161	48	137	117	117	110	148
18	51	103	118	94	21	21
184	184	151	68	49	184	110
50	182	41	153	74	182	40
158	62	71	11	175	165	66
123	49	154	145	145	15	127
165	79	167	165	167	165	165
46	182	147	137	87	87	181
110	66	147	182	34	182	133
161	107	107	25	107	31	174
108	115	148	87	86	17	17
16	16	33	33	37	33	16
122	122	75	89	75	122	75
66	61	61	144	61	144	144
44	179	189	11	19	39	73
32	178	158	158	150	66	55
51	169	182	118	19	50	169
169	130	169	10	76	169	130
123	123	76	53	76	76	138
54	54	42	189	54	42	42
179	111	57	179	35	164	179
45	44	95	95	16	95	103
18	176	166	18	178	11	106
108	87	18	87	74	87	42
35	122	21	115	91	20	160
156	143	114	143	41	114	156
107	107	56	77	97	77	56
91	161	91	106	25	106	106
29	170	170	154	170	29	29
144	24	51	17	185	125	54
72	64	67	77	72	186	80
14	26	83	148	46	118	148
124	106	78	106	106	78	120
47	154	41	158	158	154	41
150	18	18	150	18	93	150
45	30	140	30	30	178	80
139	154	139	77	172	18	139
137	137	59	31	31	137	31
114	75	32	112	177	125	131
160	86	160	54	160	186	99
93	85	109	172	169	173	181
111	37	50	106	57	18	76
124	102	102	100	175	102	117
150	123	15	123	150	16	15
131	100	100	133	13	163	158
22	125	118	125	125	22	22
142	69	42	168	95	52	52
125	67	125	149	67	67	125
88	183	88	128	183	88	183
77	190	109	190	179	10	40
118	14	21	143	110	112	74
119	94	39	159	89	137	70
54	54	54	54	150	54	54
82	53	53	193	14	106	53
164	76	76	32	164	76	164
69	162	17	69	82	82	69
50	12	12	138	187	138	12
140	71	44	64	129	33	186
183	60	111	60	76	190	60
178	50	11	100	178	178	61
148	125	125	58	148	125	148
110	28	52	188	73	56	188
54	135	54	82	41	82	41
19	44	171	87	87	179	133
121	64	185	121	121	169	34
138	160	59	153	153	173	184
137	139	137	139	156	156	168
132	122	177	71	75	122	97
10	114	114	120	120	114	120
98	147	66	46	16	144	153
170	98	51	170	170	98	98
93	179	32	32	29	200	32
175	165	165	165	66	55	129
70	105	70	70	105	105	50
66	66	84	84	22	94	94
107	74	86	86	107	86	107
89	45	48	89	116	45	116
71	187	79	167	133	179	71
179	70	118	124	70	70	122
156	156	165	135	133	85	54
103	47	93	93	73	47	47
18	173	47	80	17	25	173
37	44	44	44	48	37	37
55	186	169	107	51	169	48
73	73	73	36	36	34	20
130	194	109	130	130	29	74
65	15	24	24	15	15	24
72	25	25	63	25	63	119
45	13	121	140	13	81	13
158	91	91	158	174	174	123
12	79	10	12	79	12	79
53	22	96	46	53	190	56
97	51	53	144	53	53	101
170	183	38	27	76	29	158
30	81	30	114	30	114	108
130	130	130	189	137	172	124
57	57	67	57	57	57	57
148	20	77	77	148	148	77
21	10	79	87	87	108	136
36	185	59	92	190	120	148
20	56	165	56	27	27	165
152	121	121	121	159	33	159
105	140	140	105	140	107	19
137	87	56	56	137	87	59
169	62	62	146	146	9	62
92	20	170	170	170	121	140
89	95	65	130	156	89	81
37	142	37	77	82	77	82
45	113	151	122	98	116	98
134	75	29	134	127	60	55
14	89	14	168	121	139	14
131	131	136	59	136	136	131
59	73	59	166	166	59	166
152	35	91	91	149	37	47
17	47	22	89	89	102	127
180	141	125	127	15	168	146
22	125	118	137	22	71	168
68	68	68	192	25	114	172
46	15	25	15	89	15	183
10	101	10	101	21	101	10
85	94	85	85	77	94	53
157	129	69	80	59	157	37
25	148	25	25	127	127	127
52	33	151	151	25	52	25
58	170	37	145	55	113	11
53	117	37	90	162	37	106
139	33	186	176	119	128	176
156	156	156	168	129	129	129
100	101	186	94	22	130	97
34	92	189	189	34	34	189
174	106	106	147	63	143	95
30	190	10	21	124	30	39
78	197	78	122	62	176	78
143	143	84	84	45	143	84
63	174	105	104	15	50	105
125	72	160	160	37	149	30
166	166	166	180	50	137	31
186	156	69	142	156	34	156
19	17	101	98	53	98	34
100	66	66	100	100	66	138
90	110	41	41	89	90	110
21	173	83	83	83	34	120
70	39	39	70	125	86	39
100	162	176	162	112	69	163
145	57	57	167	110	148	37
40	40	127	28	28	127	172
132	50	40	159	51	159	132
156	37	152	86	37	152	156
30	13	30	30	102	13	13
43	22	22	32	159	159	43
48	59	58	122	59	58	122
161	161	127	68	68	118	68
143	23	108	109	109	143	109
83	129	168	74	146	14	64
68	68	50	50	172	68	50
165	165	57	165	57	57	91
132	132	170	142	142	142	132
20	62	111	62	62	111	111
93	32	39	39	19	39	118
26	26	99	97	26	97	97
32	165	32	32	28	28	28
145	107	45	84	145	145	107
22	31	39	22	180	188	117
167	107	134	191	191	77	191
14	14	112	26	14	80	121
173	74	102	161	173	190	102
95	153	49	188	47	125	73
48	18	44	44	18	44	18
41	151	40	159	172	40	156
74	178	38	178	38	121	180
146	125	146	40	125	122	146
104	154	86	37	104	153	104
88	88	56	56	88	98	56
38	99	99	78	78	78	99
19	19	68	68	19	68	84
94	94	24	94	57	24	24
148	104	61	173	163	61	32
30	62	30	23	30	23	23
40	88	77	169	102	169	129
119	65	28	29	22	95	91
138	37	138	132	37	37	138
36	112	77	77	54	54	112
66	66	66	130	130	130	83
158	52	52	39	166	132	144
55	169	55	6	55	32	32
185	161	69	147	69	181	70
139	70	70	72	43	72	43
43	27	43	80	43	168	47
125	125	139	83	190	124	52
158	88	188	16	16	43	16
165	156	50	105	64	148	23
176	56	19	19	28	28	56
115	79	115	13	115	62	47
158	112	11	188	11	99	27
78	29	142	167	142	65	108
105	105	105	36	36	63	36
143	24	143	24	24	143	30
185	101	51	28	18	150	12
184	90	86	113	184	118	103
86	109	109	86	109	109	86
181	49	117	20	117	72	125
199	44	41	59	44	44	53
158	55	55	55	158	38	158
59	54	142	47	142	106	136
76	107	26	109	107	26	26
68	93	146	152	123	170	34
22	22	125	133	184	22	117
12	55	82	12	82	82	12
108	75	75	108	118	108	75
156	123	172	187	182	187	187
142	104	104	28	46	149	104
83	83	83	96	83	83	83
18	58	93	123	29	18	18
171	55	39	152	55	152	39
80	103	144	144	93	18	144
81	78	81	102	102	102	81
17	92	121	170	142	108	17
17	85	17	66	66	66	17
105	87	44	157	182	15	157
53	70	14	53	192	162	53
80	23	148	148	148	194	70
189	182	146	146	43	18	153
110	22	110	22	22	15	110
112	112	112	181	181	181	61
135	41	160	123	137	41	97
158	141	107	141	107	59	141
123	94	20	123	20	20	123
135	37	135	135	104	104	104
66	72	144	140	144	70	177
76	76	155	15	67	76	18
60	163	114	97	37	163	171
96	165	102	52	52	43	52
73	167	134	100	55	32	132
80	106	68	88	188	70	88
167	70	70	167	70	167	12
113	102	100	100	100	190	35
41	41	69	101	69	69	41
174	174	92	74	51	74	92
150	96	150	25	150	25	25
114	114	139	74	114	139	139
140	146	140	140	75	146	146
62	54	83	34	154	54	30
85	49	111	188	112	71	132
64	61	64	15	61	61	30
101	52	119	119	52	119	52
171	45	49	171	179	45	179
93	35	30	171	180	171	66
110	142	183	110	110	142	142
161	57	159	159	161	161	59
118	92	144	118	49	31	49
123	123	97	97	97	123	113
137	175	69	85	137	159	137
78	109	109	109	78	78	81
169	159	42	70	82	85	19
158	176	90	31	31	176	31
95	92	19	112	112	92	95
112	112	155	149	110	50	113
141	28	73	28	141	28	141
75	75	169	169	75	22	169
116	90	28	116	116	28	28
95	150	150	95	95	168	150
147	21	21	75	21	147	147
84	163	35	63	107	104	145
121	27	27	27	107	107	107
133	154	164	181	133	42	155
100	115	146	45	115	115	146
88	36	164	142	75	96	183
177	123	63	123	115	180	69
24	15	126	15	126	91	24
187	39	187	187	122	156	22
12	12	57	57	12	43	57
135	135	70	70	135	70	49
66	43	28	135	135	14	135
129	89	73	49	92	152	49
111	111	150	150	54	111	150
154	32	153	87	87	47	65
86	86	101	86	101	86	101
112	126	141	112	112	126	126
64	165	184	153	67	75	87
140	77	106	140	77	118	118
120	44	44	118	142	113	125
83	83	83	27	27	145	27
106	171	76	147	76	93	22
162	160	160	162	118	160	162
28	109	40	150	104	48	24
112	112	119	112	190	99	164
175	165	165	76	120	120	76
114	175	175	90	90	122	114
83	90	116	90	45	160	136
148	92	134	148	186	148	153
88	42	120	157	190	157	20
51	51	14	14	14	117	51
82	142	174	174	76	135	174
187	130	136	144	93	185	13
32	170	199	18	32	93	32
101	84	101	122	8	101	122
101	11	128	163	15	39	166
76	96	111	96	115	25	142
64	94	53	119	22	22	104
115	60	140	140	47	140	101
64	148	148	148	64	64	64
35	163	54	39	54	61	54
91	27	27	27	91	25	91
12	186	22	46	71	15	125
55	55	55	24	118	24	24
198	86	198	198	51	137	101
122	107	120	77	122	77	77
127	98	129	26	129	199	129
57	95	87	97	52	182	92
85	85	132	160	132	85	132
110	106	185	81	173	106	99
151	100	100	96	100	121	34
83	161	161	129	83	83	161
66	66	160	50	38	160	50
122	67	122	67	32	67	67
30	172	162	30	143	171	112
14	144	14	185	63	22	86
85	65	48	164	105	169	61
143	155	142	142	143	142	143
98	98	183	20	153	30	88
132	105	83	188	148	105	105
31	74	31	31	57	57	57
141	73	180	163	26	179	166
159	98	142	152	58	111	162
101	78	81	101	5	101	5
102	187	139	131	90	131	131
96	88	22	88	22	22	88
162	162	44	127	127	149	162
131	66	105	40	138	105	148
132	132	46	132	38	152	38
78	133	78	48	48	133	46
81	148	81	148	130	106	147
149	52	27	183	68	127	62
114	114	130	183	199	16	114
168	132	119	119	65	119	14
187	65	103	95	182	95	149
27	144	27	144	57	27	144
105	105	76	105	31	76	76
159	145	121	159	147	147	147
84	188	106	50	155	142	37
107	36	53	107	36	36	107
186	161	94	163	160	160	92
133	25	51	51	25	8	51
22	100	134	22	90	90	22
65	98	22	71	98	65	71
90	82	72	82	72	64	82
28	28	183	54	28	183	183
60	126	170	156	43	156	156
58	83	151	185	117	174	187
95	175	57	62	141	62	34
67	116	94	180	67	107	179
99	176	195	174	176	40	176
110	33	181	188	145	188	152
89	64	89	89	64	55	64
151	61	131	163	61	131	61
134	134	147	134	39	134	147
168	125	131	186	141	170	113
66	66	166	89	66	59	89
162	154	102	102	53	178	102
66	66	124	142	124	124	61
65	14	136	159	160	175	168
94	94	45	45	86	94	45
92	88	52	51	168	168	168
188	190	35	166	97	130	104
149	153	100	130	130	18	130
81	170	81	170	170	75	81
140	116	45	140	185	39	140
101	101	174	89	124	101	140
81	73	107	73	81	186	73
80	83	172	83	172	35	80
45	38	81	187	45	184	139
108	24	108	114	114	114	114
71	66	66	34	34	66	34
138	75	93	67	115	190	115
54	36	65	11	36	126	116
125	189	124	186	125	135	62
134	41	41	134	47	41	134
181	162	181	162	162	181	48
75	97	75	146	11	94	106
12	151	139	144	12	59	60
187	48	100	74	20	44	66
183	174	174	174	57	33	157
41	107	41	41	175	52	119
149	70	133	149	41	70	133
77	154	177	154	177	154	177
166	135	166	75	103	106	48
79	44	71	147	169	135	135
129	73	62	149	78	132	118
22	178	110	25	151	28	110
158	183	61	36	36	65	99
131	57	114	131	66	114	66
73	22	22	13	116	58	22
141	141	68	86	151	61	107
189	30	92	189	46	23	188
172	98	74	74	153	153	98
137	184	35	53	35	35	98
127	100	127	127	31	97	185
13	68	68	111	68	13	13
191	117	117	117	109	174	59
144	103	135	151	146	93	144
73	97	97	97	28	28	28
101	145	70	182	172	14	171
56	74	74	74	56	59	56
105	43	23	23	43	43	23
136	177	19	89	82	119	109
41	30	68	108	105	82	108
158	46	184	172	40	178	62
118	147	118	118	134	115	62
54	54	130	70	25	66	54
164	125	71	111	138	125	84
92	127	153	88	67	152	127
182	182	161	139	139	139	182
166	92	166	92	138	92	166
200	51	51	27	171	51	56
148	75	28	131	33	170	31
132	132	44	32	132	32	32
156	143	142	65	65	70	186
63	184	146	35	169	63	75
138	20	16	42	43	75	62
196	144	109	144	144	129	53
54	104	104	169	158	120	145
56	44	117	180	56	44	117
31	20	31	55	87	167	23
10	143	42	72	171	72	145
82	42	63	82	38	82	141
190	54	79	45	66	54	54
33	131	178	97	20	178	47
37	157	43	158	43	43	157
121	149	149	71	185	57	149
18	129	53	129	53	53	129
61	150	18	183	39	115	61
75	137	113	148	52	139	174
116	95	185	158	165	78	116
23	92	133	63	109	118	92
116	116	116	70	70	70	120
160	15	97	50	34	133	97
80	143	72	133	80	72	143
128	128	166	106	128	166	166
114	198	198	15	114	153	198
115	146	134	76	88	146	106
67	54	41	170	165	54	10
81	49	152	68	39	160	39
137	137	31	31	137	31	20
121	33	33	33	121	87	71
16	60	124	167	190	87	190
96	173	143	64	75	81	11
47	115	80	81	81	47	115
167	184	98	180	18	56	56
185	64	185	64	32	185	64
139	83	57	150	190	139	151
12	12	62	12	191	76	82
190	41	92	124	190	108	190
141	52	88	41	52	41	41
174	176	175	151	45	174	134
121	187	83	67	11	175	67
130	65	13	81	13	35	147
140	82	36	36	38	140	82
94	160	128	43	135	43	89
19	42	42	156	156	145	145
70	113	56	54	91	49	11
86	119	118	137	149	120	41
168	70	20	169	168	63	70
132	38	5	5	156	38	38
32	32	158	32	158	127	158
95	183	158	183	183	158	158
17	99	8	16	99	16	16
159	81	28	70	172	81	81
138	16	63	77	147	98	40
53	53	92	92	53	92	43
90	179	179	106	38	152	31
127	94	127	101	99	101	94
164	118	94	142	134	172	49
151	90	90	81	134	134	151
130	34	34	37	40	34	98
66	45	66	182	36	70	66
152	152	30	152	113	32	32
13	82	178	37	125	37	125
155	139	118	57	139	57	118
127	146	126	88	127	67	127
82	53	130	134	64	134	50
130	130	22	159	175	135	148
78	91	174	74	69	185	74
83	19	137	83	16	137	19
75	34	75	104	104	164	104
113	60	113	60	113	60	128
121	158	188	137	149	27	149
51	48	26	48	30	26	50
163	121	121	29	121	29	29
95	144	144	188	144	95	95
102	83	41	60	71	107	86
67	67	67	159	39	18	110
116	36	180	163	14	85	88
101	172	101	45	172	172	101
51	165	15	188	60	80	59
51	10	59	10	170	92	95
140	79	52	172	40	59	30
101	149	109	101	109	101	109
159	108	159	117	85	85	108
167	141	15	173	42	15	167
47	70	70	47	70	149	65
79	79	79	130	130	66	119
111	111	98	111	83	149	137
67	146	165	146	107	67	107
101	46	39	85	178	170	161
153	145	153	119	119	119	153
41	136	72	107	72	178	178
49	135	49	138	49	138	102
126	126	126	12	153	153	153
147	144	169	144	147	144	147
36	67	189	72	51	99	72
132	26	69	132	69	132	69
96	107	89	107	96	162	89
11	21	145	11	145	11	145
64	114	139	65	74	74	74
140	93	169	169	125	13	12
72	151	151	151	131	131	76
74	41	162	33	162	161	122
174	13	51	169	110	120	120
144	178	169	169	169	14	16
30	144	30	144	162	80	80
98	106	133	127	127	188	32
168	72	148	118	39	72	87
26	72	184	72	33	141	72
79	11	88	168	35	66	112
186	138	55	153	30	82	55
58	104	29	58	104	104	58
64	64	140	123	140	140	64
109	148	125	65	65	162	110
39	95	55	49	103	39	10
88	161	134	131	24	156	131
101	13	13	101	13	141	101
158	170	61	170	105	12	78
53	152	141	165	191	152	152
102	155	127	126	15	184	78
42	133	168	67	66	65	46
136	127	128	158	190	71	137
131	134	131	96	96	90	131
56	107	82	72	82	72	107
55	138	125	112	151	55	169
38	13	38	69	114	114	114
80	66	192	66	151	66	106
43	147	23	23	175	61	23
143	35	95	170	132	95	176
17	99	17	185	99	99	17
142	39	145	139	145	47	65
165	127	184	24	126	24	24
80	18	80	66	16	175	80
132	94	163	158	39	63	168
18	82	170	152	82	157	32
146	150	93	85	79	72	127
37	70	90	90	51	70	37
161	151	52	85	161	111	161
26	101	14	137	137	137	156
37	65	82	37	65	37	82
188	188	148	148	148	188	41
70	70	147	147	70	184	147
113	60	113	144	144	144	113
143	15	107	64	15	15	90
170	200	73	73	181	25	73
145	124	56	165	145	165	56
100	91	100	91	90	100	91
92	92	99	69	19	155	91
182	112	56	75	73	182	59
92	107	103	162	92	32	83
24	51	174	187	187	117	28
32	135	135	129	129	129	135
188	38	38	38	59	59	59
118	118	118	189	40	40	40
62	62	112	18	89	185	62
181	39	158	184	134	112	181
27	23	23	23	130	102	85
162	167	167	162	64	64	101
70	38	91	38	91	128	128
79	28	171	28	33	79	171
73	199	139	169	73	73	59
59	26	180	20	11	112	189
51	84	107	84	51	84	51
62	71	20	39	185	42	71
71	117	106	71	84	84	106
137	14	14	137	137	14	73
184	165	182	165	145	20	164
54	54	128	55	54	55	112
42	55	149	42	120	90	177
29	32	17	32	29	32	29
113	50	121	38	38	117	55
15	15	25	15	81	28	101
44	122	136	172	171	114	99
57	57	65	90	176	160	57
24	138	106	70	71	169	142
98	111	137	128	180	160	149
136	16	141	190	190	116	190
37	138	138	37	37	83	138
183	82	134	183	183	169	179
171	166	147	142	142	147	166
117	119	52	163	29	117	26
141	62	43	165	118	73	16
21	107	157	157	80	21	107
181	27	126	107	22	59	84
155	155	40	117	115	117	40
74	97	40	74	62	165	139
41	155	41	100	41	155	155
13	44	120	120	160	127	161
110	11	36	148	131	12	131
97	153	12	46	46	38	153
92	133	200	133	131	133	13
149	121	45	121	25	121	60
114	114	98	98	114	98	57
35	140	13	165	25	131	24
11	133	127	127	127	11	11
99	168	177	35	156	189	110
143	83	143	143	172	130	160
72	176	172	115	72	72	130
159	159	47	89	176	159	152
45	95	88	10	88	70	31
175	120	37	55	83	83	114
166	83	83	56	166	83	166
114	35	114	35	35	22	114
89	142	142	149	142	124	142
67	121	127	121	137	68	134
41	19	163	19	164	164	163
105	59	105	27	10	137	105
166	180	156	140	178	178	73
98	13	98	45	100	55	98
178	73	140	132	143	71	92
177	132	67	25	67	178	153
20	108	94	94	35	82	151
152	164	111	74	152	138	11
101	165	165	165	101	56	101
21	170	174	173	105	21	144
116	81	116	116	116	116	116
33	79	93	17	170	79	50
149	93	57	127	93	149	57
78	75	48	28	28	28	17
35	15	95	129	70	126	126
35	35	167	35	167	127	126
139	139	124	55	55	85	85
77	15	17	124	77	15	124
107	73	110	74	124	107	86
117	84	177	90	36	88	162
42	49	20	147	147	49	42
31	88	165	38	31	31	133
42	47	183	81	81	116	81
95	95	190	64	95	48	128
79	120	194	49	19	194	194
68	196	87	70	86	87	87
180	188	31	133	111	18	31
120	120	37	120	85	108	160
190	187	159	159	187	159	187
71	142	71	174	34	62	71
186	186	41	186	175	94	155
86	71	166	74	147	33	186
66	54	40	54	54	140	108
191	94	56	56	34	107	56
84	27	121	109	84	16	127
36	36	123	121	36	58	190
121	172	121	174	32	83	66
159	161	16	29	159	16	29
22	22	22	90	90	163	139
44	95	92	116	118	149	37
160	158	166	11	166	25	131
37	37	160	160	83	37	30
85	84	145	85	23	85	23
87	35	13	65	87	30	164
46	46	46	122	122	55	122
16	16	71	16	71	71	146
81	81	33	63	183	77	41
102	107	102	58	102	58	58
14	155	188	185	58	141	125
85	126	111	23	119	112	84
178	26	108	178	131	34	106
103	192	146	35	192	192	74
139	181	133	181	133	181	133
158	118	170	159	170	173	17
24	161	161	43	77	24	43
102	38	74	102	38	74	98
169	19	110	112	110	57	110
92	23	20	93	109	135	92
154	132	132	132	80	104	56
83	119	104	83	139	25	40
189	70	189	26	52	154	11
170	170	67	157	46	157	170
93	68	93	93	188	68	68
139	50	50	139	79	139	50
99	66	24	39	26	142	26
121	109	108	85	188	109	112
86	86	94	86	54	94	94
14	154	83	58	58	75	109
103	103	163	66	32	66	163
25	119	168	25	25	168	168
79	22	17	22	17	26	79
54	188	94	188	181	70	188
45	45	65	92	50	65	92
186	125	186	200	117	178	186
87	164	171	108	157	157	157
171	20	58	158	118	24	127
145	59	59	19	145	145	59
172	175	30	84	30	175	84
151	166	32	114	151	63	103
62	74	74	74	62	62	89
176	176	114	118	31	44	54
79	130	46	152	164	178	63
190	175	37	140	133	182	171
59	59	59	180	161	158	127
79	122	122	79	79	122	86
35	63	56	97	61	140	97
56	83	142	91	57	66	173
181	149	18	104	149	78	82
49	94	166	166	48	44	113
139	190	190	190	84	139	139
88	80	80	26	80	26	26
26	12	48	12	26	12	26
122	149	121	62	57	118	149
175	59	175	59	74	91	91
26	26	178	93	26	93	93
173	95	81	25	98	25	51
67	178	161	161	161	178	178
146	159	49	46	146	49	49
165	185	73	73	88	71	165
78	172	33	33	172	149	78
104	169	141	111	111	141	104
142	148	142	110	148	148	142
127	54	123	113	152	127	167
171	160	87	147	147	171	160
5	32	98	32	143	143	32
137	54	27	59	59	126	131
54	173	148	14	106	173	46
169	163	171	30	147	94	85
152	37	23	99	54	37	133
131	50	22	90	141	50	148
35	135	91	173	126	146	35
114	114	37	185	114	37	37
161	124	27	27	111	161	116
66	31	64	31	64	64	31
55	69	55	114	114	114	55
197	10	43	184	10	10	53
158	36	88	82	12	21	184
73	86	17	28	86	97	156
64	48	179	93	132	10	66
28	34	34	28	28	54	34
77	70	38	121	68	154	41
29	114	32	46	114	136	79
175	175	32	32	175	92	32
111	49	65	178	54	175	175
94	159	22	61	135	135	135
104	119	54	170	170	151	169
76	22	17	23	22	22	183
15	135	140	46	140	191	140
187	89	89	124	160	165	162
129	25	25	129	129	103	25
55	193	83	89	193	193	47
133	140	82	128	133	128	82
65	135	165	65	165	165	65
59	153	154	142	59	154	142
46	153	97	14	33	155	33
135	122	182	128	100	190	33
120	161	164	120	164	93	93
98	182	78	191	191	191	51
104	32	151	14	40	152	137
21	58	116	61	61	116	21
10	65	24	99	134	14	172
80	136	41	152	80	34	43
36	57	12	121	121	13	135
89	89	104	114	89	169	111
161	63	81	45	99	47	111
70	176	147	32	32	27	32
185	142	10	22	171	162	190
115	153	161	117	93	93	93
118	118	118	131	164	178	127
65	115	115	38	63	185	109
101	101	20	107	101	20	20
99	174	57	184	99	99	165
167	27	176	40	67	62	134
87	95	27	95	77	95	78
173	156	173	173	157	157	157
32	177	177	149	20	67	177
107	143	130	99	49	29	182
42	150	150	150	42	68	42
118	144	19	144	35	144	175
24	149	149	98	98	149	98
169	70	146	27	162	190	169
157	187	167	29	99	97	73
125	91	96	37	96	96	67
158	73	73	73	46	151	149
15	77	85	170	77	118	81
33	161	156	107	79	106	58
87	87	83	19	102	87	182
154	149	121	50	145	149	149
25	93	79	163	43	156	93
66	98	19	19	87	73	125
90	173	84	171	40	156	44
135	74	158	74	158	158	125
126	65	132	98	65	65	98
32	114	80	80	32	19	19
27	65	89	69	62	104	177
110	199	199	186	199	199	94
36	95	76	37	83	36	71
169	169	165	169	165	172	165
49	121	121	49	28	156	49
12	41	28	116	92	41	61
59	132	132	59	59	132	105
155	155	67	12	126	155	141
85	85	171	94	152	141	85
19	19	44	19	13	13	13
183	47	183	183	141	143	92
65	74	178	10	175	178	44
27	19	82	19	123	82	27
74	80	45	80	106	80	82
17	145	13	131	189	131	131
26	102	26	83	26	83	83
140	137	53	53	53	140	140
34	112	74	112	21	153	42
31	64	35	163	64	159	78
144	151	144	33	167	137	38
45	76	45	76	45	94	76
108	130	38	41	49	130	141
160	178	160	86	86	86	160
38	18	18	103	81	103	81
119	108	108	17	110	141	107
44	44	44	112	180	42	146
83	118	83	118	49	83	118
43	197	104	103	197	154	197
138	95	138	138	148	148	148
50	177	50	50	54	54	54
94	122	94	94	47	122	122
51	136	136	136	51	51	136
68	68	113	58	68	58	58
156	113	170	156	113	113	156
63	63	160	63	160	25	160
40	167	130	182	175	138	138
16	16	163	16	89	163	163
176	65	34	57	176	20	131
161	67	162	142	142	162	67
137	75	106	75	165	75	69
34	190	158	34	137	34	97
165	29	76	170	170	76	29
170	59	127	15	59	172	59
163	25	25	38	177	163	38
15	163	83	46	129	109	27
165	147	101	115	56	59	72
139	21	49	24	104	89	139
104	13	186	20	24	84	13
134	73	174	46	134	182	178
43	43	177	43	21	138	111
10	99	20	63	95	183	10
131	131	131	75	75	75	132
83	89	34	34	155	74	31
120	142	135	135	142	142	135
76	71	142	104	180	133	16
178	83	85	61	83	20	60
168	11	30	93	168	168	147
11	139	114	17	17	157	137
173	162	162	173	162	173	112
124	76	181	124	76	76	124
57	103	36	45	103	36	103
127	134	129	175	175	10	29
49	140	83	128	103	22	136
78	136	129	140	136	173	57
175	45	116	175	116	175	116
55	36	36	36	56	158	120
141	12	141	12	141	12	128
151	124	80	41	92	113	124
99	120	122	120	99	122	99
7	151	81	7	149	7	81
176	93	152	21	142	176	62
16	167	87	33	16	33	33
92	145	36	22	11	44	145
164	132	164	132	164	58	132
46	118	41	118	68	41	41
144	144	144	43	43	43	44
99	81	81	19	81	136	99
74	74	68	65	68	68	74
62	77	113	25	180	67	173
30	60	60	33	60	30	30
85	85	21	52	29	85	88
170	44	170	44	44	71	170
108	108	108	103	146	186	105
68	135	135	68	68	135	31
83	80	153	153	80	153	80
105	138	138	105	105	161	138
14	45	28	110	144	86	82
103	103	63	63	103	63	117
52	108	52	108	166	108	10
41	72	52	52	52	41	41
95	78	20	95	78	78	95
45	113	190	52	152	162	63
49	31	164	49	121	164	164
157	129	13	13	13	55	194
153	51	80	157	68	80	80
182	35	88	68	95	95	135
167	42	162	126	157	111	34
30	31	24	40	24	20	53
185	100	41	20	20	178	97
142	40	33	40	40	20	66
103	66	22	141	34	32	138
64	101	39	115	115	101	39
77	111	59	103	76	73	59
78	92	152	162	11	61	95
30	30	71	132	76	32	30
129	111	43	43	111	111	43
154	190	154	60	28	138	154
150	58	96	72	26	37	19
187	73	50	67	154	52	50
54	18	190	57	18	75	143
179	26	186	179	26	179	26
85	85	32	126	49	164	85
148	83	148	148	83	73	83
89	107	189	112	89	89	99
106	149	106	106	135	149	149
15	168	35	15	74	15	197
17	39	21	35	21	21	14
185	60	84	136	10	104	154
116	116	89	166	79	174	104
23	90	68	120	35	12	147
66	66	107	107	66	134	52
139	139	151	180	180	151	133
192	168	95	168	35	98	168
166	172	108	155	112	108	16
127	30	127	30	30	127	112
60	101	101	60	60	152	69
159	82	82	55	141	55	82
160	160	140	179	59	138	160
147	45	176	91	51	45	51
155	64	75	142	64	128	26
47	23	30	23	197	20	23
186	180	53	187	180	180	48
101	96	136	136	136	10	17
40	68	129	78	96	155	100
52	163	151	174	10	70	10
29	129	126	129	129	84	127
59	149	151	22	149	193	149
100	79	79	78	79	100	100
24	158	106	99	15	158	119
179	88	88	128	88	128	128
134	135	85	111	111	77	94
150	163	163	22	22	89	163
116	144	99	15	148	33	52
178	189	189	16	189	178	178
23	125	30	125	109	125	178
184	173	128	123	139	172	35
32	58	119	100	44	187	175
82	46	111	45	171	62	111
14	51	120	32	14	155	107
71	186	178	178	111	178	15
157	17	162	95	95	157	162
120	120	120	82	13	82	82
107	85	96	77	48	85	51
27	44	27	41	41	27	41
109	140	140	104	29	121	125
174	26	174	174	37	58	170
150	110	156	17	150	17	110
37	13	143	110	74	91	44
102	102	102	74	63	63	63
58	50	80	13	132	47	172
40	30	56	130	112	40	40
131	21	132	104	50	36	141
176	176	180	179	176	57	32
56	117	128	65	65	184	110
124	168	47	76	47	47	82
165	80	10	38	167	105	105
24	140	188	50	112	101	101
113	113	138	138	138	113	183
128	93	112	112	76	76	112
165	126	54	54	77	54	111
166	167	59	85	190	167	167
155	128	12	158	22	68	155
54	182	175	76	32	102	33
147	128	128	142	10	142	128
136	114	114	46	46	46	114
105	35	35	95	117	105	117
38	21	137	137	21	137	21
139	45	110	116	45	44	38
69	24	69	135	135	69	135
47	47	147	47	164	126	182
138	50	129	158	158	141	140
167	167	56	30	167	24	56
58	77	109	160	58	160	160
38	13	197	197	197	37	188
36	36	98	135	52	25	91
92	167	92	92	41	95	167
110	181	126	36	101	36	36
61	145	113	90	126	185	164
176	176	137	176	160	86	186
135	49	20	106	16	69	69
191	16	16	129	158	16	12
31	152	171	171	81	15	44
171	171	62	106	176	24	182
68	50	50	68	50	68	113
150	168	150	168	66	150	168
80	122	126	126	115	144	22
186	131	182	160	139	101	183
121	121	53	112	53	121	56
84	35	67	18	35	173	103
88	37	96	123	67	98	33
98	80	107	124	52	174	42
92	123	161	90	92	85	139
95	34	95	100	85	57	76
123	142	142	161	110	69	43
149	169	31	31	149	148	169
37	144	37	114	37	96	144
133	74	74	74	25	25	25
105	111	93	74	89	112	172
125	138	25	25	179	96	25
57	161	151	161	57	161	37
68	115	54	68	54	54	68
56	106	56	173	70	106	70
137	24	46	71	86	15	86
72	65	30	72	65	72	123
99	49	66	99	49	49	99
34	34	42	78	42	48	48
22	189	22	22	189	23	112
75	72	72	72	33	33	33
136	23	54	54	136	54	136
24	97	97	97	34	24	24
16	44	16	131	44	16	44
84	172	165	128	88	88	36
20	28	26	60	60	60	118
176	137	196	31	31	141	31
155	12	155	194	193	155	63
68	68	62	150	150	66	150
115	57	65	47	120	10	83
70	35	182	182	182	177	77
135	136	22	14	22	135	135
118	128	149	149	57	89	164
43	103	120	135	43	43	175
116	160	13	180	90	119	180
110	94	32	110	102	16	182
112	190	121	36	117	88	53
185	34	46	117	185	57	125
116	116	116	126	126	126	77
89	89	94	176	176	80	80
135	143	135	143	135	96	143
143	20	193	194	11	193	193
154	142	142	16	16	96	154
117	148	161	51	179	92	175
29	25	24	31	96	137	60
116	62	116	12	12	116	73
165	165	58	72	84	47	165
32	78	23	40	178	107	172
125	125	108	136	108	108	125
52	142	120	142	67	188	142
127	89	111	141	81	31	19
50	50	87	87	87	50	148
65	50	65	65	63	50	56
141	84	84	105	105	38	138
68	175	37	29	175	157	140
124	124	115	112	131	112	131
154	143	72	178	72	184	53
116	28	187	52	165	102	166
151	94	125	36	151	151	94
21	143	73	19	116	109	21
156	135	16	97	138	24	83
115	97	97	132	161	104	149
16	184	184	184	64	176	158
23	40	149	23	149	149	92
37	55	116	67	37	156	118
159	136	135	117	159	53	51
172	97	28	147	88	51	73
19	154	154	15	117	32	33
51	139	51	51	139	10	139
93	195	91	22	195	195	40
10	154	154	10	154	10	17
26	39	136	164	142	89	164
132	108	48	67	55	27	87
181	57	57	57	181	181	57
112	184	122	15	131	71	16
55	144	118	124	34	53	80
71	185	71	163	40	63	79
112	150	112	128	150	150	112
160	10	137	75	75	190	150
80	90	157	80	65	80	97
128	128	150	171	171	148	150
56	52	52	153	56	52	56
72	69	72	72	69	35	33
122	55	124	111	98	157	87
181	181	58	58	181	80	58
139	51	165	51	165	95	139
174	18	174	44	90	174	72
119	69	162	36	119	157	73
153	79	79	79	153	153	47
118	66	196	118	118	97	176
145	107	53	145	81	91	116
114	70	114	114	70	141	70
64	170	64	165	176	86	158
69	52	71	71	122	71	36
79	41	123	79	46	46	41
72	158	92	51	43	72	94
142	49	47	49	142	49	142
88	12	165	165	12	12	165
86	157	35	35	157	35	120
178	86	143	175	114	114	148
40	166	109	143	166	143	166
119	146	81	119	146	119	146
57	56	152	126	118	92	92
187	106	44	103	44	116	187
90	53	43	90	43	43	90
173	48	178	93	10	180	143
133	79	179	49	63	81	133
107	190	107	196	151	45	107
37	18	69	149	98	149	169
89	81	63	19	19	89	81
102	59	102	59	102	92	59
70	167	153	153	153	70	53
162	184	184	184	167	81	13
11	146	132	18	100	182	29
32	180	112	181	52	176	176
185	102	92	73	166	167	58
183	168	168	168	24	120	27
161	103	17	64	64	142	168
41	41	70	70	70	41	18
58	152	50	152	152	50	50
105	127	64	168	131	44	131
78	103	78	103	78	103	185
61	22	22	124	125	22	44
24	142	94	109	77	186	153
86	188	59	174	87	60	26
79	53	17	136	118	183	182
10	176	144	141	114	109	104
180	123	42	42	98	50	86
113	113	39	119	144	171	13
35	62	140	74	140	142	140
186	45	45	129	122	47	45
37	11	175	16	45	35	188
49	49	103	103	174	103	49
51	176	20	90	52	115	114
85	124	16	16	124	16	124
44	30	169	153	158	35	108
70	39	33	191	10	70	70
155	144	35	144	35	61	61
165	43	72	83	83	165	72
165	158	175	165	95	93	179
23	40	87	40	23	23	40
154	34	34	158	154	154	34
157	37	37	157	108	157	37
26	145	131	164	19	164	133
42	66	105	105	89	71	125
151	119	14	95	129	151	101
189	164	90	27	70	27	27
160	30	41	30	104	19	117
23	15	83	91	27	47	100
143	77	143	143	57	77	77
25	120	181	124	162	183	179
13	150	104	13	13	52	45
67	67	180	67	26	25	63
138	199	199	199	119	68	163
132	23	121	82	14	95	95
59	153	59	34	127	134	50
164	119	164	166	164	166	166
103	140	140	140	103	34	103
41	142	33	142	133	142	62
24	136	45	154	45	158	12
184	137	137	119	149	137	27
104	148	34	104	72	124	33
145	172	172	103	145	145	172
103	34	123	110	172	162	174
113	113	73	73	113	94	94
11	43	142	50	167	63	168
117	165	82	165	102	197	165
60	181	60	15	181	181	60
96	118	118	38	118	96	96
159	98	159	98	159	76	98
16	55	55	45	16	55	16
88	73	87	26	161	127	103
35	134	35	88	35	154	192
137	189	184	184	104	89	184
54	156	82	131	74	77	54
131	131	17	17	48	48	170
95	51	117	137	113	25	117
114	122	122	118	122	130	118
42	37	37	42	31	26	31
101	30	48	95	32	34	171
81	79	128	173	79	144	58
13	104	104	13	13	104	70
56	101	56	101	101	56	56
68	119	11	93	93	100	41
107	179	107	24	67	148	30
68	186	89	72	153	34	68
164	138	114	112	71	96	149
44	130	57	46	46	177	179
135	31	36	31	135	135	38
72	83	46	115	50	66	83
29	19	19	73	19	146	30
58	116	72	21	116	30	109
72	106	53	67	189	180	72
18	191	90	184	37	18	18
99	144	112	79	112	96	112
106	183	160	142	127	106	45
114	42	114	17	114	75	106
134	41	82	151	41	151	134
102	102	154	111	135	133	86
158	78	114	119	78	152	119
148	115	39	121	118	43	36
197	25	197	33	10	197	167
157	114	72	58	43	153	58
120	103	120	49	103	120	103
176	180	22	77	22	176	77
143	93	54	105	143	135	55
58	58	122	58	40	122	122
170	198	170	44	170	142	102
35	55	121	91	61	34	22
155	102	155	58	58	58	50
53	53	136	53	10	156	154
128	111	153	55	71	12	178
43	146	146	146	43	43	113
168	27	168	102	168	80	72
105	153	28	86	169	167	60
94	94	14	168	94	148	82
56	153	76	76	76	172	96
174	87	119	87	67	174	67
51	76	116	32	116	185	147
68	108	65	65	74	189	113
155	155	34	97	163	34	163
164	120	178	45	115	44	131
76	76	76	85	142	17	58
16	160	160	163	34	102	160
117	22	117	63	50	182	122
101	105	104	101	101	105	105
160	35	38	27	84	104	118
71	12	12	18	12	18	18
18	48	63	48	63	24	18
98	88	143	98	80	181	98
170	11	66	45	170	161	170
181	65	66	65	157	18	54
163	132	22	163	163	22	136
24	191	144	191	141	191	136
12	79	96	75	57	72	26
126	126	46	46	126	58	46
27	166	166	65	120	187	122
76	134	80	134	104	104	76
29	53	145	145	131	198	145
86	78	29	29	78	29	78
198	198	66	198	34	171	76
183	188	188	188	169	169	169
21	62	62	21	135	21	62
30	37	48	62	190	43	117
31	31	111	168	111	31	111
8	130	83	8	8	67	83
16	139	34	96	98	46	57
105	19	94	25	94	103	143
77	37	37	77	117	117	50
150	94	94	174	51	171	93
42	119	35	42	42	35	35
116	190	70	70	172	110	173
113	48	35	35	32	48	35
109	106	149	15	149	137	149
19	80	10	144	63	121	121
74	145	62	146	74	77	189
76	115	18	115	138	76	18
91	33	91	24	33	91	33
195	148	103	195	151	13	195
21	76	138	21	138	21	138
170	145	170	145	145	42	170
132	70	59	28	153	97	22
42	19	75	75	19	75	19
138	14	175	27	80	138	114
81	81	81	179	179	179	123
98	94	126	86	97	36	97
114	168	26	173	168	114	26
72	69	73	69	62	69	117
37	167	37	167	37	167	108
21	92	66	21	21	92	92
77	83	41	41	151	41	41
17	80	28	64	199	28	28
113	149	19	113	149	113	119
35	176	35	125	61	102	102
111	111	30	148	20	111	111
23	101	163	98	87	32	32
100	148	77	77	142	35	64
118	13	94	65	87	65	161
129	174	129	174	129	93	174
93	181	93	181	79	181	93
80	142	180	142	189	27	142
20	153	94	153	20	168	184
174	138	50	10	138	30	138
14	59	11	115	35	36	189
47	33	190	95	166	106	131
21	21	158	167	155	21	158
64	126	64	19	17	92	106
103	149	149	97	149	76	110
18	149	150	152	152	138	152
152	158	131	152	134	152	193
128	176	30	135	135	128	176
187	76	24	177	149	145	151
150	177	32	14	180	180	184
127	169	127	78	133	153	179
60	92	18	179	100	84	153
151	76	121	163	161	121	121
13	106	59	106	59	59	106
138	164	124	115	94	15	146
114	163	180	114	163	163	114
12	12	57	39	10	10	10
44	44	139	49	44	49	49
58	18	37	94	160	94	141
170	48	113	113	48	113	48
96	96	96	72	72	80	72
186	189	170	38	178	76	178
128	128	190	153	153	153	128
92	132	92	95	95	92	95
14	14	137	137	14	137	142
40	38	104	153	45	45	162
110	110	143	110	30	30	30
21	28	28	98	21	28	21
37	70	23	142	188	23	76
19	145	144	121	168	114	144
139	27	40	160	106	121	32
172	189	170	104	17	181	170
161	161	124	122	124	161	161
22	22	20	22	20	67	20
12	12	25	25	25	64	159
89	89	34	60	89	34	34
123	53	175	116	72	177	175
116	116	31	101	81	24	189
107	49	138	107	49	107	49
19	119	26	19	119	19	119
94	189	87	165	157	83	116
100	151	59	47	151	103	151
180	143	114	21	163	15	125
59	59	31	31	31	59	24
25	94	185	62	151	45	64
153	161	153	156	49	74	143
197	107	110	67	110	110	162
156	24	24	156	73	24	156
167	167	86	193	167	102	169
79	78	86	137	48	79	39
45	129	190	130	20	137	107
146	146	33	30	30	33	66
21	21	53	21	91	53	53
44	23	44	23	23	42	44
110	156	183	132	42	51	113
10	98	18	10	96	98	98
62	117	62	79	79	104	104
30	39	30	39	123	39	30
37	95	95	95	152	183	171
119	107	35	119	107	119	107
157	190	157	145	190	190	157
184	96	184	99	119	96	116
176	25	25	25	105	176	176
58	137	167	73	67	59	153
72	189	112	13	13	149	13
114	29	153	153	153	108	189
50	114	160	11	138	138	149
108	108	93	72	93	108	93
190	164	164	142	142	164	142
150	143	59	39	39	52	31
59	189	147	189	189	59	59
41	41	93	56	93	93	41
51	106	51	44	98	19	51
181	16	128	181	181	167	96
65	65	65	148	18	148	148
84	189	99	175	85	167	53
16	129	184	154	63	143	109
136	165	104	136	117	134	136
131	132	52	106	37	131	131
15	34	34	198	87	144	34
103	123	103	115	103	78	79
145	65	180	84	42	100	84
57	40	57	40	57	27	40
53	152	152	22	97	171	110
99	143	133	82	152	143	168
12	83	149	83	149	149	83
71	32	30	29	71	30	32
88	53	53	111	88	53	88
97	152	71	93	114	97	180
196	24	15	196	196	140	29
80	80	80	98	98	76	98
152	173	91	127	77	91	106
144	105	82	105	144	144	105
60	93	93	60	93	98	60
26	68	147	26	37	37	68
97	182	97	182	97	182	166
118	85	159	71	71	159	71
57	158	166	49	117	158	108
90	30	75	30	151	54	30
138	62	48	145	21	119	45
54	27	112	47	28	99	162
183	80	80	124	124	124	80
92	88	65	190	82	92	147
96	96	22	73	96	73	73
155	21	151	81	149	107	151
25	37	71	134	56	71	138
185	122	62	122	106	122	148
42	90	125	45	45	125	90
30	30	69	30	143	199	160
122	55	55	55	19	122	122
54	148	112	54	121	178	133
60	75	55	88	158	89	81
186	37	186	186	109	120	49
89	55	57	156	182	182	51
166	18	143	19	175	18	182
37	37	149	115	96	37	149
168	143	136	157	164	157	157
38	25	25	25	59	59	59
58	122	94	82	77	77	124
88	135	149	76	161	105	105
50	90	67	166	144	163	144
98	172	98	175	151	172	175
83	83	20	171	21	51	73
8	144	144	44	10	10	10
55	55	55	31	15	37	28
155	155	187	188	188	188	155
157	66	137	126	157	126	137
52	141	118	141	141	52	52
108	134	120	122	103	108	108
42	154	142	138	176	102	176
134	134	70	130	134	130	130
59	59	136	60	59	60	60
168	117	43	168	117	168	117
126	126	101	126	34	101	101
49	49	127	127	127	49	100
138	24	94	67	61	169	32
172	49	53	172	136	53	49
123	134	134	123	92	123	134
172	36	186	36	103	32	98
164	83	152	178	107	96	186
15	166	73	33	122	166	166
97	111	163	67	111	114	38
135	125	60	66	128	111	86
112	13	112	112	25	100	25
80	80	68	68	168	68	24
87	106	115	115	115	114	76
28	28	133	168	125	133	125
21	18	18	18	116	62	48
66	119	21	96	58	67	91
77	112	112	77	106	112	77
64	27	109	68	27	42	51
112	11	157	160	34	141	56
184	55	55	184	91	184	55
105	185	67	38	141	101	141
111	130	130	13	130	92	59
160	178	160	178	154	160	178
46	25	18	169	169	25	25
78	91	91	78	71	78	91
84	183	36	151	174	59	151
22	124	22	33	97	97	124
32	38	25	25	38	38	25
152	191	51	119	132	119	119
137	137	102	59	119	56	137
163	142	139	113	163	156	135
81	145	81	81	151	151	151
55	80	187	187	187	40	19
99	167	16	124	99	167	167
148	44	63	115	143	112	44
109	135	109	144	135	73	144
85	81	118	81	118	118	81
10	149	132	10	149	10	149
58	58	58	186	41	41	41
31	166	159	62	104	166	128
40	66	66	95	66	181	54
67	182	29	182	182	29	29
120	28	23	28	126	47	97
141	124	131	141	141	124	124
134	108	108	174	174	23	134
187	143	87	25	144	179	127
16	80	80	26	15	31	80
55	124	163	55	153	153	163
138	190	190	138	56	190	138
22	22	81	138	156	29	30
42	49	44	61	157	38	66
180	53	127	121	187	187	100
45	140	140	148	148	148	140
117	72	149	149	72	72	149
62	51	51	128	128	84	62
56	161	137	41	56	92	56
69	102	153	173	111	71	147
109	95	65	136	76	84	84
108	147	124	183	180	147	158
145	145	126	171	123	149	157
90	108	12	12	108	108	12
64	131	72	64	64	72	72
32	29	19	32	180	180	19
136	56	61	13	90	66	136
173	20	98	19	70	12	182
159	43	159	159	165	165	165
65	80	39	65	39	148	80
21	59	151	66	66	66	106
139	163	163	139	163	39	139
11	107	37	51	11	11	143
56	100	57	63	171	24	85
67	179	107	179	100	81	81
189	175	27	64	81	116	60
73	28	89	89	38	73	73
105	164	62	85	25	105	104
116	137	137	137	116	92	116
141	178	40	21	74	52	21
66	146	93	24	95	149	95
86	73	154	182	73	73	40
128	128	76	151	63	63	63
56	56	30	30	6	56	54
86	104	115	30	52	184	101
12	19	106	19	148	185	19
47	47	167	40	73	40	167
147	42	167	167	147	147	124
39	82	69	39	69	39	69
125	50	189	153	114	153	95
72	72	48	80	124	34	94
74	135	178	178	74	178	74
177	108	108	83	13	53	108
30	81	167	180	81	37	81
12	12	62	62	60	62	12
179	169	124	104	182	128	104
179	23	179	46	46	179	46
21	32	131	76	32	131	131
113	173	173	49	190	108	173
103	64	85	127	40	41	64
161	190	149	93	32	119	73
112	112	112	135	76	103	51
182	146	104	100	146	32	146
92	117	30	92	30	30	58
126	135	126	135	135	126	15
39	46	39	39	106	113	46
66	80	89	152	66	152	89
194	132	132	199	39	14	132
71	72	53	96	71	172	60
27	154	118	154	37	84	120
139	139	162	72	46	102	139
31	111	136	133	31	111	31
76	184	154	80	72	62	42
65	65	96	143	96	65	96
98	98	70	157	98	162	156
164	117	32	164	103	32	103
43	89	75	89	38	38	43
117	145	53	69	69	69	101
85	85	90	165	173	173	165
136	111	177	64	73	134	178
104	134	92	19	109	134	169
131	23	81	23	53	20	89
105	124	105	124	105	112	120
145	29	42	135	58	77	72
170	9	104	46	46	9	46
79	122	133	79	25	62	37
170	138	170	170	90	138	138
25	25	127	127	127	98	25
44	115	115	115	115	115	115
122	19	20	95	95	19	20
62	40	95	93	47	95	95
101	162	181	162	181	181	162
24	73	24	111	111	49	24
51	105	79	13	112	13	42
119	163	138	99	163	119	138
143	65	98	102	153	135	98
18	45	160	148	132	140	160
102	38	64	64	110	184	48
134	157	104	104	134	130	134
82	134	65	127	96	161	18
86	93	190	40	93	92	65
138	162	162	173	138	138	162
56	112	178	56	189	157	58
168	154	168	168	31	31	31
18	144	113	72	18	72	144
31	133	31	31	64	133	133
135	178	81	99	99	122	99
85	85	18	18	100	18	80
98	114	98	114	98	114	152
40	174	21	163	41	138	135
168	54	47	172	170	170	170
73	165	165	73	165	185	73
176	74	74	176	176	118	74
166	39	23	39	23	39	168
89	89	43	67	89	43	43
94	140	80	139	56	88	77
24	117	175	117	128	33	103
17	41	148	95	21	95	51
97	101	130	44	72	64	96
142	142	30	142	73	176	120
24	118	134	135	134	173	35
21	21	172	172	21	172	34
179	103	134	184	179	18	92
153	47	99	153	153	47	47
186	41	41	43	41	23	108
127	45	99	187	166	95	160
162	190	36	54	10	173	162
58	79	109	46	10	71	152
35	18	113	42	162	162	162
39	55	54	90	148	88	90
144	14	114	14	114	114	14
25	43	108	28	28	31	28
101	120	120	120	171	171	171
12	28	76	15	15	129	15
68	136	117	68	117	163	163
20	105	20	50	105	20	105
28	105	65	105	105	28	28
165	117	165	165	117	117	32
153	134	189	102	168	37	189
50	71	16	182	92	50	64
57	162	121	166	162	121	166
139	93	139	93	93	113	139
156	114	147	147	160	96	147
100	80	69	100	161	161	161
98	98	189	189	116	189	98
124	26	48	119	119	65	119
61	132	84	84	71	71	61
68	189	54	105	33	33	30
106	129	125	30	18	116	175
164	144	185	31	21	128	144
55	35	60	55	60	89	35
123	142	140	157	140	99	129
188	188	188	176	176	77	176
21	33	148	21	161	21	33
115	70	70	70	115	68	115
159	159	159	76	46	46	46
184	61	41	120	33	50	67
114	146	176	135	146	114	176
167	167	167	69	45	25	48
77	79	38	28	77	38	79
106	195	28	55	28	85	28
163	163	47	98	161	161	47
109	164	39	47	164	47	47
83	153	138	147	169	72	83
138	172	26	172	184	172	20
56	122	56	122	158	56	122
189	129	189	12	47	98	141
123	137	167	123	137	123	137
153	36	63	147	30	82	159
98	118	164	164	98	49	118
174	104	43	168	168	168	147
104	104	11	99	47	142	105
24	116	92	124	24	24	116
101	181	190	93	99	21	99
122	114	39	165	163	163	93
90	150	20	120	128	150	150
73	52	199	73	73	70	47
188	78	134	113	134	68	152
132	127	132	132	127	127	88
40	155	142	155	65	142	65
52	85	85	52	52	85	72
43	153	43	110	63	43	76
110	177	110	20	20	110	20
24	56	174	67	89	186	81
166	37	175	95	95	95	16
10	74	121	44	78	44	44
160	160	167	83	111	83	160
153	166	91	91	91	126	126
56	146	146	182	146	56	56
12	100	189	17	49	100	121
157	137	155	116	137	159	87
164	76	120	106	80	48	136
140	140	140	62	39	39	39
150	113	150	17	19	137	150
53	45	37	45	159	45	53
10	185	94	185	185	94	94
18	164	164	18	18	66	164
27	106	57	165	178	188	57
107	107	117	170	174	170	174
188	31	199	31	141	17	31
167	167	82	82	146	167	96
174	50	174	174	50	164	50
159	159	47	58	159	66	47
63	63	73	14	147	182	63
148	15	112	185	184	12	74
61	119	119	143	175	119	172
185	110	46	68	20	46	46
95	105	172	146	105	90	105
144	33	82	33	33	93	82
177	148	148	177	148	68	177
146	157	172	48	146	146	157
42	66	66	42	42	143	66
74	161	43	99	161	161	123
21	124	123	21	134	15	130
100	17	100	166	166	17	88
102	102	102	182	74	74	74
138	11	52	145	30	52	60
39	147	133	35	147	133	147
138	37	138	37	32	138	37
59	135	126	99	40	45	73
96	58	96	24	58	96	58
26	86	26	178	26	196	57
199	28	75	24	199	85	199
164	91	91	164	71	42	71
124	32	14	14	14	124	124
49	137	144	71	100	51	100
118	19	19	75	167	184	125
63	48	95	63	150	63	175
140	169	41	31	31	140	31
79	26	26	26	30	171	60
36	185	46	87	187	36	36
62	69	69	69	52	62	69
140	145	145	145	140	129	140
145	145	159	145	89	191	153
15	41	151	64	151	23	151
162	162	106	106	119	162	106
149	66	163	66	66	166	166
166	196	166	155	97	166	178
80	174	174	135	174	135	135
87	33	33	83	62	58	143
34	34	156	58	156	118	118
164	164	94	47	94	164	94
50	184	54	82	184	65	184
107	139	71	20	119	119	22
92	113	148	148	61	153	103
138	138	176	176	75	176	138
63	63	62	62	63	141	62
57	143	100	198	143	143	173
173	173	47	98	50	103	173
64	112	107	107	64	64	107
142	142	41	142	121	41	41
88	88	90	27	112	108	140
174	102	176	96	40	35	17
28	12	166	12	10	12	177
129	164	144	129	144	111	164
87	18	56	187	18	21	124
103	171	198	109	85	109	109
147	61	179	76	160	160	141
133	168	51	92	177	70	92
120	121	27	120	120	182	179
146	146	60	13	60	66	117
114	177	162	93	11	58	67
22	66	141	65	105	21	189
38	149	54	120	24	89	120
92	92	46	118	92	16	51
47	47	35	167	47	167	167
22	45	22	45	88	22	45
47	47	97	136	97	47	97
155	171	188	28	155	155	12
85	85	164	160	176	85	85
66	168	120	66	168	66	168
17	17	82	51	105	26	149
142	164	67	67	164	67	164
125	101	78	11	87	87	168
99	24	33	93	43	70	16
16	38	38	16	179	16	38
174	117	128	89	56	143	28
39	117	117	11	39	39	117
39	41	41	39	98	39	41
67	67	57	58	102	58	58
128	69	159	117	117	163	117
44	51	51	153	173	185	51
152	75	152	152	95	20	128
83	83	87	83	51	87	107
89	89	91	89	14	32	32
47	92	116	110	60	52	60
103	103	30	165	55	30	103
100	158	27	158	154	158	180
120	11	163	120	165	165	165
91	116	65	116	115	157	56
113	62	113	62	36	62	113
100	54	100	100	55	136	134
66	179	59	111	111	111	41
103	103	48	21	159	21	48
145	146	90	155	22	170	170
137	137	117	117	134	134	171
26	173	147	52	26	52	147
189	183	21	64	55	64	64
45	45	108	63	45	30	94
176	176	192	176	55	39	26
66	147	147	103	66	147	11
170	161	37	117	117	161	170
190	127	91	103	114	91	113
29	11	11	11	29	162	29
103	113	79	56	113	34	185
113	121	34	127	127	127	34
59	23	91	25	142	25	188
56	27	89	104	66	176	33
70	98	10	129	70	177	70
159	171	171	101	107	101	107
90	112	10	68	68	68	190
107	107	107	107	67	67	67
186	69	128	39	69	121	69
64	168	112	97	173	122	167
58	29	154	63	58	124	61
72	72	9	9	133	16	72
41	117	19	41	116	130	70
184	35	80	156	35	84	160
28	10	134	146	28	20	28
104	15	156	83	15	141	83
136	136	9	9	78	85	9
135	163	20	59	135	134	171
117	27	27	27	31	31	31
130	135	97	26	81	29	26
181	94	181	116	181	108	140
169	136	52	90	83	169	171
42	175	10	178	178	128	167
57	57	11	11	11	182	57
64	170	20	170	197	151	170
140	154	141	117	89	13	22
126	92	181	188	169	169	136
11	175	74	108	97	147	175
187	23	33	33	23	33	23
14	37	111	37	111	25	111
137	38	137	123	65	137	172
34	169	61	178	61	115	47
27	27	179	164	27	179	179
23	162	23	135	121	86	27
24	48	94	168	68	64	94
162	116	162	162	21	116	116
112	100	104	103	42	126	112
38	53	114	36	53	36	38
146	110	146	110	146	43	110
137	139	118	137	137	139	139
39	153	153	128	38	174	39
147	168	26	168	147	147	168
27	43	43	70	78	43	70
23	89	23	66	123	123	89
76	76	101	101	99	76	101
120	126	24	173	113	18	108
139	36	170	170	97	116	170
142	181	106	42	85	16	42
128	128	128	150	84	84	84
120	107	107	62	88	62	120
32	158	60	144	32	32	184
25	110	25	138	127	138	127
99	103	148	156	164	118	166
80	196	150	13	196	196	138
180	55	159	55	55	12	123
22	34	22	34	161	164	164
159	15	44	44	159	159	154
90	25	116	150	101	25	142
152	187	187	152	152	165	187
117	39	141	129	66	70	67
5	45	136	45	5	45	68
190	35	76	74	176	74	86
30	31	100	144	127	118	171
144	154	154	144	58	144	82
131	131	49	14	14	131	14
91	147	91	147	86	147	100
107	18	18	183	84	168	18
55	140	187	131	22	22	174
86	112	140	24	24	158	24
137	137	95	95	59	137	95
78	50	47	78	78	131	136
106	105	105	64	90	105	159
92	25	25	49	151	151	151
95	121	10	93	185	55	29
25	87	164	164	104	164	24
63	132	131	131	80	31	72
72	169	74	65	67	76	109
56	182	182	182	56	115	56
80	80	38	98	80	168	37
183	126	126	35	126	29	135
139	78	120	120	107	139	78
27	89	87	28	105	111	190
189	78	173	78	78	171	182
167	23	23	23	143	94	94
39	169	48	13	73	13	165
41	71	115	41	41	115	115
165	165	136	84	136	106	106
18	102	18	10	10	110	10
173	29	98	98	29	173	87
127	173	30	145	145	145	69
133	93	175	113	93	175	133
54	33	187	135	33	169	65
189	177	177	167	111	55	177
77	77	62	41	105	62	41
88	88	72	72	88	46	72
134	134	189	189	189	134	98
23	144	158	17	111	98	87
138	174	138	58	24	174	24
149	90	130	156	114	114	114
17	55	27	178	89	85	94
188	66	76	39	159	44	29
21	139	139	139	51	152	51
108	184	184	184	123	124	49
86	139	9	160	160	9	9
82	147	147	149	147	82	82
189	189	105	105	189	105	41
100	155	155	100	96	155	100
78	78	73	78	14	73	73
147	133	123	141	111	23	147
16	130	102	130	16	16	130
16	16	27	44	174	48	97
83	107	103	83	156	107	107
46	102	46	74	39	173	118
65	87	182	65	65	197	16
15	151	189	151	151	189	189
126	186	31	152	152	115	96
173	15	99	126	107	74	130
162	13	141	141	58	20	16
76	156	156	76	156	134	76
100	117	134	127	127	97	83
108	87	34	34	34	114	65
12	12	12	133	133	133	77
119	147	88	108	88	43	93
169	169	169	90	90	65	90
182	182	182	135	162	162	162
36	68	31	31	68	31	68
71	137	71	137	119	137	71
99	163	163	79	163	133	13
94	19	157	19	94	145	119
36	123	172	52	88	68	158
153	19	120	83	83	153	153
61	104	175	111	105	106	105
113	31	31	113	113	71	31
151	122	12	85	39	118	39
132	71	76	101	184	65	185
50	41	29	42	146	50	124
167	141	92	91	149	149	55
83	158	105	20	66	11	26
61	109	61	61	61	16	121
26	97	116	116	116	26	115
172	148	186	140	123	100	113
162	91	161	162	91	91	162
120	122	98	23	123	120	120
126	136	125	126	107	107	136
54	166	144	179	81	35	179
104	86	86	104	109	104	86
114	37	142	76	33	23	115
66	118	187	66	66	118	118
177	189	18	109	100	120	113
159	40	123	60	140	15	51
17	120	146	149	80	171	151
66	82	37	121	108	121	168
129	168	72	151	29	140	12
175	108	189	40	175	175	175
23	23	180	180	26	26	81
187	104	140	145	125	44	51
138	175	175	175	20	20	20
29	152	132	29	14	29	81
34	83	192	83	83	189	42
84	140	94	75	68	68	68
89	161	25	140	25	89	140
87	112	161	161	134	144	38
103	83	26	39	29	42	42
185	142	56	142	56	142	56
47	92	92	171	66	65	34
91	101	101	164	66	54	120
50	50	62	168	41	50	122
64	42	32	100	42	169	42
155	155	155	78	78	78	41
158	162	37	37	162	52	37
149	149	149	22	22	44	22
127	54	192	128	45	128	128
27	27	150	153	153	150	36
74	39	192	74	74	152	63
85	134	85	136	64	134	136
70	120	121	121	70	120	55
154	80	60	166	163	52	41
138	53	106	158	152	137	138
169	25	62	25	33	94	84
11	140	140	171	75	66	45
124	124	28	53	110	101	124
28	164	164	28	164	104	28
47	128	141	49	118	51	23
80	123	152	97	154	103	35
117	190	157	190	177	117	117
19	65	19	185	48	122	51
85	85	126	110	78	64	84
189	155	27	96	15	53	54
178	160	160	90	178	160	178
77	115	115	115	185	185	185
155	66	155	151	44	155	44
30	67	92	54	54	78	176
81	155	154	158	29	154	56
71	54	182	125	71	132	10
150	159	28	150	171	81	158
165	156	22	22	22	111	61
13	125	156	125	181	125	155
12	13	110	28	150	131	72
169	157	169	169	157	157	153
189	57	161	20	57	57	188
143	143	67	20	186	124	50
149	133	149	60	149	60	60
120	149	120	149	120	34	149
104	84	115	136	188	100	174
84	130	142	142	130	142	130
20	169	57	20	121	20	121
184	102	122	184	102	102	184
92	37	92	92	37	37	113
190	190	190	10	10	57	10
149	149	130	33	129	33	129
71	125	132	103	115	81	113
167	116	116	44	130	141	116
55	63	55	183	48	104	21
65	161	178	178	38	38	65
123	123	123	144	144	83	144
43	43	87	43	182	187	31
49	41	40	186	10	114	168
82	84	84	104	174	31	130
129	65	65	144	129	129	37
73	180	180	180	73	121	73
79	10	40	10	79	79	10
157	18	18	157	18	157	89
82	82	148	82	145	105	148
147	117	154	171	117	52	137
11	196	196	100	23	165	196
30	128	29	108	142	163	185
23	45	23	49	49	49	23
179	108	152	113	152	113	48
181	181	181	14	107	107	107
18	18	58	27	61	128	186
87	186	137	23	56	56	145
81	153	56	119	52	52	50
159	62	159	159	101	101	101
31	39	147	80	151	117	17
114	32	93	93	58	114	32
48	111	111	46	46	46	111
190	190	190	53	53	53	157
132	45	66	66	66	105	121
25	175	25	126	23	53	113
166	164	166	73	73	160	164
80	143	35	143	80	80	143
141	161	170	161	56	170	141
105	171	19	160	125	160	29
120	107	177	118	121	141	135
119	77	124	146	79	19	146
130	103	67	73	72	67	78
104	118	164	175	177	138	138
37	37	27	37	27	27	29
18	24	76	86	18	86	24
91	141	127	114	118	34	175
161	174	59	100	100	159	125
72	26	72	72	130	32	75
108	180	180	180	70	109	45
94	156	156	142	120	142	120
195	64	195	39	84	172	195
172	38	110	38	38	172	172
161	165	163	163	165	163	16
53	157	53	22	50	22	22
147	156	113	176	49	95	176
82	135	82	23	23	23	82
68	152	152	95	95	152	95
50	157	165	55	55	176	156
85	30	41	85	70	179	109
48	48	25	48	25	25	183
103	105	122	90	103	103	172
10	181	10	10	181	185	181
132	57	132	49	49	132	49
93	24	151	169	184	169	66
79	127	127	142	79	79	127
141	69	69	11	148	48	69
152	94	178	178	73	190	178
75	164	62	184	62	87	64
42	72	193	129	122	122	122
170	170	50	170	170	170	137
112	78	81	112	134	179	141
50	163	134	35	156	150	159
199	199	195	99	13	120	199
135	158	105	139	71	78	155
152	115	151	37	34	152	131
58	22	133	158	133	158	158
91	28	137	180	36	81	101
29	12	89	29	29	12	12
28	172	103	12	103	94	106
55	127	59	126	113	55	55
153	15	61	47	47	151	47
66	166	89	89	144	99	102
131	158	131	67	147	147	158
97	97	152	152	19	19	167
177	84	29	61	167	175	176
161	80	46	104	141	90	73
83	42	83	85	85	117	42
86	62	62	40	28	28	86
184	78	78	82	54	78	22
52	111	52	153	153	92	111
21	51	13	21	129	21	129
63	102	117	108	102	66	116
59	93	59	71	71	71	21
29	116	152	152	29	152	29
52	52	148	20	52	148	148
138	138	138	118	138	138	138
118	45	45	118	176	77	77
129	149	46	149	82	149	36
139	140	71	140	105	55	61
95	16	67	64	148	181	190
160	154	154	154	182	162	137
158	63	186	11	179	11	11
45	114	114	138	45	56	56
132	12	132	132	11	12	12
19	139	120	184	113	77	48
107	157	89	48	48	91	48
46	102	46	110	110	46	46
155	32	32	169	131	83	32
178	157	70	15	15	178	157
39	156	25	132	156	39	132
155	131	53	180	134	18	110
70	95	70	70	14	159	43
166	59	59	7	166	32	166
74	74	152	74	152	138	117
35	12	22	35	22	35	22
48	85	117	136	85	49	92
73	73	149	84	20	20	84
31	61	154	154	75	165	154
180	32	72	32	181	32	185
154	154	24	36	36	24	31
174	13	56	56	174	174	56
112	21	123	176	176	123	21
97	97	97	53	53	77	53
29	44	51	101	117	11	11
96	96	96	162	113	162	162
134	73	25	134	95	91	134
184	65	184	82	82	184	82
125	41	150	150	150	41	41
132	60	125	174	41	21	104
90	90	10	90	35	10	10
39	14	25	131	86	14	35
23	143	98	23	98	23	98
171	171	85	149	50	171	60
18	15	112	89	18	18	112
128	150	29	142	115	92	115
196	186	186	186	82	21	155
143	153	76	94	102	80	76
183	17	116	183	17	17	183
102	22	175	116	103	160	31
87	179	56	163	136	187	143
94	62	126	62	114	94	94
169	39	29	66	66	188	79
113	51	113	189	139	120	25
120	120	62	62	116	78	78
168	41	168	168	41	177	41
41	26	47	122	130	123	130
55	74	28	98	16	26	26
84	88	88	84	125	84	88
74	74	56	116	116	133	74
166	151	74	101	81	166	105
74	105	105	193	145	160	105
130	64	64	146	166	146	146
109	72	109	157	90	157	72
35	19	164	70	164	70	164
12	12	113	40	75	135	19
157	113	174	174	96	136	174
116	116	195	116	177	45	189
142	129	88	93	19	109	136
113	97	113	35	97	104	35
98	98	157	157	98	157	175
89	106	107	120	89	101	70
24	24	114	24	114	114	159
186	110	110	186	110	14	186
165	11	108	113	182	170	105
139	48	90	30	60	28	48
114	123	114	36	182	119	14
53	102	58	29	73	26	58
152	82	152	115	93	115	82
86	86	67	137	125	126	176
93	35	150	22	143	141	22
92	52	52	129	92	171	171
134	86	134	134	86	66	86
20	14	47	20	86	47	20
88	121	121	142	91	88	75
140	140	35	115	35	19	115
90	92	27	96	97	90	175
13	66	33	33	135	98	33
192	176	12	192	39	192	46
154	181	181	181	120	100	171
48	77	149	41	48	88	177
15	75	178	77	95	37	42
11	183	29	11	176	11	122
183	21	38	82	121	24	102
120	71	85	71	63	130	23
158	112	158	158	112	112	178
88	108	125	57	125	88	88
162	167	39	47	162	162	112
66	171	180	138	176	139	71
124	124	176	30	30	176	80
135	26	125	89	24	71	71
55	52	145	21	145	21	145
182	16	128	155	141	130	54
78	38	142	142	38	78	68
181	181	130	130	181	130	177
109	97	109	109	97	152	172
113	117	118	165	82	113	28
63	145	63	66	63	194	116
170	61	91	61	91	91	61
10	39	58	160	156	160	66
67	67	178	178	67	148	178
39	32	32	110	110	110	32
26	19	19	170	19	170	170
119	110	61	103	103	134	134
140	21	185	25	126	110	157
52	74	61	55	52	144	52
154	154	139	67	139	67	112
94	87	51	109	94	51	109
128	132	57	169	59	46	28
62	50	142	56	116	116	122
84	38	38	157	143	143	84
21	14	180	37	37	40	37
42	31	156	156	169	111	156
102	138	138	25	102	102	138
59	40	129	199	98	40	40
198	198	26	196	46	14	198
76	189	80	30	30	116	145
115	27	27	115	181	174	11
159	88	119	140	171	15	136
27	15	96	15	15	108	70
132	135	23	136	12	132	132
151	70	11	161	106	161	82
31	98	187	164	87	105	105
124	104	83	147	81	19	81
45	199	199	177	111	199	53
24	24	58	89	193	24	63
167	183	183	183	167	78	167
165	19	28	165	165	19	165
16	52	16	53	77	16	79
104	107	58	58	97	174	41
164	12	35	127	177	111	35
101	49	49	101	101	63	49
147	25	25	147	118	171	118
80	23	163	60	60	14	60
91	75	14	91	14	91	14
124	130	125	43	125	125	124
120	44	76	151	181	120	32
106	132	175	175	36	106	132
24	21	24	32	32	24	32
36	132	149	80	149	162	149
50	100	100	100	167	50	50
63	126	116	152	156	10	10
78	78	35	57	33	19	78
120	120	179	120	69	69	69
11	156	72	75	29	72	19
22	101	16	16	190	16	192
29	54	29	54	29	134	54
65	10	115	151	29	138	170
77	98	165	124	124	98	77
90	45	155	54	122	71	90
63	107	75	181	63	63	200
175	152	152	152	30	69	174
109	188	188	109	109	19	188
35	35	35	117	47	47	47
80	123	80	123	56	123	80
15	15	145	145	145	15	24
42	190	169	94	40	15	42
107	155	155	107	126	84	84
70	48	161	48	48	70	70
23	166	106	118	166	166	58
134	36	13	157	19	56	157
133	112	133	147	112	112	133
34	93	34	93	38	93	134
134	148	148	148	134	134	185
120	140	162	120	131	131	120
26	160	84	141	39	25	26
117	181	76	110	163	34	107
178	136	30	124	13	124	175
57	87	161	52	85	57	62
110	110	28	64	112	39	130
128	128	128	88	30	88	88
75	65	75	128	38	102	154
28	123	119	118	149	80	68
155	100	100	108	70	28	71
179	28	28	50	50	50	28
174	115	163	66	55	55	55
47	47	47	185	106	158	173
181	125	107	18	113	39	124
66	23	159	132	17	131	177
39	68	39	39	56	103	44
132	123	170	170	76	123	123
62	102	30	142	185	102	102
93	200	93	66	85	67	93
50	87	50	50	45	44	119
17	32	32	119	11	140	41
112	69	76	172	121	137	30
100	140	100	100	140	132	140
105	105	132	132	132	21	105
40	195	150	186	186	20	186
67	103	62	80	45	49	185
38	43	148	43	77	117	134
93	15	56	93	114	118	66
78	78	186	49	78	49	49
116	93	48	116	93	116	94
124	124	124	91	109	91	91
28	18	195	182	195	78	195
32	29	29	164	164	29	164
71	186	40	40	25	126	165
70	70	27	64	28	77	28
46	167	31	31	77	143	87
25	179	179	179	25	38	25
100	148	54	36	54	36	148
32	122	66	112	112	71	112
71	71	82	44	111	77	45
112	112	26	57	173	57	26
50	178	55	94	55	50	94
75	45	47	45	47	93	45
24	85	17	124	71	46	17
101	105	119	105	105	104	46
168	76	35	118	169	35	35
20	21	20	165	65	130	30
62	166	62	99	192	62	158
150	148	143	148	143	143	148
193	61	66	88	193	193	105
174	66	174	136	70	136	70
72	165	165	133	165	58	32
35	40	185	59	10	175	38
24	144	56	130	24	128	24
88	42	42	34	62	42	81
23	102	153	102	153	153	51
56	98	176	144	35	122	98
70	12	70	129	12	70	12
188	188	185	185	185	162	188
51	44	77	34	178	98	188
135	37	184	140	163	140	139
45	132	45	45	45	132	132
155	86	145	10	20	52	46
86	160	79	160	86	160	86
13	102	21	10	10	10	155
141	91	15	71	91	129	186
195	186	131	148	195	138	195
28	152	28	152	25	28	123
52	51	51	59	59	52	79
76	137	102	17	15	17	76
29	165	165	194	165	94	158
104	119	71	180	157	71	190
71	71	163	116	116	163	127
95	95	104	63	34	34	104
89	179	113	144	58	179	143
151	162	55	90	55	81	78
174	137	95	67	174	81	174
104	153	153	117	181	162	89
98	98	198	107	60	194	98
114	114	114	96	37	96	96
174	173	47	64	177	64	64
108	108	107	119	108	107	107
98	98	110	95	110	110	23
47	33	99	91	77	12	127
64	86	52	103	64	149	65
128	53	68	104	133	68	50
139	121	88	139	139	140	71
45	33	45	164	54	157	180
169	43	186	184	184	190	71
94	73	130	13	158	112	58
44	76	61	185	86	144	174
111	111	160	34	111	34	34
159	136	94	26	23	25	148
118	148	142	183	183	23	158
165	120	37	169	118	19	123
105	105	105	67	56	34	149
107	13	13	13	21	21	21
41	103	41	89	41	89	89
36	36	91	21	175	74	74
119	168	13	13	119	119	81
127	138	21	123	36	36	127
89	45	75	154	45	189	45
156	156	156	55	80	195	175
43	21	163	163	43	163	43
102	41	71	31	130	96	31
184	110	84	124	121	88	180
139	118	147	80	147	49	147
102	10	10	10	19	102	102
10	149	146	149	10	10	149
103	90	97	154	97	90	103
39	39	168	117	117	73	168
176	155	172	62	48	155	155
99	99	90	90	128	90	99
20	153	181	181	181	153	153
73	43	10	47	43	73	43
57	57	57	137	105	171	138
49	66	49	157	102	173	138
45	96	179	96	96	45	45
151	164	83	178	62	62	159
59	20	59	20	20	142	59
134	135	77	135	112	67	145
31	163	146	31	163	146	82
102	145	91	128	23	23	59
181	43	89	150	60	101	43
63	98	55	65	111	98	130
71	119	80	80	49	114	59
76	100	76	100	86	100	76
26	139	52	139	18	31	70
181	27	97	57	159	185	41
70	41	86	161	70	12	74
167	167	33	33	33	116	167
178	161	73	36	36	42	116
99	124	139	147	98	99	99
80	42	138	80	28	36	13
131	131	77	184	73	83	131
112	192	134	23	112	56	112
35	135	135	135	80	80	80
43	89	87	97	124	43	175
187	161	94	23	94	161	94
12	21	36	106	170	180	93
43	33	106	40	45	43	97
130	130	150	172	27	27	172
95	86	154	16	86	129	71
97	159	196	159	36	108	159
168	132	105	62	105	57	105
94	128	98	98	128	98	128
93	146	169	150	93	132	93
125	125	61	61	81	125	61
43	11	18	182	18	11	115
26	64	160	77	64	77	64
110	114	155	137	114	158	72
161	105	31	161	105	31	178
44	163	180	142	40	180	158
52	52	52	16	16	40	16
7	152	124	81	124	152	124
18	141	44	104	125	125	42
39	85	59	77	38	20	38
46	98	168	46	98	46	98
148	55	67	10	61	138	59
143	119	58	168	119	188	179
135	78	186	65	114	78	80
141	94	169	141	18	17	38
89	155	112	155	120	156	157
77	148	147	150	144	47	148
96	96	142	190	96	142	142
149	90	138	149	100	54	35
36	175	129	70	180	24	114
140	97	171	155	140	29	159
91	91	121	121	121	43	91
35	74	35	15	74	74	46
50	10	50	50	33	33	33
18	175	139	150	175	175	128
179	77	28	11	133	77	127
135	40	94	101	130	135	135
104	87	38	57	105	153	77
165	165	70	165	168	105	168
81	145	120	47	57	29	36
71	71	125	46	71	46	46
57	57	57	133	144	144	144
127	29	119	87	14	156	87
80	70	152	50	123	82	123
107	139	185	143	55	182	28
92	88	96	88	96	96	88
27	188	27	27	188	188	79
120	100	177	120	100	120	100
41	71	12	147	120	89	130
86	117	38	117	117	43	93
88	92	181	15	165	145	145
97	47	47	149	149	97	167
193	193	121	38	193	138	79
133	83	24	83	139	83	153
147	163	39	147	147	59	157
95	95	95	127	127	127	131
96	154	172	96	56	172	56
159	98	159	173	112	47	188
118	31	47	160	49	76	174
140	34	76	140	76	76	140
181	67	162	174	19	91	162
148	46	40	41	41	41	157
11	32	76	23	113	142	75
16	16	115	127	16	115	115
34	186	34	186	186	79	34
70	70	132	74	70	74	74
96	94	96	94	121	94	79
19	30	59	159	30	123	161
89	89	49	47	47	49	112
158	47	118	118	28	118	38
69	55	173	22	22	143	134
146	139	139	138	146	146	139
104	25	18	195	104	104	38
57	57	67	57	26	98	67
116	100	114	187	168	14	90
138	138	155	87	138	49	87
151	76	151	151	76	84	76
61	117	155	116	155	155	56
111	111	188	111	59	168	144
154	23	113	154	113	137	154
85	128	109	85	85	144	82
142	76	113	127	124	91	109
115	81	14	81	84	112	81
72	96	183	153	163	152	49
44	18	50	44	18	44	100
34	103	162	155	183	183	183
54	87	158	114	158	72	158
33	121	41	136	99	163	75
82	152	51	152	82	51	89
115	171	54	42	103	184	103
118	190	69	35	121	69	111
54	54	148	54	148	132	148
143	21	70	142	54	142	60
26	63	48	180	48	113	45
66	66	25	25	66	29	25
152	64	152	152	64	64	138
171	57	164	172	171	171	14
122	144	144	153	144	29	46
155	155	33	83	155	83	83
98	83	101	97	180	168	57
43	24	37	43	120	49	43
92	136	119	81	92	79	92
18	111	111	135	177	166	87
12	12	123	25	12	44	177
118	118	147	58	147	58	138
140	128	15	81	167	152	39
187	190	76	187	19	66	177
96	99	30	92	35	184	171
174	103	174	103	174	184	103
96	71	130	71	96	71	96
165	15	13	113	60	141	15
79	79	11	79	113	199	48
112	189	124	140	104	28	28
101	15	101	167	103	115	178
119	119	183	154	120	95	90
83	125	19	66	83	83	19
55	118	150	150	150	187	58
28	28	28	148	148	148	125
93	31	81	30	136	129	12
36	80	12	68	108	135	80
137	38	38	192	38	110	122
58	44	58	44	44	58	123
16	183	16	86	16	119	192
73	48	146	51	73	73	185
144	160	160	125	55	144	160
141	180	186	121	154	175	180
41	188	33	67	177	103	21
11	142	142	11	142	11	134
72	96	75	72	72	75	75
79	24	95	57	24	24	166
82	133	147	142	196	133	133
150	75	125	125	125	150	150
35	28	35	7	28	122	28
129	147	15	188	150	111	107
171	17	185	30	185	75	185
190	157	67	113	104	105	104
140	17	38	164	13	140	149
67	176	159	183	183	42	40
120	179	120	11	179	120	179
109	179	102	161	136	109	94
161	16	82	185	26	26	22
73	73	137	18	18	18	73
27	183	169	52	164	154	183
23	127	44	134	43	59	96
94	70	94	70	61	94	70
107	68	122	125	68	107	122
156	126	121	52	144	105	67
128	106	167	69	152	106	106
136	45	189	136	136	119	200
177	31	177	177	89	89	89
25	25	58	58	25	19	58
127	129	22	22	136	81	22
182	148	156	56	156	79	148
24	18	171	149	149	72	179
23	152	100	35	120	65	21
84	111	174	110	174	88	107
59	115	85	20	73	85	103
99	76	76	99	76	99	84
17	132	130	98	173	81	32
53	53	54	19	135	157	180
184	184	135	135	135	62	184
88	88	88	14	15	14	14
89	130	48	130	130	89	89
55	10	55	55	10	149	10
38	95	148	128	148	38	95
46	54	87	112	101	112	47
15	60	42	40	15	40	40
169	18	83	18	63	83	169
76	76	121	121	76	121	37
169	169	38	48	169	35	35
26	170	146	93	93	26	146
43	178	178	178	164	164	164
40	42	90	40	40	182	22
27	47	188	75	178	77	27
38	124	177	81	166	24	170
129	122	129	50	50	50	129
82	189	82	82	34	88	85
59	59	37	37	50	59	37
96	140	97	96	97	96	97
146	112	146	112	112	146	70
143	186	91	180	139	65	85
94	45	31	123	12	130	49
54	53	53	174	153	173	139
147	138	115	115	135	42	138
111	31	31	128	111	17	128
88	50	180	143	104	104	88
104	90	133	186	85	117	65
137	136	48	80	48	136	80
27	47	68	181	30	58	68
106	91	88	56	25	91	25
186	79	186	60	186	79	79
38	190	190	137	28	190	179
58	64	108	58	108	108	58
34	34	34	183	183	48	183
142	123	41	177	192	142	142
31	39	150	39	31	39	35
84	84	107	185	185	185	84
113	171	79	133	79	179	83
143	36	18	96	18	96	96
24	103	24	24	183	98	193
136	180	136	136	111	128	108
36	45	185	36	191	36	183
140	132	128	86	127	60	82
151	49	49	40	129	95	46
68	86	75	190	68	34	68
81	99	99	99	81	21	81
193	40	131	138	138	138	98
97	96	183	97	173	141	97
88	124	124	88	124	89	88
122	139	119	130	89	99	99
62	115	62	115	115	62	52
181	127	132	181	69	65	132
100	162	100	148	134	162	162
105	116	59	105	167	167	105
36	73	156	16	156	156	108
80	174	80	80	136	136	136
159	84	159	107	107	159	107
134	160	160	20	20	67	134
102	33	160	5	5	33	33
28	144	175	66	38	46	37
68	111	116	167	192	116	116
148	100	73	73	73	100	100
102	85	102	85	85	102	30
97	38	161	97	97	160	119
127	127	92	92	92	129	127
24	25	172	159	15	149	113
160	42	160	82	42	160	42
182	32	131	103	63	45	27
177	99	175	99	45	39	99
48	37	37	37	30	65	196
147	154	77	147	77	77	147
169	168	38	67	168	76	17
51	51	51	94	94	97	94
98	143	165	154	98	117	15
156	150	16	160	126	160	160
131	35	149	131	188	74	82
114	33	101	84	54	49	114
181	99	99	101	99	123	12
134	65	65	126	134	65	134
23	64	64	23	118	114	23
90	101	180	72	112	152	184
87	117	87	76	117	117	87
120	30	43	15	161	42	161
155	136	83	196	178	178	178
109	101	50	109	109	101	101
157	157	65	157	35	35	65
30	20	99	169	169	96	169
49	106	97	71	28	19	19
51	68	51	91	129	129	104
17	30	19	132	41	154	150
172	180	173	126	180	178	100
98	136	161	95	145	64	47
57	158	34	135	115	31	34
120	135	94	120	94	120	64
18	18	18	92	105	105	97
121	62	62	21	121	62	121
82	151	131	167	73	173	133
62	106	62	152	106	40	106
53	87	11	188	79	59	79
24	132	91	133	26	155	189
67	11	120	165	101	14	31
170	49	39	39	170	170	39
91	68	31	138	123	74	40
57	57	61	185	47	132	19
126	14	35	35	14	59	35
98	75	140	38	75	148	75
154	66	22	31	66	31	22
13	181	181	13	181	171	13
170	92	92	170	92	170	49
63	91	63	175	121	63	17
89	54	100	70	40	134	70
44	115	115	115	46	138	46
66	134	32	100	114	90	139
67	56	152	81	187	152	152
140	17	58	140	11	140	200
92	107	169	143	143	169	107
178	49	97	49	82	131	49
59	90	135	75	75	75	135
60	157	123	190	157	157	12
71	78	78	174	71	78	71
15	15	163	79	169	79	15
60	144	51	60	144	60	144
172	165	124	14	29	43	153
60	160	60	160	60	160	187
29	148	29	148	171	29	148
10	12	12	10	35	10	12
90	47	47	37	90	163	37
41	63	94	66	143	63	63
170	172	36	53	169	47	28
88	118	88	118	157	88	118
155	18	188	133	126	112	133
75	86	179	112	75	68	170
107	13	13	13	10	10	10
161	150	126	171	49	75	16
102	170	168	170	170	49	160
64	72	64	72	96	72	64
184	37	124	174	60	121	32
109	116	16	16	195	16	190
140	160	167	75	75	160	140
162	85	190	182	83	76	121
141	147	141	141	124	91	70
115	63	115	63	168	74	168
90	90	90	17	17	142	142
141	87	84	87	101	166	126
155	21	97	155	27	155	97
101	144	88	88	144	88	144
144	138	154	144	12	115	144
31	83	173	99	90	180	81
53	54	94	53	111	128	178
98	141	10	141	187	70	178
89	111	111	89	89	111	42
156	29	25	16	127	170	74
92	116	174	116	97	19	75
26	156	156	139	156	180	94
177	80	177	186	18	184	177
11	101	99	99	11	99	11
20	20	94	134	94	174	174
103	61	103	61	103	149	61
54	32	54	35	145	172	184
112	26	128	64	126	105	94
80	121	121	121	119	63	111
155	143	68	105	156	143	143
155	168	176	19	168	105	89
16	16	122	138	16	138	138
167	132	132	136	27	167	27
169	129	51	129	128	67	106
16	183	68	68	183	68	183
88	86	134	122	80	122	82
71	53	54	142	163	142	77
178	178	77	111	77	111	178
56	68	125	111	87	28	169
162	162	98	47	47	47	162
28	162	93	162	93	93	162
85	74	74	116	47	116	47
101	68	28	175	190	145	187
67	106	168	69	152	168	101
140	140	87	13	31	143	190
116	92	14	144	119	35	108
164	85	85	164	85	58	164
150	47	70	102	150	18	112
179	151	134	134	179	134	179
109	15	142	91	20	96	142
141	198	141	135	141	61	139
187	191	131	187	123	108	187
33	159	99	115	159	148	159
27	153	28	27	153	151	28
75	39	173	130	173	173	23
110	25	53	110	25	110	25
103	103	155	155	83	155	103
115	171	12	67	26	67	67
93	55	93	142	142	93	142
129	59	186	92	186	114	186
94	101	165	172	66	119	101
128	71	81	190	13	92	173
175	102	36	105	22	175	175
34	76	138	157	87	32	118
124	136	136	136	124	124	10
138	138	72	146	146	146	138
174	15	165	125	125	135	142
55	187	55	77	10	55	13
167	50	134	134	150	68	11
170	170	170	169	174	169	169
55	55	58	100	100	58	23
58	91	143	14	58	116	58
52	56	187	138	56	56	112
48	119	48	119	48	113	119
167	101	74	63	167	167	74
166	10	37	166	10	166	10
24	24	115	74	68	68	74
90	158	158	90	158	90	141
124	184	121	33	178	117	134
57	12	57	57	36	12	12
124	130	124	75	130	93	93
95	65	95	131	19	95	95
74	110	164	181	180	172	46
115	136	136	128	136	115	115
44	44	143	143	100	100	63
95	173	167	185	110	175	110
96	96	94	139	116	62	43
123	142	123	71	71	71	123
131	58	84	92	103	22	145
149	149	59	40	59	59	149
32	28	53	149	184	24	149
149	94	21	185	34	21	21
133	149	149	133	16	16	129
105	173	190	78	105	105	131
14	83	33	45	45	45	144
84	22	182	17	17	122	179
188	188	188	146	146	16	146
105	105	149	51	105	149	149
62	118	62	48	62	118	118
127	63	86	147	119	147	169
160	160	61	59	59	61	39
106	125	13	11	55	144	144
147	138	116	116	116	138	138
31	130	130	53	31	130	31
144	96	10	112	18	125	112
16	110	119	156	106	97	139
171	26	120	59	171	117	89
102	37	102	102	37	37	26
92	121	146	146	121	177	177
56	116	52	145	52	116	56
152	98	146	163	116	116	44
128	27	27	113	128	113	180
37	71	71	37	37	125	71
110	103	103	147	182	103	172
186	28	107	179	188	188	188
103	70	142	172	142	75	67
118	97	59	97	118	118	97
179	192	173	173	49	100	173
73	84	84	41	84	86	181
62	62	62	187	187	187	162
20	168	95	156	183	129	124
176	185	125	127	185	190	123
54	54	184	171	184	54	184
96	120	93	61	167	93	140
25	18	84	25	84	25	84
159	163	126	163	149	120	163
35	141	30	39	112	35	142
169	36	118	23	16	68	124
105	53	68	168	78	53	17
135	23	135	177	22	135	119
57	185	80	80	164	93	186
49	49	84	73	84	73	178
53	53	149	149	53	53	149
123	114	114	165	76	76	76
44	22	172	172	61	176	172
129	87	38	170	172	44	129
14	19	30	140	57	91	127
47	24	24	36	24	110	110
143	72	72	23	143	72	143
87	57	87	57	57	55	87
119	111	22	119	119	111	111
18	70	160	42	128	75	149
151	83	151	151	83	83	161
82	32	147	127	99	50	147
40	144	97	97	40	47	144
185	113	113	185	51	185	113
42	98	190	42	42	34	153
137	42	68	148	12	148	34
161	120	140	66	116	159	143
114	158	115	115	115	158	158
139	101	101	54	69	96	190
48	117	73	170	173	48	29
31	144	56	122	60	25	54
159	159	159	145	34	145	145
138	190	55	70	102	67	102
158	26	158	26	98	145	145
83	101	101	147	101	154	27
20	142	142	20	130	39	142
147	22	22	172	22	193	73
169	69	18	50	163	162	96
138	107	149	138	62	62	62
116	116	128	39	113	32	116
56	56	189	102	56	54	40
123	77	92	51	154	167	79
149	174	21	43	32	21	78
138	138	128	128	98	138	128
33	78	78	193	45	16	78
57	108	108	179	116	108	118
37	90	90	120	142	150	87
16	155	104	104	132	16	16
85	72	27	91	85	85	46
81	81	43	189	189	81	189
26	14	70	14	26	14	26
11	11	119	119	119	59	11
95	91	91	95	75	95	91
115	115	170	115	90	12	12
133	79	133	133	51	133	51
97	115	24	24	97	115	164
73	90	133	176	63	63	63
28	56	56	169	121	121	169
80	189	44	44	17	44	12
121	121	14	121	180	14	14
78	91	17	17	78	78	17
150	28	30	69	79	115	69
106	106	146	15	15	106	15
71	104	74	161	129	85	190
11	34	121	46	111	121	121
120	76	151	151	61	34	37
156	156	146	156	23	191	147
27	96	111	111	96	115	27
103	45	103	45	166	47	166
22	71	115	22	22	71	133
21	21	121	95	121	21	121
120	25	71	25	152	71	25
143	171	80	132	41	95	123
186	120	155	29	125	159	146
126	126	108	108	126	124	108
56	123	130	129	141	130	17
101	106	152	140	97	58	100
54	106	106	21	178	21	178
173	152	117	115	173	173	82
138	159	82	156	65	113	65
99	112	10	119	189	83	94
74	72	72	130	142	72	142
14	148	14	148	14	109	148
51	136	84	123	157	164	164
130	178	79	178	132	18	178
122	188	185	15	157	43	83
31	140	85	31	59	59	85
190	152	126	172	190	125	190
92	92	92	58	58	58	45
104	144	39	104	22	39	104
155	155	155	113	53	61	181
78	128	187	128	138	177	128
183	88	75	183	75	75	183
135	135	14	51	135	121	121
132	184	64	188	55	120	57
24	39	42	42	84	24	84
62	93	163	163	182	170	155
150	112	114	114	151	87	130
105	105	70	105	80	14	101
53	169	53	53	165	169	53
117	127	13	20	20	117	184
184	99	95	95	99	99	95
165	32	32	62	165	165	71
164	115	190	49	22	82	127
124	124	122	75	100	100	122
60	60	47	47	21	60	47
61	163	189	59	158	72	158
76	101	10	46	54	43	30
112	112	37	123	37	108	123
152	102	161	104	152	35	152
33	11	139	73	33	33	31
34	171	138	34	34	171	171
171	100	147	100	180	180	171
114	99	20	114	20	20	114
40	40	119	119	140	140	70
94	40	94	40	18	155	155
16	127	128	127	127	24	24
23	145	136	145	21	23	21
146	146	146	79	79	145	79
24	24	178	79	94	62	16
127	115	57	178	45	137	51
28	135	47	28	47	47	28
36	111	87	137	137	111	137
151	97	136	138	38	82	138
56	124	56	59	113	56	141
118	177	119	119	104	119	132
156	101	52	170	154	30	154
85	141	85	85	184	102	170
31	144	107	177	51	51	170
164	127	75	20	51	60	75
19	61	61	19	61	109	19
111	111	33	33	94	111	33
45	47	151	45	47	47	45
37	37	157	87	37	30	140
38	14	154	30	123	184	133
67	168	101	101	25	185	66
53	53	85	123	123	123	53
192	114	155	114	114	83	50
39	51	79	93	39	184	92
48	48	111	75	57	117	48
71	102	71	162	71	144	162
108	108	42	157	19	157	42
134	125	125	72	134	125	134
33	87	182	33	87	33	87
110	80	80	80	110	166	110
28	198	74	198	75	198	134
75	164	26	139	156	156	156
39	101	39	39	101	101	190
178	146	178	105	151	104	178
49	28	32	49	33	48	78
183	123	100	63	33	184	175
124	89	89	97	87	89	124
95	104	59	59	97	104	95
162	79	14	162	164	164	164
21	107	102	143	93	102	102
143	143	143	137	137	101	137
44	117	62	40	105	142	40
190	15	45	70	30	155	188
15	28	129	38	50	155	142
49	77	166	106	49	49	159
163	64	163	163	64	64	108
114	65	114	151	151	65	174
35	164	84	164	84	164	39
117	157	114	17	17	39	17
52	168	52	43	111	147	16
196	61	196	196	157	26	123
82	146	49	175	49	145	79
15	81	58	68	99	114	19
25	103	103	103	160	127	25
141	108	113	170	61	61	57
148	99	139	99	186	148	116
139	24	189	139	189	189	139
61	88	175	175	88	88	175
39	179	73	149	39	132	34
128	99	19	76	128	128	64
79	22	65	136	65	65	190
94	29	108	29	29	61	108
165	187	77	186	94	187	45
47	59	119	47	118	154	73
163	113	114	163	45	188	134
98	78	157	126	98	163	98
121	121	35	35	83	121	35
70	121	169	169	91	198	169
27	173	145	27	74	142	27
55	100	55	154	95	25	128
196	54	148	82	82	145	82
31	31	31	61	103	61	61
66	80	80	128	128	80	128
11	105	170	105	170	105	170
92	152	152	184	152	184	184
127	125	127	125	157	127	125
133	57	13	135	94	131	30
137	92	144	172	172	144	92
46	160	141	73	141	14	111
134	49	112	78	140	134	21
168	110	141	10	190	141	141
53	29	29	120	120	120	29
160	109	126	160	160	109	109
140	190	183	108	132	19	162
17	119	176	12	118	166	17
152	190	160	95	85	132	95
75	187	56	155	13	130	75
166	138	91	58	58	92	127
42	193	89	46	46	106	46
27	27	48	48	27	48	65
96	39	108	39	108	39	108
183	131	43	198	183	144	183
75	109	109	75	109	94	75
172	171	185	126	165	185	143
122	178	122	39	122	39	39
60	60	60	95	95	28	95
200	200	152	139	127	200	110
74	71	74	71	82	74	71
64	26	72	147	186	124	64
84	32	122	71	126	112	183
82	105	105	88	105	125	125
153	153	98	162	56	162	56
110	76	43	138	179	138	138
64	142	126	64	64	142	142
45	145	150	45	72	72	45
107	116	116	107	107	146	116
74	36	108	127	74	81	80
132	150	150	58	89	62	150
134	49	98	114	97	71	132
18	181	45	181	172	181	141
29	62	62	76	29	76	107
123	123	125	155	123	125	125
112	122	122	159	9	159	122
86	97	86	133	36	109	179
122	56	95	56	95	95	56
156	68	39	182	124	124	124
123	145	145	176	101	176	123
113	65	97	149	149	51	163
140	150	114	114	140	140	36
171	171	19	60	143	174	171
22	191	136	136	136	113	138
96	168	168	188	112	51	110
136	127	172	64	38	12	140
58	178	133	178	68	153	136
130	130	119	119	34	119	130
15	15	145	15	145	145	78
30	37	124	31	30	30	140
107	35	107	107	35	117	35
43	120	46	26	46	153	154
95	87	161	156	126	95	80
50	108	50	50	108	161	83
175	25	177	25	175	25	175
58	43	189	102	16	158	93
69	89	89	71	89	69	69
25	137	152	137	11	137	32
177	67	38	158	26	15	38
46	46	37	46	35	35	35
29	37	40	37	53	38	83
72	151	161	16	19	86	22
66	55	55	181	169	18	134
18	74	160	74	74	160	160
96	96	161	161	64	161	96
33	106	180	18	163	165	173
47	47	59	117	152	47	32
117	33	130	130	130	117	117
127	42	32	23	87	114	114
160	100	59	59	95	41	58
94	94	10	10	147	10	94
52	119	144	119	165	144	52
42	157	180	108	104	87	67
174	29	87	83	29	174	83
38	38	35	38	112	112	112
195	17	68	173	195	15	195
153	145	145	75	145	75	75
49	33	124	55	55	100	97
45	136	42	136	136	45	152
71	130	71	71	130	130	53
60	60	128	87	60	114	200
32	157	61	77	105	42	15
57	123	111	111	57	148	148
175	132	157	115	163	158	124
130	149	80	174	149	188	63
80	47	99	34	99	49	99
104	60	104	120	165	16	113
144	146	48	157	117	105	90
72	28	72	114	72	28	28
106	75	54	97	97	40	16
43	127	79	150	35	150	150
149	17	44	17	44	162	162
97	158	97	97	113	113	158
53	63	53	53	150	63	63
118	51	135	186	94	51	15
189	142	112	112	166	173	121
167	56	39	121	109	164	39
90	90	90	130	84	84	74
156	81	81	156	190	156	81
134	147	35	180	176	147	69
17	17	131	17	17	17	17
104	120	104	87	87	104	87
94	175	176	176	125	176	176
122	26	30	142	107	18	185
138	173	92	92	138	92	138
124	91	106	136	148	79	136
6	6	104	53	6	93	104
61	165	177	120	177	126	13
86	51	62	51	86	62	103
200	28	84	57	138	57	57
174	116	53	16	133	134	58
26	104	60	60	104	71	71
74	19	19	185	26	187	56
82	133	90	171	157	90	157
138	165	138	165	138	165	139
79	156	159	69	81	53	102
136	121	136	90	121	121	135
99	141	121	141	137	99	137
185	78	16	28	69	69	19
41	158	168	170	114	140	56
91	150	55	124	18	190	31
55	149	41	14	164	149	89
78	99	137	10	176	176	176
190	30	30	106	132	85	29
159	55	76	107	159	18	159
137	137	126	126	126	137	66
19	32	158	78	55	19	96
127	42	151	35	82	57	33
35	92	34	35	80	111	179
182	30	190	54	89	30	34
158	165	158	165	157	158	165
101	65	38	142	188	17	170
149	149	149	96	67	67	67
14	133	76	133	133	133	133
129	54	127	127	127	136	31
66	29	50	158	50	58	150
150	133	59	13	109	173	150
169	148	86	24	181	148	92
134	116	134	26	51	26	51
28	145	97	139	28	28	130
126	126	165	126	143	86	143
122	122	125	122	119	97	125
80	148	64	80	138	154	80
127	78	113	134	33	153	33
20	188	76	76	188	76	188
117	130	180	180	180	180	161
34	155	34	42	47	143	178
158	165	112	158	165	151	112
174	55	156	169	174	169	156
187	187	188	146	70	179	187
38	153	153	51	158	51	153
183	128	177	128	128	177	177
104	138	30	11	155	142	112
117	65	155	15	114	73	114
81	127	137	127	70	127	143
141	141	28	65	183	197	141
174	62	190	62	174	62	174
112	20	124	81	168	168	168
76	76	44	44	76	53	34
70	84	84	70	112	112	48
177	154	123	154	123	177	88
186	185	118	40	39	185	78
156	113	156	67	156	73	172
59	166	59	12	59	191	186
50	50	33	120	33	33	50
120	115	26	172	25	188	120
69	40	192	104	69	120	69
104	104	87	99	88	104	84
72	140	72	140	140	50	72
162	121	40	111	173	64	139
169	107	130	130	172	140	84
134	104	40	104	40	40	84
140	128	128	140	27	140	128
141	60	116	116	116	105	13
163	163	33	17	17	17	163
69	74	127	74	74	127	127
135	27	27	167	138	167	135
60	41	41	65	41	60	60
131	46	42	143	148	46	171
163	17	17	17	186	186	186
153	167	139	96	73	184	44
74	74	61	67	67	67	74
62	28	32	25	13	13	29
176	167	84	84	167	176	68
135	71	135	71	50	71	135
17	159	35	62	30	186	177
134	154	134	154	154	134	74
20	166	184	189	61	114	61
105	47	17	105	47	47	105
30	65	165	46	30	165	46
52	135	40	40	54	87	40
54	82	34	87	143	54	22
147	68	46	68	156	107	127
99	174	133	133	133	84	70
89	129	184	162	57	21	43
194	93	80	80	68	197	80
27	45	27	126	76	27	47
131	131	107	107	107	164	131
161	161	41	108	165	108	165
113	84	56	142	142	126	142
132	100	156	93	11	152	126
143	97	97	57	22	43	97
18	18	48	148	21	37	119
85	149	196	138	85	26	85
102	102	149	102	149	50	149
24	50	54	150	66	15	50
41	115	115	41	115	41	157
143	123	52	123	157	135	137
155	155	24	24	155	24	102
103	103	102	113	6	102	103
140	43	107	103	86	24	163
167	7	50	50	154	50	167
52	38	140	140	129	140	75
55	125	148	148	148	125	125
170	65	69	150	25	110	141
136	173	164	23	135	23	23
99	56	14	160	19	111	161
14	10	76	140	14	14	111
30	151	121	135	107	40	113
82	15	15	56	79	15	116
130	185	105	12	180	148	130
144	108	66	66	108	169	108
119	139	50	155	156	126	15
63	180	65	138	63	138	180
132	27	128	101	101	101	128
167	154	182	106	60	154	104
47	130	130	79	79	138	138
163	37	128	106	37	37	140
58	116	154	141	154	29	154
30	162	121	124	148	18	99
37	184	135	76	151	184	61
36	46	116	116	161	55	17
148	111	117	138	51	11	146
85	69	69	69	107	148	48
128	182	187	47	128	151	18
24	150	34	132	117	153	131
45	70	170	157	77	77	72
88	141	166	33	141	141	103
37	186	35	186	186	195	107
105	105	44	93	44	105	44
15	15	11	99	99	21	99
161	30	72	161	161	30	30
96	169	149	124	174	124	54
44	78	143	128	143	136	86
91	59	51	51	91	51	91
56	168	149	28	84	148	84
178	142	34	73	48	54	29
17	132	69	88	97	92	81
17	50	86	17	17	178	17
133	133	133	42	65	145	65
94	189	189	94	190	189	94
43	110	56	51	12	138	53
174	175	136	93	13	92	123
67	199	23	198	67	67	85
74	74	81	81	82	142	81
29	29	86	29	86	20	86
77	19	60	104	187	60	60
197	138	197	197	42	15	69
57	75	57	35	41	57	57
168	119	119	107	119	168	168
161	88	161	161	181	145	34
73	26	26	123	26	66	88
155	132	155	132	132	155	92
53	53	89	54	54	117	117
111	24	62	62	24	111	177
152	34	91	28	91	152	34
124	117	62	121	121	121	62
76	84	76	84	76	84	68
42	170	34	170	170	129	56
143	11	67	143	67	179	119
180	56	72	123	106	148	112
104	74	104	127	127	127	104
173	71	183	51	20	147	133
40	26	103	12	26	26	170
83	157	41	145	92	83	43
54	75	54	33	100	54	169
39	14	19	144	156	148	31
48	122	129	160	129	129	122
160	119	119	160	126	11	160
15	122	122	122	59	15	15
137	185	132	154	58	147	132
141	141	15	89	124	106	55
52	142	154	47	128	47	47
114	114	118	41	90	167	114
176	185	159	159	176	159	176
178	115	178	114	58	58	114
105	72	29	29	14	14	14
82	181	118	147	193	147	147
19	92	67	19	50	32	162
63	178	89	131	28	28	11
88	66	179	88	179	66	168
27	18	154	178	57	40	37
90	90	116	116	96	126	126
149	64	105	64	64	20	74
117	117	22	166	22	166	174
64	41	94	64	41	64	41
33	135	175	122	29	112	52
131	118	131	118	118	131	161
163	168	168	57	55	184	168
48	13	63	175	184	172	66
18	172	16	30	121	30	172
153	106	162	129	164	166	162
128	128	128	151	73	140	59
52	22	89	22	22	52	52
91	90	72	32	91	72	90
178	135	135	135	110	80	175
178	87	17	67	178	178	157
140	140	140	105	105	105	105
104	48	104	104	17	138	151
99	34	9	99	39	99	9
13	13	146	46	13	136	42
124	156	113	30	95	30	97
15	93	47	164	140	28	15
40	64	14	29	163	35	64
171	72	171	29	29	29	171
26	26	124	124	124	20	26
183	50	183	50	52	50	183
67	107	17	67	107	17	154
65	184	161	99	99	99	75
46	89	138	89	46	89	147
72	138	84	98	74	134	151
117	42	182	136	31	117	114
63	62	26	31	115	113	96
73	126	120	73	73	126	126
39	142	131	39	131	39	131
24	189	184	68	87	68	68
154	47	109	47	109	109	47
115	109	70	70	109	109	70
75	124	75	81	75	31	81
22	22	151	155	168	155	151
116	91	91	91	116	47	116
187	36	29	36	33	147	80
20	29	87	192	29	172	29
87	87	9	132	87	34	9
157	90	29	22	90	127	90
168	52	44	168	52	142	44
73	62	62	73	73	37	54
126	110	107	108	129	108	23
20	92	94	162	147	179	98
12	118	109	23	38	118	14
16	100	16	16	13	100	100
171	58	171	105	30	45	171
182	143	64	180	14	60	160
96	96	15	96	47	12	144
60	174	174	18	99	141	174
107	131	107	131	131	131	107
181	85	181	181	80	85	85
61	8	8	31	31	96	31
167	118	118	120	121	167	120
143	143	143	52	151	59	67
65	26	35	113	175	133	43
78	45	190	33	47	46	114
103	96	171	103	171	103	171
57	136	150	150	132	132	132
88	96	175	167	75	132	132
153	104	39	183	88	15	183
77	77	163	65	180	163	180
144	144	112	112	81	144	112
145	115	115	145	145	75	115
87	162	99	156	58	168	11
152	152	50	92	145	172	186
77	177	177	77	77	177	163
122	113	113	113	55	122	122
95	133	133	95	17	90	95
41	188	36	120	49	55	68
148	21	190	100	148	53	189
12	141	12	100	68	171	69
36	49	23	23	36	23	36
126	56	56	126	126	56	61
155	155	192	154	95	155	177
19	147	88	147	19	147	31
66	66	66	45	152	180	119
75	31	75	122	75	31	31
184	15	158	110	154	52	158
28	28	138	28	64	64	64
28	54	35	54	54	35	35
95	96	112	95	45	117	81
154	147	148	65	148	148	65
48	48	186	16	46	106	48
45	57	154	45	54	101	145
159	166	89	95	117	82	186
14	47	184	32	127	118	168
118	157	84	157	107	84	84
22	88	130	106	47	188	152
56	35	115	56	56	35	35
40	73	73	73	40	40	119
59	141	58	141	118	141	59
83	88	32	32	29	81	32
29	183	29	183	183	66	29
152	90	95	25	184	162	90
79	162	169	97	79	82	108
59	78	130	59	59	200	190
97	141	64	159	159	12	159
45	91	144	124	71	91	106
61	58	45	61	94	94	58
108	100	108	100	26	100	32
175	81	81	85	103	160	173
35	151	151	117	18	18	117
56	161	23	125	56	53	81
82	174	151	92	166	142	94
77	80	50	50	80	83	80
46	46	163	46	163	68	163
83	200	23	11	78	78	78
127	109	147	35	32	104	87
122	145	122	108	108	108	122
102	121	102	128	132	132	132
7	48	48	26	7	78	48
101	101	101	14	14	115	14
62	62	96	96	91	96	62
175	108	39	161	168	151	53
41	117	85	41	181	41	135
94	107	107	107	94	94	77
102	82	178	195	82	82	147
151	126	101	94	160	27	151
174	107	175	151	107	174	175
103	167	10	10	11	19	37
187	187	27	187	199	166	45
161	156	23	174	179	61	14
128	115	52	128	54	128	140
82	62	148	82	82	148	148
59	149	115	111	63	22	132
58	40	127	41	23	128	171
86	86	65	14	86	65	65
98	106	178	106	129	127	162
42	66	66	42	66	42	106
86	14	114	138	90	48	114
158	158	145	164	158	117	174
166	138	187	161	188	156	156
26	143	129	24	129	26	24
170	68	68	68	68	68	59
139	22	82	75	94	119	65
10	26	10	10	26	102	26
120	168	168	120	177	168	120
91	66	91	66	174	30	30
145	138	95	95	145	133	138
61	34	172	61	132	132	34
33	33	102	33	137	106	106
96	158	96	116	111	158	116
148	154	148	181	44	148	65
17	58	19	21	58	14	58
87	130	119	114	53	55	44
37	187	84	92	37	26	18
138	172	101	74	119	147	138
20	108	108	17	108	17	17
24	125	30	12	147	24	24
46	21	21	46	46	21	78
93	13	167	13	13	93	93
84	39	39	165	58	102	39
117	55	131	23	20	117	91
146	83	131	143	146	60	84
109	71	109	90	55	90	71
126	157	84	84	17	85	84
12	83	12	83	83	182	12
123	112	123	180	173	46	110
31	136	146	92	31	136	146
112	112	124	71	71	71	112
117	12	63	12	12	51	87
139	70	70	123	72	70	105
124	117	124	117	30	117	124
128	120	88	163	162	88	89
42	110	106	56	137	135	184
102	68	137	46	181	175	69
95	119	183	140	144	119	77
159	99	158	159	99	99	159
18	146	69	146	52	52	18
110	110	17	45	131	17	45
113	106	58	58	67	67	71
43	93	93	43	93	43	82
152	143	126	89	126	23	126
57	175	110	110	110	110	57
166	166	73	73	171	156	156
110	110	48	60	110	48	48
149	153	55	153	83	121	153
152	140	86	124	50	93	59
159	76	76	76	111	39	54
12	12	61	61	104	61	12
120	120	120	101	120	120	120
135	22	135	135	22	167	61
167	75	167	167	137	137	137
39	32	39	32	140	32	39
165	115	11	165	165	115	115
109	42	50	50	42	42	50
115	103	152	59	152	152	115
50	128	128	189	125	73	51
116	116	13	121	121	121	116
8	8	8	138	138	76	144
138	148	107	148	138	138	148
170	62	62	62	54	170	170
78	173	144	96	181	173	48
162	23	162	130	146	43	106
160	149	63	158	99	170	84
123	156	91	91	117	123	156
24	28	142	142	142	142	24
113	183	133	139	139	72	33
146	36	89	86	125	131	86
48	59	41	41	137	38	66
20	20	117	65	20	65	65
154	145	133	154	23	133	133
122	185	12	45	20	157	70
184	148	105	105	142	186	105
47	157	107	107	89	129	30
56	139	92	178	112	56	15
108	108	108	199	97	182	168
134	134	157	157	157	134	131
22	36	22	162	91	22	169
19	17	169	159	171	181	12
83	42	83	126	83	42	42
93	57	182	93	182	93	182
157	161	100	92	165	19	79
22	128	124	128	124	124	128
145	88	17	101	58	128	69
116	103	103	103	26	26	26
126	110	157	184	110	110	43
156	74	74	156	175	88	88
153	153	106	128	128	153	128
34	81	34	138	34	185	103
157	157	14	36	130	130	157
117	191	115	64	115	115	164
139	65	93	93	139	139	93
23	23	23	69	98	69	69
82	82	93	161	163	99	82
43	83	88	100	83	46	77
25	25	57	57	68	68	25
161	174	174	161	161	174	175
180	146	118	97	146	146	27
31	114	174	174	114	114	174
178	92	179	73	134	92	92
149	185	137	149	22	183	187
171	171	70	70	45	130	130
92	111	62	62	111	62	111
155	51	121	146	51	146	121
97	45	83	63	115	162	22
108	14	42	162	56	16	62
58	122	79	79	122	38	38
106	108	156	23	84	11	84
126	41	150	126	126	41	41
153	133	10	97	10	160	115
67	72	30	161	152	90	72
112	112	146	74	115	115	146
21	55	173	65	55	106	48
31	173	19	19	19	196	20
57	34	146	70	57	193	57
88	42	56	20	42	45	42
166	55	105	152	62	67	105
148	157	148	131	33	16	69
18	33	173	96	90	101	96
142	24	12	22	117	145	22
101	91	182	157	52	81	78
90	16	90	190	191	90	108
53	129	27	87	55	62	129
121	150	148	148	121	143	150
73	62	103	103	147	62	103
95	27	27	93	198	31	27
29	41	108	136	49	59	48
132	87	36	132	132	87	7
187	187	187	179	81	179	179
80	153	66	80	58	166	23
52	14	14	52	14	56	52
158	35	35	78	78	35	78
142	152	166	188	44	160	38
7	47	97	154	97	7	7
62	98	91	33	33	33	45
139	182	137	21	10	20	146
56	85	41	74	56	56	84
131	143	25	179	25	53	25
133	74	17	142	34	122	64
162	140	81	157	66	157	122
65	53	195	53	71	53	73
114	114	82	82	43	82	114
74	135	74	106	74	135	135
57	143	176	132	50	114	27
14	21	89	113	89	96	165
92	144	57	57	165	107	79
48	24	90	42	85	150	96
68	148	10	148	68	68	148
50	188	74	188	195	42	188
114	72	31	125	72	31	125
16	176	167	160	160	68	103
40	172	157	40	179	85	40
115	115	115	58	106	106	106
35	144	100	73	28	74	91
80	78	80	24	24	24	80
134	68	134	146	68	146	156
60	148	132	158	23	172	148
59	180	135	95	135	96	135
73	98	98	73	11	98	69
86	86	92	92	86	27	92
66	144	132	114	114	189	121
105	81	105	156	17	105	146
101	19	101	125	101	19	19
97	159	157	153	159	186	143
116	52	116	36	52	116	52
104	104	84	43	104	48	46
82	175	129	167	175	180	175
139	14	105	147	49	44	58
130	38	41	130	130	41	41
99	162	71	115	52	185	62
180	182	140	33	138	59	33
94	94	94	68	68	68	87
115	17	17	77	115	115	93
129	23	155	30	14	176	35
196	196	72	10	196	107	196
32	20	20	20	20	32	32
144	136	162	131	144	63	84
51	51	52	60	52	52	51
175	175	89	89	175	127	89
65	115	165	103	27	180	157
98	98	42	98	198	75	143
187	147	88	98	184	61	20
16	26	130	16	16	26	26
70	70	135	158	21	70	126
156	168	156	168	168	156	65
98	83	200	109	200	200	190
21	190	136	136	177	71	83
62	113	66	176	45	160	62
40	92	40	13	35	46	47
108	26	179	189	131	131	186
98	177	121	177	187	177	83
106	106	106	14	30	90	14
97	120	97	97	120	120	37
96	53	12	149	189	133	149
71	152	124	190	97	133	71
186	86	107	113	49	187	189
133	46	113	62	113	62	133
96	73	128	109	78	54	86
154	61	146	79	61	79	154
22	78	78	22	78	95	120
149	99	93	99	149	149	99
106	32	113	32	113	32	113
10	131	131	10	65	10	19
33	77	61	33	33	61	61
113	63	45	35	140	63	63
134	40	141	49	51	92	141
154	166	98	66	89	117	187
167	151	151	129	151	167	167
112	77	112	50	120	11	64
92	41	92	71	71	71	92
122	98	72	145	149	39	53
48	81	81	81	79	48	48
39	74	190	111	177	39	39
91	95	95	95	147	139	116
186	103	79	174	81	93	171
48	172	83	59	31	73	32
197	195	107	111	111	111	11
128	158	137	158	137	137	158
120	120	120	108	108	108	103
37	170	170	170	165	37	37
83	83	89	142	83	89	89
176	107	94	107	64	64	176
166	146	177	166	164	166	122
36	61	108	182	108	179	41
60	68	79	79	182	73	79
147	71	71	147	147	71	89
94	95	94	95	76	94	95
54	54	54	33	33	105	56
130	129	150	159	130	28	145
71	71	43	86	134	49	90
159	128	117	157	99	91	131
74	84	84	84	74	74	106
41	172	30	113	179	30	30
21	86	29	29	21	29	116
24	61	128	59	83	101	128
54	17	41	28	129	17	76
179	44	129	129	89	188	60
163	163	34	65	144	60	118
158	53	74	151	95	151	151
74	74	90	153	178	100	74
44	46	52	141	20	138	42
94	41	138	138	142	138	133
160	126	74	129	27	129	19
72	185	72	72	185	187	185
87	102	142	178	116	189	79
124	123	124	100	123	124	123
23	158	150	35	147	177	38
157	157	136	137	137	136	157
84	134	134	84	25	57	25
152	108	33	33	31	31	96
127	46	46	110	46	36	110
62	23	168	145	115	62	88
164	57	123	57	164	100	164
16	27	25	27	25	25	102
18	65	70	97	97	18	70
130	80	80	130	132	140	130
67	179	72	179	119	63	176
169	32	87	152	128	169	64
58	103	118	174	174	118	103
63	89	117	117	117	197	158
65	99	124	99	99	124	124
181	108	30	108	124	158	139
181	181	123	105	105	181	105
189	182	97	130	189	148	189
152	185	185	11	185	70	180
153	152	80	80	25	14	180
38	16	24	23	186	30	49
156	111	32	134	31	101	58
139	148	25	39	148	148	69
40	24	162	145	53	102	116
60	97	38	60	97	60	97
104	74	43	115	173	104	115
152	44	41	78	89	95	89
145	184	63	184	99	85	18
142	106	175	115	57	115	81
106	175	19	175	172	106	19
50	23	46	152	70	33	15
87	121	121	92	92	92	121
64	199	64	66	70	64	12
137	137	162	105	133	133	105
179	54	61	48	54	167	168
102	38	31	89	38	77	38
36	36	68	68	36	68	184
71	90	185	185	71	71	185
53	53	183	22	183	183	53
73	122	122	115	115	150	73
140	36	92	129	185	152	42
75	125	75	151	125	125	75
168	116	171	78	173	20	74
26	63	26	65	140	19	26
110	40	114	57	57	154	67
102	59	84	81	59	59	184
100	159	178	178	173	103	15
183	64	35	64	72	33	64
60	60	13	127	159	159	159
169	107	169	53	32	107	53
72	87	32	128	86	170	32
146	106	189	53	106	67	22
30	181	20	68	61	98	182
105	32	123	49	49	105	32
135	37	61	37	135	37	135
89	169	51	180	78	84	104
59	84	188	62	168	70	59
167	180	167	54	180	180	167
60	22	151	22	105	151	60
42	42	158	42	158	158	54
131	37	74	151	119	47	132
79	132	79	57	57	79	57
91	100	92	100	100	91	76
56	23	46	12	12	163	169
12	59	44	59	44	44	59
158	93	40	93	184	59	93
87	11	11	20	87	11	111
188	117	138	28	140	138	113
182	15	81	157	81	56	113
17	17	161	161	185	161	48
58	58	58	26	146	147	26
40	170	130	103	103	103	73
54	155	54	155	48	141	141
124	79	168	168	124	168	79
76	83	58	164	103	45	78
18	178	68	145	68	112	10
127	72	127	15	57	62	105
10	26	26	10	26	111	55
142	138	138	159	142	142	138
17	78	147	34	13	162	147
13	81	81	33	155	81	58
100	100	138	90	18	120	111
96	193	158	109	158	158	158
103	90	90	188	21	108	136
108	62	141	62	141	141	62
102	52	175	141	177	30	71
62	146	62	92	126	55	62
92	178	133	52	176	66	66
157	83	96	106	157	28	157
39	170	141	141	39	168	170
55	62	62	97	97	97	62
48	22	48	62	171	171	62
98	155	128	128	146	146	128
76	103	38	56	128	86	56
181	185	94	181	94	94	181
61	10	132	132	175	41	127
178	147	153	150	171	52	36
130	95	61	130	95	132	95
86	119	179	105	107	105	105
144	89	89	188	188	89	188
140	106	62	156	28	157	84
55	189	189	55	149	189	55
154	35	35	15	154	154	79
76	177	154	104	68	22	14
178	72	178	13	95	48	138
72	147	95	117	164	152	141
55	103	136	55	73	188	163
25	192	25	25	111	192	70
160	137	105	105	105	173	163
43	160	91	47	109	100	174
37	118	53	143	39	187	69
37	92	92	19	19	19	92
77	71	77	106	25	106	71
27	27	123	72	27	25	123
78	79	149	67	166	93	118
117	64	190	14	176	117	185
93	171	169	150	107	55	93
13	106	65	40	149	16	106
111	144	111	114	32	114	32
36	99	30	171	171	119	171
25	165	176	165	150	83	149
164	86	98	109	119	58	13
70	166	30	30	70	70	30
140	27	45	141	45	141	27
77	188	92	186	103	77	106
95	164	16	157	151	58	87
60	63	156	63	25	86	118
83	35	35	109	47	83	109
44	122	21	74	21	169	24
144	27	168	153	27	27	123
154	74	74	154	154	74	160
100	105	100	64	105	105	100
158	52	158	43	43	39	39
33	33	95	121	121	33	121
127	116	135	49	182	70	181
52	125	62	164	164	108	164
67	147	60	60	60	147	147
88	112	55	120	171	148	88
150	174	61	174	100	125	174
117	85	94	117	165	117	143
133	81	133	131	77	81	81
153	149	53	53	22	121	74
29	54	134	64	134	19	181
186	118	53	84	85	97	168
148	10	10	55	49	148	57
108	169	175	74	96	121	93
14	169	64	64	169	64	169
154	174	133	174	174	154	154
57	138	138	57	57	116	138
164	25	25	53	53	25	53
127	76	127	127	98	98	98
127	154	154	127	127	154	30
20	76	110	171	171	68	144
65	21	101	160	65	160	101
195	50	138	50	50	199	72
145	64	45	64	145	145	64
64	136	128	178	114	114	103
46	41	125	168	168	41	46
32	47	165	73	102	16	88
155	155	155	124	124	124	145
18	18	18	94	94	94	58
155	155	155	108	108	43	69
19	19	135	135	135	109	19
148	50	50	121	20	175	129
121	184	86	32	37	106	146
137	54	54	137	54	67	137
68	64	131	64	68	88	88
80	94	19	15	99	15	131
152	152	94	94	152	36	94
104	131	152	85	138	152	88
165	37	37	165	47	37	165
173	113	113	113	59	108	190
76	29	76	18	177	76	120
116	176	67	155	128	176	53
127	98	115	127	127	115	115
160	163	80	160	80	160	80
106	133	23	41	133	135	118
161	144	185	82	76	161	134
125	125	155	155	59	125	155
110	154	110	23	23	23	117
94	94	29	29	40	21	21
21	91	21	117	61	117	21
110	91	110	110	133	82	82
141	134	76	76	152	76	53
35	35	35	143	77	77	77
131	49	49	49	131	131	11
170	170	192	126	19	168	170
57	57	155	164	57	86	153
12	136	72	75	163	25	65
107	59	33	33	33	74	74
94	118	91	172	91	20	54
129	132	166	36	129	132	166
135	27	60	121	121	121	27
104	151	118	104	20	49	51
87	87	128	128	138	138	144
199	65	65	46	33	65	26
17	145	113	23	113	23	17
77	125	181	181	180	181	149
166	86	23	23	12	141	103
145	171	145	123	160	75	88
74	27	146	74	27	74	27
78	187	185	32	90	76	185
39	139	134	130	139	39	130
140	164	175	100	181	13	175
95	131	67	84	84	56	84
114	175	114	175	41	150	41
19	80	80	19	19	80	19
78	78	78	119	199	182	162
183	126	155	128	190	182	183
37	108	37	108	37	108	144
168	36	99	142	168	108	168
92	137	90	173	10	156	176
66	57	57	57	140	66	66
47	107	107	47	107	102	47
172	18	59	188	172	86	172
7	7	68	91	91	91	24
133	51	196	133	87	133	187
34	34	106	106	39	106	77
11	86	86	86	168	123	93
36	36	28	144	101	168	13
158	19	158	177	92	92	19
90	24	110	60	141	141	141
190	184	83	35	173	108	190
124	144	90	73	172	188	142
90	90	149	123	90	78	195
56	121	121	115	121	142	121
128	55	136	55	47	47	55
106	106	122	126	156	126	122
106	26	106	33	26	26	106
98	29	17	144	144	170	28
16	37	61	161	61	61	199
8	14	14	79	79	14	11
93	158	158	158	147	147	147
131	131	93	72	93	72	143
94	54	94	54	94	54	187
27	56	56	27	171	27	56
106	65	106	128	65	65	106
150	166	51	41	14	150	150
45	133	111	133	133	111	111
37	170	174	71	85	186	96
187	73	73	187	187	73	154
33	116	116	73	33	179	73
135	39	161	161	39	39	161
114	35	35	35	114	177	114
31	106	64	106	64	158	105
129	136	146	136	129	24	24
70	70	70	70	70	123	70
167	111	111	184	89	63	13
56	121	56	137	172	74	38
178	18	62	67	186	144	147
95	71	71	95	89	95	53
32	32	147	145	118	118	145
69	101	133	150	37	101	101
12	116	99	12	12	99	99
113	121	113	161	121	161	72
147	147	62	21	21	113	62
153	93	12	143	76	71	89
124	104	171	124	104	112	171
152	118	101	101	91	43	48
57	109	57	24	24	15	15
174	124	186	186	124	186	124
36	32	104	125	185	131	153
26	186	94	186	26	26	186
40	40	56	56	58	40	56
131	131	131	57	57	98	69
157	52	52	119	116	119	52
113	30	14	30	30	113	113
168	63	30	143	77	63	98
106	106	104	90	104	61	61
77	15	15	15	164	111	73
122	153	103	31	115	109	117
120	61	147	61	120	61	120
175	15	90	31	55	55	104
116	133	81	116	81	116	81
117	72	155	83	117	151	161
165	104	120	73	73	38	73
28	109	132	28	132	28	132
65	36	74	65	65	102	75
25	99	25	36	66	25	76
159	15	149	149	15	149	149
61	17	123	146	17	20	174
81	92	119	47	81	42	63
5	61	5	98	60	61	5
56	106	71	106	71	167	56
79	87	127	49	23	78	162
161	161	130	44	44	44	161
52	83	156	82	83	52	81
137	137	164	45	164	137	164
53	159	32	58	127	45	32
116	116	168	48	52	138	48
86	25	140	78	111	36	78
80	122	40	14	80	99	72
171	171	90	122	122	122	171
131	65	32	118	129	131	18
21	181	21	21	181	181	79
51	189	16	109	189	135	105
134	39	90	60	24	98	133
69	52	52	69	160	69	52
56	11	100	51	56	56	42
117	49	21	31	87	49	33
26	32	26	32	26	32	76
42	145	121	174	23	42	42
65	102	146	146	102	102	127
111	155	181	105	38	155	63
89	135	184	169	108	100	56
44	69	69	69	36	20	146
52	49	125	53	34	168	49
45	169	45	57	50	169	45
96	34	144	34	65	34	65
151	38	38	116	151	151	170
45	45	85	85	45	62	118
30	192	160	160	134	84	160
151	69	171	69	151	71	110
147	61	111	168	114	112	18
65	111	51	51	64	170	51
154	36	174	69	164	174	82
38	118	40	90	67	43	67
84	49	98	126	14	32	163
18	161	169	18	41	41	39
167	31	147	158	127	31	91
59	54	52	59	54	59	54
146	164	104	90	162	130	164
93	182	179	40	96	134	179
170	24	170	170	112	24	24
156	128	167	49	66	156	176
163	140	145	140	140	145	145
43	33	128	170	150	170	37
164	24	86	155	155	42	60
173	146	173	39	173	39	39
105	149	61	105	193	105	167
135	135	69	97	135	135	69
181	63	181	63	115	35	181
187	90	60	82	152	34	116
162	75	89	75	162	94	89
83	97	133	68	28	63	180
188	16	59	140	177	140	23
135	135	70	135	70	130	70
34	34	34	68	38	38	38
20	20	25	25	25	25	20
64	35	59	135	59	64	64
178	77	74	178	79	186	80
117	21	117	82	117	82	82
54	120	120	56	56	56	120
20	109	165	110	68	46	111
26	160	30	160	69	26	69
35	18	71	178	68	178	178
76	77	76	121	76	107	46
118	76	171	25	102	76	76
103	190	99	99	190	190	99
83	46	46	49	46	104	116
119	151	10	119	184	102	42
129	129	108	127	151	151	129
135	15	63	63	15	63	15
152	152	106	106	152	106	169
95	37	82	14	43	95	44
78	58	58	116	116	78	58
60	136	61	59	130	149	53
96	68	68	161	161	87	68
56	56	38	56	68	38	38
38	29	25	128	137	128	119
154	154	160	160	161	160	154
62	183	77	62	62	77	77
162	20	20	20	162	162	162
49	137	107	107	29	103	135
127	152	89	65	41	127	165
67	177	138	55	32	161	32
126	158	123	158	158	126	58
101	11	82	26	14	166	170
131	81	81	19	91	19	131
119	109	15	148	41	126	10
120	137	185	69	59	94	47
20	172	147	18	135	172	41
18	18	134	148	134	18	134
140	140	88	32	15	70	96
114	114	168	96	138	114	168
14	14	35	14	14	100	13
95	72	139	110	67	184	110
48	48	85	73	85	48	85
162	168	30	173	162	161	162
28	28	149	59	149	28	149
117	117	52	52	117	52	41
102	158	102	18	155	158	155
141	37	139	91	91	86	115
131	131	168	55	168	167	55
96	124	114	46	184	184	30
109	42	154	12	80	88	165
106	79	16	107	107	79	79
163	161	23	73	89	20	152
127	75	159	82	51	140	75
105	128	128	20	105	105	128
11	11	163	11	163	160	163
141	183	141	144	183	141	183
165	96	109	139	41	162	181
18	18	81	11	81	18	81
139	139	121	114	114	139	114
146	146	146	122	21	21	21
155	54	143	137	33	137	20
32	73	85	73	85	112	32
68	102	81	154	96	96	96
48	22	34	34	22	148	48
80	10	165	154	16	15	161
96	184	62	96	136	86	166
173	64	132	64	153	132	173
140	14	182	13	101	101	174
145	95	95	169	137	56	145
22	126	126	149	142	149	142
77	25	77	149	149	109	77
41	190	137	114	187	41	41
130	130	70	130	137	70	70
124	170	129	124	129	129	124
44	156	64	44	10	63	44
143	130	28	120	127	33	120
121	132	121	138	132	121	132
112	77	129	77	112	112	77
19	149	30	173	149	30	173
17	185	58	78	12	54	176
48	138	48	129	48	138	138
53	53	95	86	86	86	53
129	129	12	172	129	12	12
17	102	69	17	69	17	69
152	121	20	100	81	20	187
108	108	76	76	18	18	119
188	19	19	126	140	144	36
12	111	39	12	65	73	176
22	168	17	128	118	156	23
80	68	108	108	68	80	167
134	79	92	160	18	36	140
46	46	154	154	46	40	154
186	186	51	90	40	89	86
161	20	21	106	173	52	52
53	10	92	92	149	48	151
173	49	41	56	41	148	25
80	95	176	14	175	14	131
133	133	29	29	124	133	29
102	102	194	14	102	70	13
93	148	10	138	173	14	124
149	121	94	94	121	121	37
128	13	104	128	128	104	74
22	61	11	11	47	178	124
41	59	86	41	28	41	28
99	65	174	35	65	60	163
135	120	156	41	135	46	135
147	147	18	192	147	49	104
15	56	17	17	15	116	116
26	26	26	178	186	178	178
78	78	134	134	134	78	110
145	87	70	87	70	86	86
66	147	147	66	137	137	131
119	10	10	119	10	119	90
180	55	178	175	178	137	27
147	147	98	147	143	143	143
173	27	164	173	27	173	27
120	25	100	150	53	105	25
39	39	149	186	39	153	23
27	185	48	29	124	26	48
190	51	110	54	51	182	51
63	111	58	12	170	140	58
14	59	39	73	123	101	39
167	107	110	166	91	10	91
16	60	60	85	186	198	60
90	120	35	38	33	45	22
55	71	153	76	167	187	111
36	134	134	36	36	134	68
180	140	140	177	140	154	109
155	71	123	40	40	71	40
165	165	82	123	123	165	123
186	129	61	42	149	109	129
13	13	108	101	13	108	108
79	35	151	75	163	60	83
43	43	43	183	183	183	176
129	129	141	129	141	129	141
13	13	27	27	13	161	27
65	65	26	132	142	26	26
97	142	119	141	142	181	141
13	137	188	181	187	181	101
91	117	78	78	91	78	78
101	72	98	101	72	98	180
106	132	106	106	159	76	140
46	74	145	91	145	46	46
92	21	21	155	92	92	21
56	16	87	16	56	16	56
48	48	50	50	115	50	48
168	39	62	108	14	62	62
166	166	82	166	192	23	121
37	92	31	69	12	92	15
161	12	124	78	115	142	115
42	44	44	42	56	44	42
68	62	62	151	123	62	181
52	163	163	174	113	163	24
88	36	93	88	36	88	36
14	147	25	14	14	99	152
34	174	34	34	139	139	139
159	170	170	170	159	180	159
10	65	147	10	10	72	65
146	174	101	103	103	103	109
85	159	85	13	159	159	85
22	24	94	22	94	94	139
49	127	167	73	49	140	49
50	50	50	77	178	178	178
127	29	170	135	187	40	22
50	161	150	20	171	54	173
13	76	76	76	94	94	94
118	132	152	39	38	161	38
20	120	156	120	120	156	156
124	124	63	63	63	124	97
185	13	185	90	90	90	185
116	122	116	116	122	17	122
194	139	82	139	178	129	139
169	15	21	169	169	15	15
103	185	103	39	79	148	125
26	26	105	27	27	27	26
79	154	195	154	153	28	154
112	112	90	90	112	175	90
153	70	166	134	134	166	134
153	166	47	32	89	93	42
14	14	40	56	99	83	14
66	66	101	101	66	28	101
97	12	26	26	12	26	12
103	14	103	14	103	14	78
69	129	129	69	69	129	149
53	174	174	136	37	76	82
164	143	32	164	164	143	143
76	74	181	76	185	183	76
129	108	62	180	62	186	128
116	90	56	33	48	90	114
36	135	135	68	68	68	135
71	71	138	129	138	97	71
122	183	97	97	74	107	21
78	170	117	78	109	109	117
48	91	127	102	48	91	127
108	29	88	26	88	20	157
186	117	45	38	45	190	46
72	155	52	72	52	118	118
67	97	97	132	97	67	17
23	106	111	87	39	122	156
142	152	142	152	168	142	152
163	53	145	145	163	163	145
44	159	22	92	22	159	129
60	17	143	101	60	101	101
192	97	97	46	197	97	109
28	169	169	28	119	169	28
98	155	11	146	175	22	11
178	140	163	140	140	46	114
142	69	69	13	51	175	130
61	33	160	153	77	167	19
153	16	145	112	15	40	77
139	64	113	44	82	85	85
20	159	154	119	20	159	119
94	53	83	94	74	94	14
153	166	126	55	72	50	117
109	109	108	108	109	14	108
68	38	38	27	62	169	38
98	116	21	69	138	116	116
113	180	127	143	127	180	113
187	51	118	161	150	161	167
36	140	140	36	36	104	140
114	107	110	132	71	41	114
22	169	41	102	120	122	22
124	179	124	179	70	113	113
174	112	79	31	79	37	142
135	135	172	172	172	135	92
83	107	83	67	165	67	107
132	58	58	58	114	42	95
49	116	116	133	49	116	49
28	57	77	141	28	190	126
24	145	72	17	175	27	61
25	66	131	66	66	25	25
95	23	95	11	82	23	95
138	17	17	149	138	138	17
147	165	14	42	89	64	68
71	178	197	174	71	71	97
74	16	147	159	136	47	124
179	26	37	56	160	55	132
92	142	137	92	92	142	142
108	108	161	108	161	130	161
130	143	178	99	56	74	32
151	99	22	119	44	26	106
74	85	75	66	63	113	85
176	156	21	156	166	156	178
85	59	85	80	80	29	59
108	180	27	45	95	45	120
159	42	42	28	53	172	66
126	20	126	20	137	20	48
86	179	160	160	143	160	147
70	143	184	157	73	170	150
147	68	126	147	147	68	68
28	72	135	57	93	125	53
171	125	53	53	53	125	125
142	177	81	177	81	142	157
101	139	39	139	5	39	39
37	162	162	37	37	118	162
32	155	164	64	130	99	99
28	63	129	153	28	28	134
155	137	89	64	106	28	169
128	121	129	129	121	128	57
143	144	107	118	37	107	50
172	34	172	60	172	60	60
145	73	145	44	73	99	44
97	68	137	65	86	63	133
194	195	137	34	34	34	37
48	33	65	65	100	33	33
110	163	167	110	110	86	92
137	170	105	170	160	144	70
187	104	134	103	177	136	103
16	128	190	16	16	45	133
122	34	146	88	190	101	10
135	72	93	167	63	18	129
106	27	89	31	163	175	163
141	141	165	141	20	165	165
120	118	153	93	120	118	93
43	122	181	70	70	49	57
63	179	46	141	125	46	63
169	29	169	182	103	177	169
29	51	29	179	182	162	29
135	89	123	44	41	142	81
19	60	64	105	165	133	157
56	72	136	101	163	72	129
136	136	78	78	78	136	45
110	110	94	66	157	48	110
164	50	46	136	134	18	158
141	43	43	151	43	141	141
102	159	159	83	83	174	102
97	83	83	83	97	148	97
112	112	44	131	131	37	37
61	61	77	77	61	77	153
68	59	60	134	134	40	134
130	11	11	35	11	28	31
126	111	66	25	36	145	177
97	77	123	41	188	180	26
177	107	180	59	87	137	167
168	115	75	115	43	163	115
67	71	190	71	71	67	67
67	32	128	96	73	67	44
153	36	118	193	153	153	180
53	53	166	166	165	8	53
93	93	93	124	115	115	124
94	70	181	126	70	94	76
95	96	146	96	146	60	95
93	93	37	70	78	58	97
164	164	92	89	89	28	92
108	12	50	63	116	86	65
27	176	48	48	176	27	78
74	74	74	74	100	15	27
129	129	129	189	171	171	171
152	59	11	112	124	112	78
104	114	37	114	86	187	90
121	121	121	67	120	120	120
19	60	137	194	19	172	19
146	117	113	39	26	98	135
26	123	172	90	87	90	90
120	93	89	166	157	104	157
132	196	102	132	47	36	132
150	186	150	186	186	150	64
179	66	70	28	88	83	147
132	107	144	116	116	116	132
178	51	168	168	80	179	168
117	83	128	128	83	128	83
174	143	140	32	105	17	174
87	108	117	136	96	47	76
24	117	49	163	44	49	151
95	95	144	138	65	120	172
30	108	41	30	41	41	147
183	183	183	87	190	64	27
126	32	34	89	32	34	126
77	153	77	153	77	88	14
112	133	112	133	112	133	129
42	191	97	97	121	97	97
42	86	150	86	150	86	150
37	120	68	189	133	67	18
155	111	65	14	65	112	176
139	63	100	100	101	101	101
133	85	27	68	85	85	178
133	37	173	51	73	61	163
105	105	99	144	105	99	99
52	21	151	116	16	175	21
153	178	64	61	80	153	154
65	125	87	134	44	144	132
113	27	128	128	190	92	155
40	83	37	57	52	123	179
96	96	125	72	179	96	143
32	93	83	32	29	38	73
39	39	106	138	40	40	138
188	15	149	152	52	60	58
106	28	68	79	172	133	79
75	75	162	124	129	65	101
118	118	122	122	168	122	53
100	52	21	170	136	157	21
108	193	117	60	60	60	68
58	60	171	157	157	170	41
109	183	126	23	82	168	168
138	11	42	113	180	11	11
130	13	44	13	16	160	147
23	34	164	123	181	123	123
135	146	38	146	135	135	146
19	98	98	98	19	19	98
127	104	30	180	180	161	182
62	103	40	57	152	81	94
107	153	160	160	153	160	153
47	88	47	47	178	178	178
114	104	153	128	51	114	180
172	56	178	192	172	172	157
175	174	108	108	175	47	141
11	175	159	163	161	92	183
151	140	81	140	140	151	151
72	65	30	15	30	15	30
123	45	197	193	197	197	190
166	168	178	38	166	125	166
48	133	48	164	121	133	164
92	49	179	92	20	142	48
57	57	17	57	108	56	178
122	92	44	122	25	92	92
143	88	102	143	95	143	181
74	108	89	91	15	59	79
180	121	122	49	35	73	35
99	81	117	117	99	99	117
59	30	60	60	59	59	60
180	26	137	41	41	117	85
19	19	19	84	84	84	182
34	47	34	34	75	22	117
19	104	19	104	19	95	104
34	34	86	88	144	183	90
151	127	106	113	145	91	105
131	86	70	70	137	137	131
115	84	34	115	90	34	34
22	14	22	22	14	14	32
74	76	83	79	111	83	135
92	31	31	50	78	31	78
41	121	55	182	13	147	46
124	44	124	105	124	105	105
70	136	69	136	136	69	69
48	69	66	12	65	31	134
109	47	86	160	44	109	109
35	189	76	35	76	76	35
28	28	138	138	28	138	62
12	111	147	39	23	39	95
156	63	131	94	15	109	109
125	64	64	125	64	125	182
30	82	12	12	30	12	30
81	30	30	123	76	51	122
155	81	155	99	159	78	79
27	71	120	111	92	27	187
65	180	148	180	200	193	180
63	40	69	40	69	69	40
186	183	183	183	121	186	186
176	141	15	51	141	38	141
152	67	67	156	31	67	138
109	185	145	109	47	24	94
64	70	78	64	41	64	127
188	189	93	189	93	93	189
114	114	60	60	95	47	47
14	143	172	172	170	172	177
144	144	144	178	178	178	178
115	15	53	116	15	115	53
93	103	103	93	93	138	103
188	128	103	24	128	128	55
174	180	151	151	92	151	43
133	72	92	133	67	133	85
121	141	95	106	41	144	35
176	173	42	198	176	110	176
179	96	43	112	53	53	113
97	34	84	104	127	37	127
121	121	155	121	155	121	155
81	65	148	167	81	105	69
62	145	31	36	26	48	31
34	115	115	50	115	34	34
90	130	90	15	18	21	60
11	11	15	51	133	17	149
106	121	12	121	179	121	142
174	133	37	21	24	53	51
51	66	165	67	67	21	146
36	165	23	141	51	28	51
116	25	13	116	116	150	23
44	130	83	13	189	189	157
33	138	178	138	138	33	33
30	120	56	120	120	189	139
98	71	27	167	149	34	27
105	175	79	34	140	76	101
99	99	14	125	82	80	70
83	83	92	21	92	83	119
20	94	20	93	83	94	20
116	22	56	116	22	22	116
52	127	52	127	20	52	127
67	88	178	178	143	143	67
74	71	117	90	26	33	20
131	71	183	95	73	87	115
75	75	102	41	41	75	41
148	140	49	103	103	167	43
125	125	62	132	20	125	57
128	77	128	184	184	184	128
117	99	32	32	69	32	66
35	44	13	163	92	189	92
72	57	72	125	57	57	73
27	99	141	37	45	99	150
171	171	171	69	95	69	69
110	86	47	91	47	91	110
111	69	60	166	148	139	176
110	110	79	142	79	79	110
154	115	154	115	154	165	115
135	167	57	124	124	84	61
92	66	25	132	25	66	66
125	151	103	47	40	85	178
70	48	20	165	96	18	165
94	29	110	89	89	89	115
61	107	53	135	61	30	25
178	173	173	82	125	51	144
26	21	188	184	151	26	26
96	49	19	19	49	138	96
7	9	61	61	138	7	7
51	148	164	81	51	51	81
96	109	165	62	159	51	96
166	179	179	179	166	166	57
79	181	116	83	185	116	21
94	60	94	188	44	163	59
175	105	129	128	114	57	55
123	190	86	51	97	96	40
44	14	93	44	50	15	91
178	137	137	94	40	18	137
137	163	137	84	84	84	137
31	31	31	79	94	94	94
75	75	81	69	98	81	69
17	17	17	43	21	183	94
78	47	119	103	142	146	96
34	34	18	34	57	18	18
76	76	26	26	76	163	26
177	82	134	160	47	114	157
70	109	14	109	168	188	93
138	23	61	135	183	92	53
76	176	33	36	33	36	176
121	49	49	92	108	49	108
25	25	166	96	147	194	25
129	87	87	117	117	54	54
41	25	41	28	116	25	116
38	148	38	148	30	148	38
33	144	33	144	33	144	133
131	157	76	100	91	131	44
68	157	179	150	58	98	11
111	44	120	120	63	156	25
96	160	53	96	160	160	96
198	84	154	154	134	108	154
132	132	97	53	128	55	132
136	178	94	138	31	155	61
56	11	40	17	149	57	171
77	119	163	163	148	163	112
57	57	148	57	148	95	148
20	57	89	183	20	170	107
34	34	42	34	18	167	187
158	17	84	158	12	69	73
25	19	172	19	151	19	133
130	179	41	17	30	43	37
111	155	49	49	49	170	153
79	86	75	51	27	15	15
22	61	22	116	127	22	19
37	37	65	65	33	65	37
81	155	45	156	146	126	146
134	109	189	51	111	116	58
36	40	100	40	67	40	36
99	14	14	10	14	10	10
66	145	152	175	145	66	175
108	67	135	67	85	85	135
175	58	63	63	175	58	55
158	136	145	158	136	151	158
150	56	105	191	200	191	191
184	171	190	57	187	19	101
146	146	85	146	108	85	85
113	133	169	31	131	93	93
161	120	94	42	120	140	12
143	88	188	49	80	138	188
143	25	25	143	26	143	25
142	12	157	99	148	97	179
157	160	160	160	53	157	157
69	141	141	69	58	141	69
164	35	164	164	35	35	141
34	92	124	92	183	40	92
17	129	182	160	160	160	109
29	52	74	47	45	81	179
127	130	59	127	130	130	127
66	7	145	28	66	28	66
49	181	175	49	175	49	175
100	158	124	156	55	135	156
101	31	40	101	150	101	178
195	161	195	86	150	195	10
7	111	130	130	109	130	7
41	65	134	65	65	188	174
134	134	134	115	149	115	115
190	11	19	141	76	156	150
74	45	19	19	19	45	45
161	161	115	27	189	18	189
137	32	159	32	159	32	159
20	33	33	106	106	19	20
178	10	123	178	79	26	177
89	89	20	175	89	175	175
46	36	46	46	36	130	36
136	88	58	62	97	12	78
115	36	32	136	37	111	40
116	135	132	102	53	68	137
70	66	66	134	64	108	17
102	102	45	102	45	45	125
16	77	16	77	66	139	66
52	37	37	72	37	52	52
172	172	129	129	86	86	72
77	187	17	187	94	140	172
62	28	162	81	162	28	62
75	142	25	166	127	64	93
175	68	84	68	175	68	175
61	152	30	131	97	30	165
177	48	177	48	48	122	177
139	47	177	70	128	180	73
87	123	168	44	87	73	101
14	139	114	106	106	106	48
101	76	96	49	14	177	148
91	50	15	45	45	15	15
38	151	38	118	178	178	151
79	124	79	124	45	124	79
131	170	170	131	72	170	131
40	129	195	196	196	38	196
131	150	91	149	162	79	65
42	124	109	73	39	24	41
90	157	64	90	78	85	90
120	139	152	101	139	139	101
175	175	32	175	28	12	183
176	23	136	173	74	74	74
76	60	34	77	138	40	27
20	13	38	13	135	13	121
150	17	87	136	10	136	136
58	58	86	176	134	66	107
72	176	81	69	81	81	159
38	47	11	174	170	170	93
69	115	115	142	166	115	121
187	100	91	100	163	100	184
16	154	82	154	154	72	120
56	121	67	129	175	188	77
188	188	188	12	12	12	180
23	158	103	89	45	143	23
76	53	180	52	172	172	84
145	145	145	59	77	77	77
118	124	102	149	163	102	102
45	120	70	113	120	85	136
92	186	92	186	82	186	92
130	130	130	113	33	33	86
45	48	45	48	15	116	15
120	132	19	143	87	17	80
125	34	28	38	43	125	83
107	74	155	53	158	43	45
177	80	183	136	15	38	177
141	160	37	77	31	20	160
51	154	74	74	180	86	81
18	163	94	58	58	84	164
130	135	82	67	155	135	18
108	44	44	44	93	93	128
96	149	128	143	169	72	29
124	67	124	33	67	67	124
107	53	163	53	163	53	163
53	36	62	116	151	59	111
97	116	94	94	97	97	94
159	136	18	85	53	136	136
30	67	67	164	30	67	30
143	75	75	143	75	188	143
118	77	77	124	77	124	124
153	126	126	126	184	52	117
67	197	157	57	57	110	57
185	31	158	47	74	13	58
98	63	41	41	98	98	41
182	78	105	145	145	114	93
174	190	174	174	158	190	190
25	111	111	167	130	85	161
142	185	142	165	129	26	165
143	121	187	58	146	103	172
87	101	133	144	164	146	89
93	135	53	109	121	93	58
67	15	74	186	83	96	115
137	111	122	100	157	186	157
127	15	159	159	115	15	75
125	59	171	125	59	171	100
153	153	22	57	57	153	57
49	105	49	95	95	95	49
114	74	15	24	102	125	74
15	114	114	114	168	15	15
10	117	10	10	117	105	150
66	139	180	15	154	113	128
33	98	168	36	31	168	168
149	87	87	120	76	123	53
110	21	190	110	168	18	119
6	80	102	80	102	102	102
91	76	83	48	83	76	48
135	135	135	192	13	156	145
151	151	24	24	162	162	144
161	152	161	62	161	189	195
90	168	24	83	24	24	197
147	45	45	147	89	45	147
158	158	158	158	42	71	158
80	156	80	108	156	80	156
48	146	144	144	144	48	48
133	28	143	53	167	62	131
131	124	44	131	124	124	131
13	87	167	121	14	89	122
46	15	15	35	15	15	46
103	179	117	78	156	112	78
139	27	139	25	91	11	112
73	37	36	36	73	36	73
102	46	139	139	46	102	79
63	88	63	19	24	88	19
127	75	172	185	100	172	85
96	46	74	46	74	74	46
145	64	64	145	145	21	64
100	57	126	188	164	123	105
116	34	166	34	102	131	112
93	150	185	77	21	70	15
51	124	133	100	91	160	177
185	89	161	161	53	85	161
33	83	76	22	22	85	22
125	137	188	101	125	196	125
113	71	180	16	146	113	67
31	174	185	174	66	94	129
187	40	63	41	41	86	57
78	118	52	85	102	85	72
63	170	170	190	55	83	112
168	37	37	44	44	37	44
142	142	106	161	142	100	149
152	93	92	90	30	137	64
20	65	88	20	128	128	88
138	187	86	17	122	187	187
87	174	153	116	153	116	87
92	49	15	66	66	66	173
61	54	131	54	61	111	54
68	82	82	65	68	68	82
93	170	176	121	80	127	176
143	142	163	143	163	143	163
197	81	115	170	118	115	115
20	20	20	44	68	44	44
168	101	177	168	151	177	151
66	168	172	66	172	168	48
106	106	198	40	106	56	34
101	121	59	121	121	59	59
14	160	14	160	165	14	167
193	42	42	42	189	143	19
164	27	27	118	178	199	27
35	50	100	100	35	100	100
180	144	181	45	174	167	69
29	184	39	85	132	30	169
36	182	126	36	138	36	100
71	190	13	68	71	19	71
24	101	96	101	101	24	24
196	60	107	91	113	91	91
145	52	64	52	45	178	52
173	18	18	199	18	75	45
160	89	108	89	89	168	43
118	85	47	173	103	173	160
169	22	169	22	158	169	22
57	94	57	86	179	102	57
84	62	147	62	62	84	84
39	8	84	8	39	39	49
26	129	143	178	178	104	62
25	142	142	112	112	112	142
142	151	151	142	142	81	156
104	49	71	176	148	177	176
156	77	77	49	77	156	147
184	90	61	136	35	35	102
167	161	38	159	138	155	41
156	69	51	144	134	162	31
122	103	132	122	132	132	122
19	26	19	167	152	47	28
12	86	137	50	45	11	167
76	163	163	50	50	76	72
101	101	191	120	101	150	78
155	155	29	53	29	29	155
10	10	133	133	133	120	10
166	184	173	80	78	78	146
89	137	186	58	153	125	125
19	19	54	19	54	107	54
161	178	178	111	160	160	161
123	123	123	123	123	123	11
153	46	46	166	153	32	32
162	100	23	23	30	182	101
101	101	101	97	176	97	97
26	194	184	26	26	29	166
70	149	70	70	66	178	88
156	98	150	186	87	181	177
114	114	48	156	156	156	114
160	97	12	69	12	12	47
57	57	92	158	158	158	57
147	79	147	79	111	120	111
80	45	44	80	10	80	135
116	82	82	82	116	116	67
171	35	12	133	76	104	12
79	79	160	72	72	79	72
27	27	34	34	34	27	66
104	55	13	45	132	44	118
116	116	94	94	116	53	94
98	50	80	115	150	162	186
177	32	142	153	60	142	32
34	31	190	108	92	158	16
53	95	144	53	189	85	53
72	72	150	37	72	166	150
158	118	105	118	195	118	58
74	98	107	26	74	98	107
66	66	99	66	99	136	99
60	149	69	136	139	72	82
86	145	93	139	139	93	86
182	37	32	37	109	164	131
103	128	103	128	103	128	148
156	178	125	125	125	178	178
179	154	137	102	152	86	126
138	138	43	64	138	64	64
74	27	11	74	74	11	149
79	138	158	20	95	79	25
150	150	57	57	178	180	180
70	70	36	36	70	36	38
75	140	140	49	185	46	140
181	64	176	18	87	45	163
51	190	13	145	160	146	134
88	135	112	88	112	88	162
19	175	65	117	140	178	175
40	44	44	179	44	38	123
187	22	111	154	32	10	181
133	176	133	160	117	160	176
122	37	18	104	37	104	104
120	167	120	49	109	132	101
190	133	190	10	10	190	10
27	27	27	166	42	42	42
188	63	86	14	104	63	110
63	109	20	30	27	30	30
104	59	104	104	12	59	59
125	36	56	36	75	56	56
40	10	100	81	131	124	187
19	29	19	70	70	162	29
96	168	160	160	158	96	168
84	89	41	84	68	68	89
83	169	169	156	169	166	121
86	86	45	51	115	86	45
121	23	73	121	121	120	186
148	78	148	167	94	108	64
54	182	50	175	89	37	175
52	52	78	126	52	14	126
97	97	37	97	37	23	37
16	63	24	16	133	133	24
90	129	176	130	42	118	48
87	87	7	87	20	7	51
199	199	10	193	123	156	199
120	165	30	167	167	12	64
84	26	84	26	81	26	84
74	107	41	102	146	41	58
200	94	79	83	53	83	83
150	150	14	14	182	150	14
130	96	80	80	130	96	79
145	195	128	145	145	164	160
73	76	73	76	73	57	76
67	46	124	64	148	46	135
69	38	55	107	107	141	58
118	42	42	170	91	77	42
145	44	145	29	154	154	154
159	33	71	160	72	45	120
137	180	67	184	184	184	138
22	104	104	145	104	145	145
16	119	17	137	109	155	168
68	17	90	90	90	17	152
144	52	172	56	71	41	52
91	35	91	146	146	91	146
12	12	164	164	12	178	164
103	123	129	129	103	44	123
162	143	162	162	161	161	161
68	68	34	20	48	136	80
68	161	11	62	80	161	185
58	58	90	58	157	157	157
158	173	170	101	170	93	170
170	170	170	109	151	89	151
72	105	41	41	41	130	87
57	41	156	41	156	156	41
150	70	71	61	70	61	71
142	199	137	31	199	199	74
104	34	161	50	19	182	108
63	106	44	100	106	100	63
181	76	103	76	76	12	63
38	109	106	82	22	133	97
121	121	40	121	88	88	88
96	44	60	96	99	44	99
121	91	12	155	91	61	155
143	27	66	46	27	27	135
84	29	174	169	110	141	174
142	36	36	142	142	36	14
83	21	35	69	62	35	174
87	172	87	42	111	111	172
10	10	51	51	51	10	101
173	65	71	109	63	109	100
97	151	106	106	73	82	106
177	138	33	15	15	35	17
96	98	30	98	30	98	30
19	142	169	120	91	120	43
81	100	120	123	30	84	59
153	178	172	88	88	67	74
6	6	97	36	97	104	97
30	73	34	34	24	22	156
117	123	25	123	25	139	139
151	113	144	113	166	151	144
127	108	127	27	141	127	27
11	159	58	127	58	58	127
189	87	92	51	154	74	51
126	158	171	126	158	164	164
158	131	131	158	158	131	134
88	104	27	27	65	104	65
76	159	159	76	40	39	40
17	20	77	167	167	17	20
68	94	116	68	166	68	62
135	41	135	22	22	22	135
168	101	16	101	123	96	28
121	83	121	115	83	121	83
143	130	186	133	33	99	140
47	26	47	47	26	26	44
114	108	106	89	106	158	11
62	10	47	104	104	62	104
116	89	104	101	116	30	17
147	147	147	5	5	127	10
65	115	116	182	116	111	126
102	19	77	102	104	102	21
92	92	102	102	92	166	102
168	107	169	168	169	33	33
126	44	162	85	88	126	183
145	139	53	145	145	139	155
161	110	77	77	110	110	77
182	48	59	12	157	37	37
45	67	40	32	130	75	97
37	37	159	166	85	47	37
24	24	177	24	22	177	177
107	50	143	143	153	143	158
45	18	109	129	129	125	30
113	112	41	147	147	111	62
115	51	51	176	198	51	151
140	71	125	15	175	140	92
71	149	145	68	169	80	44
131	131	18	18	71	131	18
87	98	66	98	87	98	87
25	171	127	139	27	27	107
99	99	67	158	25	38	99
60	14	98	98	74	98	74
39	84	17	178	17	84	39
39	79	10	63	183	142	63
66	59	66	47	47	66	47
125	186	107	132	147	107	107
48	99	97	150	178	92	82
109	181	154	159	32	154	71
85	179	141	79	76	141	141
185	127	138	138	175	130	187
157	162	109	58	28	58	58
63	47	47	55	55	55	47
110	79	79	41	110	110	79
138	127	157	151	127	178	112
167	167	182	126	182	167	182
64	10	64	125	63	64	121
66	33	89	23	89	66	33
42	141	60	11	91	176	181
181	118	181	84	84	181	84
168	128	117	87	168	184	90
115	74	152	115	74	115	74
28	80	173	134	80	180	81
144	82	82	64	82	183	131
24	77	91	16	91	101	91
114	114	170	124	184	170	170
90	171	139	29	67	173	88
28	28	84	21	84	28	84
133	117	133	55	55	55	133
120	133	165	165	120	144	144
135	114	95	129	134	40	77
10	10	10	56	114	85	114
151	67	67	151	67	10	151
102	181	78	191	78	118	78
65	183	108	88	42	88	88
177	140	170	180	180	138	97
107	187	107	45	47	129	107
23	129	27	23	141	129	27
23	153	119	156	153	119	153
105	178	29	29	157	178	105
96	105	105	104	104	105	104
13	163	85	76	110	76	142
34	163	112	163	34	30	30
50	199	200	18	18	18	15
35	61	80	61	80	61	80
148	189	189	185	185	185	189
84	84	182	138	84	182	182
63	11	110	191	150	63	63
45	106	106	35	136	35	136
40	53	46	40	84	53	84
141	76	130	20	144	106	130
69	126	126	95	126	69	69
156	139	111	167	111	156	167
62	122	113	188	59	122	127
153	153	151	151	66	153	151
163	26	26	26	194	23	86
72	72	101	147	126	183	72
138	171	45	101	18	101	48
133	69	133	133	167	167	167
127	14	65	64	102	131	144
174	162	96	65	14	51	144
145	145	145	10	106	146	124
96	99	96	96	18	18	18
185	23	104	150	112	104	150
47	47	135	114	176	122	183
44	195	42	42	42	193	115
84	44	84	132	84	90	132
142	67	142	44	67	44	175
190	175	190	190	175	133	175
105	72	98	98	72	98	72
119	103	103	98	119	103	119
34	163	57	56	43	181	163
182	158	182	128	98	133	60
47	125	164	136	176	47	47
126	121	48	55	55	140	142
98	100	130	120	120	130	98
34	185	191	105	162	105	105
113	130	130	107	130	113	91
82	82	126	144	180	31	153
46	95	52	119	46	119	52
180	169	25	174	180	169	25
34	34	121	34	25	15	15
69	90	34	42	42	141	42
78	65	101	109	77	109	117
112	48	50	112	50	50	112
189	189	18	67	67	189	67
79	154	163	33	141	131	65
117	177	122	25	143	87	122
136	105	105	145	136	105	136
174	115	115	161	98	51	127
82	143	46	72	156	72	68
109	133	37	33	55	133	179
105	170	130	130	105	130	105
180	54	180	54	19	54	180
179	78	112	133	133	68	190
90	71	179	179	179	71	71
109	109	121	136	121	136	136
155	158	155	33	114	86	54
72	56	124	25	94	148	25
25	75	14	64	25	25	75
44	80	80	44	80	153	44
115	150	187	37	145	115	115
72	160	160	71	30	72	72
150	181	120	165	136	124	154
37	108	118	175	45	175	36
190	133	190	190	37	133	133
80	79	128	79	128	128	79
100	112	112	148	100	148	126
97	97	97	39	121	39	39
31	31	118	96	31	118	118
15	154	164	15	10	104	131
147	147	14	14	130	30	14
158	20	63	158	158	63	63
83	78	19	19	58	38	75
95	176	121	159	113	153	124
104	82	100	104	104	100	100
156	174	113	100	52	156	156
11	89	169	169	169	89	89
110	110	110	98	115	98	98
108	108	108	108	138	138	138
177	140	177	16	169	179	139
101	48	67	120	67	120	48
74	74	14	74	198	47	127
74	155	155	164	155	164	164
42	187	144	187	74	146	187
170	170	54	170	52	52	52
184	114	133	117	45	137	24
28	177	136	64	136	103	159
12	85	88	108	168	63	82
82	102	58	82	82	102	102
154	65	200	154	154	115	89
45	151	143	151	143	143	151
92	53	106	87	17	88	106
136	172	122	172	65	172	117
105	114	184	185	184	122	49
113	166	141	65	169	26	59
155	30	185	72	160	47	134
185	162	94	95	29	170	170
116	145	25	25	25	145	168
112	110	112	152	99	99	128
28	81	163	20	169	81	151
121	63	29	135	16	13	109
41	58	20	20	58	68	20
133	187	177	119	119	153	119
118	101	24	15	28	85	135
27	154	159	154	27	27	143
28	118	176	12	121	69	30
137	132	111	119	47	149	81
47	15	138	149	149	160	150
122	36	122	106	130	36	106
51	23	141	116	34	133	137
176	44	176	178	187	113	55
146	34	189	46	73	10	56
134	41	70	48	123	189	38
81	31	56	117	31	15	85
58	158	18	25	76	18	13
56	110	56	144	144	144	56
46	66	117	117	46	46	117
120	78	105	185	70	105	169
22	93	143	22	83	22	126
20	133	20	40	94	99	64
85	171	171	171	186	85	85
144	89	69	144	157	189	101
139	139	109	61	58	139	83
136	154	167	23	189	154	154
104	104	12	12	12	104	81
33	192	59	187	187	39	187
100	106	112	106	171	112	100
172	92	135	135	96	116	110
131	103	89	109	14	159	23
171	60	134	162	162	179	32
116	19	26	185	79	189	79
15	170	31	15	37	37	170
71	149	149	172	156	54	117
35	148	35	35	148	148	122
137	174	174	139	139	25	137
42	35	35	182	40	159	54
136	47	47	136	107	168	136
81	29	29	106	39	39	39
38	145	38	168	168	64	38
122	122	153	153	178	153	122
187	185	187	63	63	187	63
122	126	126	142	122	126	122
45	152	152	134	152	178	170
104	178	83	68	96	168	178
85	157	64	157	47	114	157
164	37	37	37	164	160	164
179	72	177	76	157	61	177
65	144	144	144	65	65	46
33	80	40	113	40	40	53
70	145	162	145	59	145	193
129	41	41	129	129	41	124
53	84	154	101	132	176	187
23	152	45	152	45	23	133
113	157	181	65	147	88	113
145	190	105	106	43	165	106
108	103	145	103	57	18	103
120	106	125	106	106	120	120
32	11	99	160	110	25	106
96	73	73	96	69	73	96
52	58	117	58	58	195	159
41	113	113	139	125	125	139
35	189	189	105	176	189	51
170	196	107	107	107	30	13
171	116	63	116	171	31	31
90	160	160	140	90	90	160
130	24	130	86	64	86	24
150	47	150	14	47	150	47
64	68	71	71	71	53	163
12	77	11	161	182	18	127
65	65	30	55	55	65	55
112	151	105	51	117	112	109
143	143	38	170	143	38	38
93	66	172	172	168	66	168
137	67	73	37	67	172	67
62	164	45	141	62	45	62
73	134	96	134	73	60	96
12	63	12	59	63	12	63
21	42	90	42	107	90	107
136	81	35	186	189	189	189
188	133	197	99	175	188	188
169	85	26	92	113	46	26
182	112	24	102	102	86	102
77	43	35	44	32	23	43
56	132	132	159	70	56	132
130	33	167	109	136	109	109
59	67	67	59	67	59	70
105	180	105	12	192	105	30
17	73	62	53	76	134	184
23	108	174	77	23	108	77
92	107	99	151	116	107	107
89	96	124	124	96	62	62
43	53	163	163	25	43	53
136	23	39	113	94	167	167
42	40	78	139	141	40	57
125	129	171	136	157	62	10
95	80	74	84	84	80	74
180	137	135	132	132	154	67
200	192	150	168	150	141	150
22	116	105	50	34	102	102
106	116	143	155	44	56	152
97	97	68	41	20	68	68
158	178	61	118	185	44	23
41	43	77	61	178	106	115
167	81	40	167	167	82	40
196	32	194	196	163	196	115
32	153	153	46	46	46	153
97	97	107	127	107	97	107
131	35	54	131	67	54	67
53	31	30	141	47	14	92
51	51	133	133	51	133	157
76	76	150	76	150	70	150
96	179	53	137	179	179	56
173	173	93	116	71	116	93
30	30	113	165	21	12	50
29	120	29	50	120	67	67
85	75	30	124	82	157	124
75	75	119	22	119	119	75
95	157	40	157	40	40	157
130	74	20	20	164	119	12
49	102	198	35	131	35	35
22	18	59	59	59	22	22
51	51	117	39	115	114	51
25	74	128	48	184	25	24
99	142	142	95	151	134	41
121	74	118	179	121	118	179
75	60	132	162	105	171	162
89	187	140	19	89	114	90
11	178	78	78	78	27	131
118	114	104	114	118	114	118
52	45	104	65	45	52	65
177	14	11	21	31	10	189
127	172	79	75	172	172	21
123	123	123	74	74	74	156
154	20	20	188	20	97	86
171	32	124	32	32	124	124
141	36	91	146	141	161	138
66	144	44	66	138	157	169
103	125	37	110	103	37	125
48	39	156	48	156	156	127
30	46	46	46	29	29	29
28	28	171	147	84	84	147
105	105	147	105	147	147	38
41	49	46	52	52	52	61
16	140	92	80	125	113	136
27	113	152	43	152	152	185
94	173	170	173	170	173	170
137	20	172	172	48	66	160
32	45	76	76	76	125	47
76	75	104	75	161	76	76
35	170	170	97	59	35	59
130	194	119	111	29	130	130
162	131	141	131	136	20	67
80	92	167	60	108	108	47
162	46	132	100	71	95	162
96	178	96	42	77	81	96
41	41	138	87	41	132	141
76	76	76	143	141	141	141
74	74	74	87	123	87	87
36	163	43	36	23	134	179
160	188	146	143	53	50	101
188	132	108	108	132	132	108
15	15	77	77	77	23	15
178	73	178	65	136	65	136
175	41	149	41	68	41	54
88	191	85	191	153	113	191
65	163	190	147	53	64	152
44	137	129	160	15	160	160
123	123	69	12	128	123	69
33	157	15	123	35	162	123
85	93	46	67	97	89	64
100	162	70	34	135	16	135
130	174	103	174	22	103	130
173	163	163	152	19	117	67
176	20	131	176	86	176	19
185	185	99	50	56	185	91
49	156	122	49	122	156	96
80	118	174	114	167	90	167
178	178	76	178	76	64	76
40	123	47	70	159	189	40
21	121	61	169	21	61	121
58	58	92	55	55	58	55
91	50	170	158	165	127	158
198	198	127	166	198	147	27
190	63	37	79	190	190	160
68	85	118	118	118	68	68
180	184	93	159	188	40	40
131	68	176	176	114	176	89
181	132	71	71	71	45	80
103	152	152	152	28	7	28
182	182	54	54	182	189	54
69	59	39	69	145	171	69
166	123	112	166	123	166	33
114	94	57	67	19	114	184
84	52	142	52	142	52	142
130	130	28	130	107	28	28
46	46	63	158	105	149	173
51	55	51	55	102	102	177
162	79	174	109	56	182	46
42	42	113	132	132	132	42
97	155	188	155	155	66	138
125	31	31	174	115	145	129
101	103	114	103	103	173	15
127	54	46	104	46	46	130
107	197	39	43	43	41	43
135	114	58	134	92	74	109
131	109	179	139	53	126	53
81	161	143	82	24	81	26
187	166	150	61	49	81	137
37	108	37	21	21	37	21
149	149	149	21	102	21	21
73	40	79	119	189	189	189
118	27	146	173	46	158	156
35	121	180	180	121	121	180
52	119	42	119	42	42	119
112	98	120	112	112	193	183
67	146	130	51	67	51	51
129	101	148	148	129	129	148
112	112	112	62	121	111	23
78	113	68	118	42	42	152
68	68	161	65	18	125	117
178	178	178	178	164	164	80
190	190	75	75	190	75	155
160	160	160	138	17	59	59
60	164	102	61	75	150	154
17	143	183	183	67	189	66
92	154	93	114	110	95	150
34	55	130	102	130	130	138
181	175	116	175	135	175	140
137	67	137	70	70	137	70
12	118	118	12	12	14	118
92	58	58	92	44	44	88
154	180	180	154	180	154	92
14	105	89	30	15	30	143
140	124	150	176	179	100	179
159	159	113	113	159	126	113
72	86	130	106	40	86	137
126	19	126	44	19	19	126
141	151	151	93	151	93	93
79	89	32	17	147	150	141
112	179	52	64	121	64	36
160	189	96	108	59	172	34
107	143	93	127	143	161	155
132	101	127	190	85	97	184
145	145	174	127	145	127	127
177	103	79	118	188	17	103
177	116	145	41	116	33	116
90	90	139	189	38	198	90
25	47	19	170	149	156	86
133	49	49	49	39	39	39
123	26	47	123	26	26	123
56	152	34	34	111	34	55
44	15	67	44	178	15	67
144	144	45	45	130	144	45
149	75	52	74	149	149	180
111	38	66	68	111	115	11
34	40	79	40	79	34	20
167	195	174	167	102	135	167
83	131	83	41	83	41	41
116	116	116	64	22	64	64
14	79	150	66	32	150	114
95	171	50	80	14	171	141
82	96	130	131	82	131	130
76	181	153	121	32	24	152
69	87	69	28	97	91	151
71	133	27	42	77	185	120
66	80	50	66	40	66	80
78	118	183	185	130	78	118
25	23	119	111	38	45	64
76	30	155	92	99	86	139
131	81	179	169	81	195	81
94	110	144	172	144	172	94
141	110	168	168	89	141	110
119	91	31	19	48	119	73
120	77	64	180	24	84	47
73	73	146	113	59	133	99
146	134	165	76	90	129	92
110	106	12	98	108	98	40
33	154	45	45	45	33	33
15	159	187	136	187	182	187
36	96	116	176	116	96	36
77	110	77	173	77	173	173
109	110	113	113	110	113	110
125	157	157	125	125	33	135
42	125	172	55	143	178	116
139	79	46	141	184	21	117
32	139	181	171	44	161	161
190	185	193	146	189	146	146
118	118	23	118	129	35	30
91	100	91	196	45	100	100
75	26	172	113	184	81	162
89	101	58	170	78	167	78
67	176	30	82	134	67	67
130	20	130	133	133	115	20
39	160	107	60	20	91	91
26	26	81	81	81	121	26
135	66	172	114	79	135	106
123	93	93	184	184	93	184
87	87	59	59	59	87	145
29	29	109	109	109	82	29
173	169	169	119	119	173	116
114	165	77	165	22	21	35
53	185	134	45	185	185	45
119	39	112	83	119	119	160
41	130	130	62	41	130	41
12	127	115	147	66	49	29
146	154	51	28	51	146	154
56	109	12	67	108	45	107
79	79	131	43	79	131	131
26	127	161	161	65	161	67
22	185	28	22	46	22	169
18	18	150	150	18	139	150
22	19	19	57	19	128	20
101	101	123	167	167	123	86
44	44	126	126	126	184	44
82	19	38	54	22	54	153
130	79	121	23	28	137	176
49	49	108	146	49	108	108
119	85	119	119	195	115	57
112	114	114	114	112	31	112
65	132	144	24	65	24	144
155	34	155	155	34	184	34
58	24	24	58	24	58	164
77	150	77	150	150	42	77
163	101	26	49	43	11	77
81	61	106	140	123	106	74
150	123	131	47	169	20	82
136	136	56	90	87	131	27
150	18	18	118	150	117	117
18	142	142	68	83	18	68
93	41	41	156	76	41	163
86	86	81	22	115	53	123
53	53	53	46	17	96	96
81	35	153	136	76	180	125
8	8	59	20	20	20	40
178	159	62	187	172	180	124
197	151	66	197	197	81	177
67	67	65	46	143	46	65
82	186	62	138	59	45	62
52	29	125	167	29	125	52
53	107	142	113	47	123	47
28	134	61	155	61	134	155
69	83	165	32	181	44	165
44	78	108	185	170	78	111
172	95	58	180	28	150	98
142	50	50	120	45	33	36
179	144	34	68	39	190	101
182	130	182	177	185	156	100
102	71	176	86	40	142	176
187	15	36	103	125	125	125
120	135	148	135	88	159	64
28	91	131	91	91	28	28
171	45	27	88	88	148	88
75	65	65	75	65	24	20
47	120	20	51	171	180	120
64	61	88	12	61	177	46
22	117	14	31	119	77	117
98	61	61	113	98	61	98
175	16	32	16	32	32	16
45	184	130	26	26	109	26
135	15	135	135	127	135	127
78	78	32	87	32	32	78
73	86	117	44	46	183	86
157	138	17	129	58	70	157
73	54	49	54	73	119	119
26	26	123	26	125	125	125
114	19	36	36	19	19	36
187	16	104	83	89	83	35
48	48	109	189	48	166	139
40	184	129	184	45	34	131
96	100	88	28	23	104	44
127	140	155	111	155	155	128
132	44	142	171	73	133	19
158	168	123	158	47	150	59
74	42	165	37	67	76	174
46	80	178	71	80	40	80
172	122	156	35	150	122	110
148	55	108	55	99	30	55
121	103	121	121	78	103	133
17	135	190	127	135	121	130
21	21	21	69	150	19	57
23	23	124	37	102	109	107
190	194	43	123	125	123	123
152	193	52	82	193	193	31
138	42	45	45	35	45	106
188	109	188	188	109	101	109
120	87	130	151	93	42	93
172	182	165	176	146	91	176
176	150	29	101	101	116	70
125	93	147	114	63	171	63
26	40	27	142	27	26	142
63	141	63	14	14	63	14
109	53	139	179	164	151	156
130	155	67	103	97	145	103
155	155	199	21	119	139	155
17	19	19	46	63	19	143
155	104	79	104	62	155	62
162	53	54	107	19	121	172
174	174	89	94	89	174	89
35	98	66	35	74	35	66
189	160	146	63	189	196	189
46	157	46	46	157	81	157
127	89	187	103	98	19	98
17	25	21	113	113	63	40